InvoiceNo,Date,StoreID,ProductID,Category,Quantity,UnitPrice,Discount,CostPerUnit,CustomerType,PaymentMode
INV101143,5/7/2024 0:39,S006,C0036,Clothing,4,113.02,14.57,66.8,New,Cash
INV104639,5/7/2024 1:01,S001,C0096,Clothing,1,61.81,9.33,38.5,Returning,Card
INV100850,5/7/2024 1:16,S018,A0057,Accessories,6,29.83,19.17,20.9,New,Cash
INV109657,5/7/2024 2:50,S004,A0060,Accessories,6,26.54,8.94,15.73,New,Cash
INV105053,5/7/2024 6:08,S013,C0086,Clothing,2,44.89,10.75,31.79,New,Card
INV109304,5/7/2024 15:23,S004,A0028,Accessories,5,61.57,8.36,35.01,New,Cash
INV101755,5/7/2024 16:54,S014,A0020,Accessories,4,67.12,19.87,36.68,New,Cash
INV106905,5/7/2024 17:18,S017,A0049,Accessories,1,16.3,8.06,12.08,Returning,Digital
INV103751,5/7/2024 20:29,S005,SH0004,Shoes,2,102.74,7.53,84.13,Returning,Cash
INV103287,5/7/2024 21:26,S012,SH0021,Shoes,6,89.64,1.07,74.69,Returning,Digital
INV101552,5/8/2024 4:26,S010,A0026,Accessories,4,31.43,9.93,18.56,Returning,Digital
INV101497,5/8/2024 14:07,S007,A0054,Accessories,5,21.35,0.12,13.87,Returning,Digital
INV101468,5/8/2024 19:11,S006,A0057,Accessories,6,66.51,1.72,49.44,Returning,Cash
INV101148,5/8/2024 20:02,S002,SH0028,Shoes,2,129.43,14.31,98.48,Returning,Card
INV108327,5/8/2024 20:22,S010,A0050,Accessories,3,15.96,4.56,7.61,Returning,Digital
INV101947,5/9/2024 4:55,S009,SH0013,Shoes,1,79.1,7.45,62.69,New,Digital
INV106138,5/9/2024 5:28,S020,C0088,Clothing,3,33.28,5.54,20.78,Returning,Card
INV102194,5/9/2024 6:20,S006,A0019,Accessories,6,17.22,17.48,12.49,New,Digital
INV104898,5/9/2024 6:58,S006,C0001,Clothing,5,91.74,9.34,73.38,New,Card
INV106224,5/9/2024 11:17,S012,C0010,Clothing,4,107.77,18.26,75.06,Returning,Card
INV101331,5/9/2024 12:34,S006,C0085,Clothing,6,104.07,6.99,57.67,New,Card
INV101880,5/9/2024 13:53,S012,C0006,Clothing,5,44.51,13.25,27.66,Returning,Card
INV106004,5/9/2024 19:40,S016,SH0016,Shoes,4,137.64,1.06,101.52,Returning,Digital
INV103692,5/9/2024 21:12,S013,SH0039,Shoes,6,157.38,0.89,94.42,Returning,Cash
INV104822,5/10/2024 0:16,S014,C0033,Clothing,2,86.77,13.06,64.54,Returning,Digital
INV109639,5/10/2024 1:06,S008,A0045,Accessories,2,55.65,12.58,40.69,New,Digital
INV100948,5/10/2024 9:17,S015,A0008,Accessories,6,33.9,1.72,20.3,New,Cash
INV104347,5/10/2024 18:39,S017,SH0037,Shoes,6,137.73,13.04,114.08,Returning,Card
INV101296,5/10/2024 19:43,S020,A0024,Accessories,1,52.68,1.53,27.45,New,Cash
INV107280,5/10/2024 20:01,S015,A0039,Accessories,4,17.99,8.96,10.81,Returning,Digital
INV108891,5/10/2024 22:14,S010,SH0023,Shoes,5,182.14,8.56,152.39,Returning,Card
INV102481,5/10/2024 22:21,S019,A0012,Accessories,1,58.68,19.76,30.31,New,Card
INV106758,5/11/2024 0:36,S019,A0025,Accessories,1,25.58,11.07,18.4,Returning,Card
INV101831,5/11/2024 2:30,S004,A0016,Accessories,5,53.96,8.17,21.64,Returning,Digital
INV105178,5/11/2024 2:43,S019,A0046,Accessories,4,39.24,13.74,24.75,New,Digital
INV107482,5/11/2024 7:20,S009,SH0006,Shoes,6,82.1,12.96,66.56,New,Cash
INV101657,5/11/2024 10:58,S014,A0012,Accessories,3,46.49,5.13,24.74,New,Cash
INV106725,5/11/2024 12:30,S005,A0030,Accessories,5,58.82,12.2,40.63,New,Digital
INV107069,5/11/2024 16:22,S009,SH0025,Shoes,5,68.08,12.78,41.1,New,Card
INV100583,5/11/2024 16:49,S011,C0054,Clothing,4,112.04,13.54,64.29,New,Card
INV103812,5/11/2024 16:59,S017,A0003,Accessories,4,16.2,17.47,8.62,Returning,Digital
INV105776,5/11/2024 20:08,S008,SH0027,Shoes,3,144.46,14.73,80.53,New,Card
INV106560,5/11/2024 23:28,S012,C0001,Clothing,1,48.12,14.38,29.97,New,Cash
INV108961,5/12/2024 0:59,S009,A0033,Accessories,1,41.51,12.02,22.34,New,Digital
INV108279,5/12/2024 1:43,S011,A0029,Accessories,4,49.26,4.09,36.22,Returning,Digital
INV108593,5/12/2024 2:34,S018,C0078,Clothing,4,89.6,17.82,48.68,New,Digital
INV107646,5/12/2024 23:25,S017,A0023,Accessories,4,30.92,15.56,12.69,New,Cash
INV106328,5/13/2024 0:19,S006,A0050,Accessories,1,55.44,10.53,39,New,Card
INV105692,5/13/2024 8:07,S001,C0048,Clothing,5,119.62,12.22,71.91,New,Digital
INV100042,5/13/2024 11:19,S018,A0055,Accessories,5,72.41,14.95,50.14,New,Card
INV102361,5/13/2024 12:05,S004,A0030,Accessories,5,75.15,11.36,50.79,New,Digital
INV107005,5/14/2024 4:58,S019,C0096,Clothing,1,53.54,8.82,38.59,New,Cash
INV101239,5/14/2024 10:55,S019,C0018,Clothing,5,104.3,15.32,70.76,New,Card
INV100705,5/14/2024 12:38,S012,A0060,Accessories,5,44.01,8.59,29.26,Returning,Card
INV103879,5/14/2024 19:48,S013,SH0018,Shoes,4,65.89,10.87,48.91,New,Card
INV108883,5/14/2024 20:20,S005,SH0005,Shoes,4,67.73,9.39,55.5,Returning,Digital
INV108218,5/14/2024 22:49,S016,A0038,Accessories,4,78.85,4.31,55.88,New,Digital
INV106151,5/15/2024 0:25,S019,A0003,Accessories,1,51.44,3.5,34.97,New,Card
INV104189,5/15/2024 0:37,S009,SH0033,Shoes,6,108.6,11.37,89.03,Returning,Digital
INV102229,5/15/2024 1:36,S007,A0048,Accessories,1,45.3,7.92,21.03,New,Cash
INV101215,5/15/2024 4:34,S002,A0058,Accessories,6,16.46,12.96,12.17,New,Card
INV101747,5/15/2024 6:37,S019,C0024,Clothing,4,22.96,19.9,12.72,New,Cash
INV102760,5/15/2024 7:36,S002,A0044,Accessories,3,60.49,16.73,42.06,Returning,Card
INV107026,5/15/2024 8:10,S017,C0067,Clothing,4,103.11,2.11,66.95,New,Card
INV105460,5/15/2024 8:55,S003,SH0037,Shoes,6,162.92,19.84,121.98,New,Cash
INV100243,5/15/2024 11:12,S016,SH0020,Shoes,3,158.33,11.83,98.6,New,Digital
INV102146,5/15/2024 15:38,S010,SH0022,Shoes,6,164.03,11.74,120.81,Returning,Digital
INV100650,5/15/2024 16:37,S014,SH0010,Shoes,5,49.17,17.17,34.52,Returning,Cash
INV109725,5/15/2024 19:18,S009,SH0019,Shoes,5,146.89,10.14,84.11,New,Card
INV106052,5/15/2024 20:50,S019,C0025,Clothing,3,34.35,6.45,20.87,Returning,Cash
INV106298,5/15/2024 22:10,S019,SH0028,Shoes,5,163.2,15.9,117.13,Returning,Cash
INV105706,5/16/2024 0:33,S016,C0008,Clothing,2,55.65,5.29,30.18,Returning,Digital
INV105484,5/16/2024 2:42,S010,SH0022,Shoes,4,128.21,10.53,86.39,New,Card
INV109220,5/16/2024 5:33,S010,A0016,Accessories,6,15.21,2.61,9.73,Returning,Digital
INV105662,5/16/2024 8:10,S016,A0033,Accessories,1,78.72,4.02,32.83,New,Card
INV107282,5/16/2024 11:26,S005,SH0020,Shoes,6,142.62,3.2,107.72,Returning,Card
INV107149,5/16/2024 19:03,S002,SH0008,Shoes,4,104.67,6.83,86.46,Returning,Card
INV107671,5/17/2024 4:37,S009,C0068,Clothing,1,95.24,17.08,49.92,New,Card
INV100942,5/17/2024 6:28,S009,SH0013,Shoes,1,40.9,18.22,26.3,New,Digital
INV107312,5/17/2024 8:56,S003,A0041,Accessories,2,30.55,15.15,21.24,New,Cash
INV108216,5/17/2024 12:38,S018,SH0016,Shoes,6,119.41,3.38,90.43,New,Card
INV104530,5/17/2024 13:50,S015,A0041,Accessories,5,70.25,19.25,33.45,New,Cash
INV107195,5/17/2024 14:19,S015,SH0033,Shoes,4,48.82,8.45,35.81,Returning,Cash
INV108273,5/17/2024 17:50,S019,C0078,Clothing,2,95.95,11.57,55.38,New,Card
INV100801,5/17/2024 17:50,S011,SH0013,Shoes,5,52.45,2.89,39.36,New,Cash
INV108997,5/17/2024 18:27,S011,A0060,Accessories,4,47.02,19.44,22.96,New,Card
INV101161,5/17/2024 21:08,S009,SH0002,Shoes,5,189.69,3.62,129.62,Returning,Digital
INV100345,5/17/2024 21:15,S019,SH0011,Shoes,2,161.15,3.58,95.42,New,Digital
INV100610,5/17/2024 22:51,S013,C0011,Clothing,2,53.83,8.68,33.4,New,Digital
INV109939,5/18/2024 1:18,S010,A0023,Accessories,5,73.6,11.71,45.46,Returning,Cash
INV102600,5/18/2024 3:56,S004,C0009,Clothing,3,38.44,17.12,22.61,New,Card
INV106307,5/18/2024 5:17,S012,SH0014,Shoes,6,188.11,16.24,105.23,Returning,Cash
INV105349,5/18/2024 8:56,S004,SH0002,Shoes,1,67.74,8.21,42.71,Returning,Card
INV105376,5/18/2024 9:10,S016,SH0024,Shoes,6,194.98,14.2,162.2,New,Cash
INV107741,5/18/2024 20:06,S003,C0067,Clothing,1,56.4,10.27,39.17,Returning,Card
INV100188,5/19/2024 0:33,S006,A0035,Accessories,6,78.42,13.48,31.84,New,Cash
INV101441,5/19/2024 1:54,S017,SH0007,Shoes,4,122.35,8.81,93.54,Returning,Digital
INV102859,5/19/2024 5:50,S018,A0008,Accessories,1,76.28,8.87,55.41,Returning,Card
INV106471,5/19/2024 8:22,S016,A0019,Accessories,2,29.2,16.41,19.99,New,Digital
INV101948,5/19/2024 12:02,S011,C0025,Clothing,4,25.42,17.49,20.02,New,Digital
INV100768,5/19/2024 19:06,S005,A0002,Accessories,6,17.7,18.69,7.16,New,Cash
INV104317,5/19/2024 20:52,S006,SH0017,Shoes,6,115.89,11.1,98.21,New,Cash
INV100373,5/19/2024 21:13,S009,SH0007,Shoes,3,92.07,3.74,67.56,New,Card
INV103709,5/20/2024 0:06,S009,SH0036,Shoes,4,57.8,17.14,45.32,New,Card
INV105046,5/20/2024 0:18,S017,SH0013,Shoes,1,90.46,6.69,66.6,New,Digital
INV108782,5/20/2024 3:04,S010,C0065,Clothing,1,56.61,11.44,43.82,Returning,Digital
INV107499,5/20/2024 7:07,S019,A0051,Accessories,5,24.12,0.69,13.82,New,Cash
INV107772,5/20/2024 12:16,S016,C0087,Clothing,5,22.45,7.48,15.48,Returning,Cash
INV106663,5/21/2024 4:14,S011,C0059,Clothing,5,96.82,1.98,49.71,New,Card
INV105710,5/21/2024 5:29,S012,C0008,Clothing,2,81.42,6.62,61.39,New,Cash
INV108662,5/21/2024 19:26,S010,C0005,Clothing,1,112.44,1.7,82.17,Returning,Digital
INV101232,5/21/2024 21:27,S009,A0042,Accessories,1,27.19,2.6,15.44,New,Digital
INV104924,5/21/2024 23:30,S015,SH0030,Shoes,6,138.66,9.21,87.98,New,Digital
INV107184,5/22/2024 2:23,S004,SH0037,Shoes,1,129.04,19.34,83.6,Returning,Digital
INV103452,5/22/2024 5:32,S016,SH0037,Shoes,5,180.35,10.75,109.59,Returning,Card
INV104296,5/22/2024 6:03,S003,SH0015,Shoes,4,85.7,14.73,66.38,New,Cash
INV105938,5/22/2024 8:20,S005,SH0004,Shoes,4,109.56,10.52,70.15,New,Card
INV103259,5/22/2024 10:15,S011,C0027,Clothing,2,75.46,3.99,49.82,New,Digital
INV103549,5/22/2024 17:03,S012,C0081,Clothing,4,81.72,14.38,41.31,Returning,Card
INV103558,5/22/2024 18:37,S011,C0066,Clothing,5,63.19,6.89,31.75,New,Card
INV100073,5/22/2024 23:09,S013,SH0010,Shoes,3,51.97,6.77,40.77,New,Card
INV108551,5/22/2024 23:14,S006,C0094,Clothing,3,48.74,6.67,26.62,Returning,Cash
INV101853,5/23/2024 4:23,S011,SH0029,Shoes,5,40.95,8.03,33.66,New,Card
INV100175,5/23/2024 7:13,S008,C0077,Clothing,6,23.36,17.44,15.87,New,Card
INV106015,5/23/2024 17:31,S016,SH0019,Shoes,4,56.02,19.92,39.42,New,Digital
INV108244,5/23/2024 19:34,S016,SH0040,Shoes,1,72.9,18.27,48.94,Returning,Card
INV105728,5/23/2024 19:45,S005,SH0026,Shoes,5,79.11,3.7,50.41,Returning,Card
INV104680,5/23/2024 20:04,S011,SH0032,Shoes,3,125.53,0.4,101.08,Returning,Card
INV105741,5/23/2024 23:48,S007,SH0014,Shoes,5,57.38,10.1,47.42,Returning,Digital
INV108942,5/23/2024 23:57,S006,SH0021,Shoes,1,64.71,1.92,39.33,New,Cash
INV105189,5/24/2024 1:24,S008,A0001,Accessories,2,53.13,11.45,28.86,Returning,Card
INV104648,5/24/2024 2:09,S019,SH0039,Shoes,1,147.33,5.25,106.08,Returning,Cash
INV105260,5/24/2024 16:33,S011,C0048,Clothing,3,87.24,17.99,44.42,Returning,Card
INV104037,5/24/2024 17:39,S003,C0033,Clothing,5,43.82,5.87,22.99,New,Digital
INV101282,5/24/2024 19:49,S013,SH0012,Shoes,1,60.12,18.56,34.16,Returning,Digital
INV104421,5/25/2024 1:01,S004,C0012,Clothing,6,42.77,12.76,22.14,Returning,Digital
INV104329,5/25/2024 3:33,S012,SH0002,Shoes,5,150.81,3.84,111.27,Returning,Card
INV104360,5/25/2024 6:04,S019,SH0029,Shoes,2,176.41,9.95,149.84,Returning,Cash
INV108309,5/25/2024 7:15,S012,C0082,Clothing,4,118.03,14.39,75.16,New,Cash
INV101842,5/25/2024 7:38,S007,SH0035,Shoes,5,63.94,0.48,36.73,Returning,Card
INV102353,5/25/2024 15:44,S009,A0007,Accessories,6,40.64,8.26,24.34,Returning,Card
INV103403,5/25/2024 19:28,S016,A0053,Accessories,6,24.3,17.24,17.87,New,Digital
INV104018,5/26/2024 0:10,S009,C0046,Clothing,1,101.43,18.46,70.74,Returning,Digital
INV100625,5/26/2024 3:42,S019,SH0012,Shoes,2,193.98,4.91,122.69,Returning,Cash
INV101734,5/26/2024 4:18,S014,A0028,Accessories,3,63.09,15.43,43.84,Returning,Card
INV108869,5/26/2024 5:01,S019,SH0027,Shoes,5,117.14,1.92,68.43,New,Card
INV101749,5/26/2024 6:51,S001,A0060,Accessories,1,23.58,17.76,16.75,New,Card
INV106387,5/26/2024 9:07,S008,SH0024,Shoes,2,128.94,0.84,96.94,Returning,Cash
INV104544,5/26/2024 11:23,S018,C0021,Clothing,6,30.08,14.74,22.35,Returning,Card
INV101622,5/26/2024 20:07,S007,A0011,Accessories,1,39.01,0.62,24.38,Returning,Card
INV104071,5/27/2024 0:46,S007,SH0040,Shoes,5,193.81,12.81,128,Returning,Cash
INV107029,5/27/2024 1:46,S003,C0052,Clothing,5,49.08,14.38,30.17,Returning,Digital
INV105166,5/27/2024 4:25,S005,C0087,Clothing,5,24.86,16.89,14.9,Returning,Cash
INV109328,5/27/2024 5:05,S020,A0007,Accessories,3,19.55,17.45,11.42,New,Cash
INV106082,5/27/2024 5:20,S018,A0032,Accessories,2,62.35,9.47,39.43,New,Card
INV100726,5/27/2024 12:35,S004,SH0034,Shoes,5,118.17,10.78,83.39,New,Digital
INV101069,5/27/2024 19:03,S011,C0088,Clothing,5,57.31,0.25,31.55,Returning,Card
INV106337,5/27/2024 23:01,S011,SH0039,Shoes,4,46.18,6.4,32.44,Returning,Card
INV101650,5/27/2024 23:47,S018,C0074,Clothing,1,44.11,4.97,29.79,New,Digital
INV104164,5/27/2024 23:59,S002,SH0037,Shoes,2,107.49,5.48,61.7,Returning,Digital
INV109284,5/28/2024 6:42,S017,C0071,Clothing,2,107.09,0.23,83.13,Returning,Cash
INV102559,5/28/2024 14:02,S014,C0063,Clothing,6,72.02,10.24,37.32,Returning,Digital
INV107240,5/28/2024 15:50,S018,C0023,Clothing,2,81.7,7.08,56.97,Returning,Cash
INV104773,5/28/2024 16:09,S013,C0071,Clothing,5,34.55,1.95,23.86,New,Cash
INV107508,5/28/2024 17:28,S006,C0079,Clothing,3,78.95,5.37,57.06,Returning,Card
INV102541,5/28/2024 18:12,S012,C0100,Clothing,4,91.61,13.66,61.57,New,Digital
INV107139,5/28/2024 19:50,S012,C0057,Clothing,5,53.67,6.76,32.67,New,Cash
INV100421,5/29/2024 1:15,S012,SH0020,Shoes,2,93.37,0.37,62.37,Returning,Digital
INV106055,5/29/2024 3:47,S007,C0091,Clothing,2,43.26,2.72,32.15,New,Cash
INV107405,5/29/2024 4:19,S006,C0072,Clothing,1,101.53,12.25,79.4,Returning,Digital
INV108521,5/29/2024 4:46,S013,SH0035,Shoes,5,133.89,9.64,92.28,Returning,Card
INV108088,5/29/2024 9:02,S015,A0047,Accessories,5,30.31,2.27,13.24,Returning,Digital
INV102996,5/29/2024 12:50,S017,C0034,Clothing,5,108.51,11.98,56.74,Returning,Cash
INV104749,5/29/2024 16:53,S006,SH0035,Shoes,2,171.5,7.73,111.38,New,Digital
INV107243,5/29/2024 17:25,S002,A0044,Accessories,5,71.95,9.84,42.53,Returning,Cash
INV109719,5/29/2024 20:58,S008,C0038,Clothing,2,35.12,1.85,26.7,Returning,Cash
INV103262,5/29/2024 21:24,S012,A0001,Accessories,2,45.01,14.31,31.33,New,Card
INV104602,5/30/2024 1:30,S017,SH0031,Shoes,1,126.47,19.84,106.46,New,Digital
INV104584,5/30/2024 2:07,S010,A0041,Accessories,4,33.11,9.19,21.28,Returning,Cash
INV100873,5/30/2024 7:52,S003,A0025,Accessories,2,59.23,19.36,25.1,New,Digital
INV107491,5/30/2024 8:31,S009,SH0019,Shoes,1,177.36,10.16,127.59,Returning,Digital
INV102214,5/30/2024 8:55,S009,SH0033,Shoes,3,195.53,8.71,141.82,New,Cash
INV109696,5/30/2024 10:47,S007,SH0018,Shoes,1,85.39,5.32,67.04,Returning,Digital
INV104495,5/30/2024 15:40,S006,SH0008,Shoes,2,114.28,19.3,77.38,Returning,Card
INV106578,5/30/2024 15:44,S019,C0020,Clothing,6,67.93,10.66,52.6,Returning,Cash
INV101856,5/30/2024 19:16,S020,C0089,Clothing,3,40,11.37,31.31,Returning,Cash
INV104484,5/30/2024 23:00,S014,C0073,Clothing,1,74.68,0.1,57.29,New,Digital
INV102586,5/30/2024 23:28,S018,SH0010,Shoes,4,106.14,15.47,68.06,New,Digital
INV102880,5/31/2024 0:29,S009,C0028,Clothing,6,106.12,0.13,57.47,Returning,Card
INV109243,5/31/2024 5:00,S019,SH0021,Shoes,1,159.19,5.21,103.79,Returning,Cash
INV106458,5/31/2024 20:21,S017,A0058,Accessories,5,24.58,0.22,11.01,Returning,Cash
INV106475,6/1/2024 0:32,S020,SH0029,Shoes,2,54.92,6.72,37.16,New,Card
INV107236,6/1/2024 5:16,S013,SH0008,Shoes,1,176.64,7.01,136.89,New,Card
INV109260,6/1/2024 6:00,S006,A0041,Accessories,3,15.69,1.74,7.82,Returning,Card
INV105384,6/1/2024 9:37,S016,C0042,Clothing,1,64.99,3.03,34.74,Returning,Cash
INV109091,6/1/2024 10:18,S017,A0029,Accessories,2,45.08,11.69,22.88,New,Digital
INV107931,6/1/2024 20:27,S020,C0013,Clothing,6,52.85,17.17,27.37,New,Card
INV100001,6/1/2024 23:17,S014,C0018,Clothing,5,93.65,1.74,65.84,New,Cash
INV109613,6/2/2024 3:17,S019,C0009,Clothing,6,50.07,11.74,30.46,New,Card
INV105230,6/2/2024 6:54,S013,C0085,Clothing,5,36.89,15.6,21.58,New,Cash
INV108003,6/2/2024 9:04,S009,A0045,Accessories,5,15.44,1.19,11.03,Returning,Cash
INV102923,6/2/2024 14:51,S015,SH0038,Shoes,1,169.6,18.42,103.36,New,Digital
INV107431,6/2/2024 17:12,S001,C0033,Clothing,3,63.43,3.96,47.51,Returning,Digital
INV103935,6/2/2024 18:51,S007,C0077,Clothing,3,73.43,0.39,52.66,New,Card
INV103825,6/2/2024 23:03,S011,SH0038,Shoes,5,64.81,15.8,43.66,Returning,Cash
INV105424,6/3/2024 7:45,S005,A0039,Accessories,5,38.83,0.21,20.83,Returning,Digital
INV105304,6/3/2024 10:44,S014,A0021,Accessories,1,34.63,18.42,16.07,New,Card
INV102442,6/3/2024 11:24,S009,A0027,Accessories,6,49.02,0.09,25.66,Returning,Card
INV101533,6/3/2024 19:41,S020,SH0032,Shoes,6,165.45,7.47,108.07,Returning,Digital
INV101915,6/3/2024 20:52,S004,C0052,Clothing,5,58.8,0.73,42.81,New,Card
INV105275,6/4/2024 11:37,S015,C0022,Clothing,5,39.73,0.41,28.09,New,Cash
INV106266,6/4/2024 14:17,S007,SH0012,Shoes,2,84.53,12.82,68.52,Returning,Card
INV108285,6/4/2024 18:48,S005,SH0026,Shoes,3,188.81,15.39,106.99,New,Digital
INV108710,6/4/2024 19:04,S005,A0060,Accessories,5,69.76,3.19,50.66,New,Cash
INV102121,6/4/2024 20:42,S003,SH0021,Shoes,1,56.67,10.58,34.85,New,Digital
INV105153,6/4/2024 22:46,S016,SH0012,Shoes,2,149.82,11.54,103.61,Returning,Card
INV105952,6/5/2024 2:36,S004,SH0034,Shoes,6,69.91,19.23,48.67,Returning,Digital
INV100958,6/5/2024 5:32,S019,A0057,Accessories,5,51.78,3.97,33.36,New,Cash
INV109567,6/5/2024 8:16,S010,C0083,Clothing,3,24.07,3.48,13.97,New,Card
INV102667,6/5/2024 15:14,S013,C0008,Clothing,1,116.76,7.03,89.05,New,Cash
INV102101,6/5/2024 16:16,S019,C0066,Clothing,4,117.57,3.2,81.89,New,Card
INV105263,6/5/2024 22:29,S018,SH0015,Shoes,6,199.96,14.54,123.74,Returning,Card
INV106483,6/6/2024 1:19,S001,SH0028,Shoes,1,189.97,10.5,159.43,New,Card
INV103108,6/6/2024 2:05,S009,SH0039,Shoes,4,118.21,19.57,90.54,Returning,Cash
INV103619,6/6/2024 3:12,S011,SH0040,Shoes,6,74.48,3.47,58.9,Returning,Card
INV100253,6/6/2024 12:43,S005,C0046,Clothing,3,41.47,8.92,23.06,New,Digital
INV101800,6/6/2024 13:25,S001,C0008,Clothing,2,96.25,11.56,59.74,Returning,Cash
INV101695,6/6/2024 14:20,S013,SH0039,Shoes,6,135.56,5.47,86.08,Returning,Card
INV103770,6/6/2024 14:33,S010,SH0003,Shoes,1,157.08,2.7,120.94,New,Card
INV106147,6/6/2024 17:37,S003,SH0039,Shoes,1,153.66,14.88,118.21,Returning,Digital
INV103934,6/6/2024 21:30,S004,SH0006,Shoes,3,165.12,12.23,121.38,Returning,Cash
INV103855,6/7/2024 0:55,S007,SH0018,Shoes,1,179.23,16.08,126.58,New,Card
INV107663,6/7/2024 7:20,S002,A0025,Accessories,4,28.7,18.16,12.25,New,Card
INV105699,6/7/2024 12:50,S004,SH0039,Shoes,6,66.66,18.84,53.26,New,Card
INV103090,6/7/2024 13:27,S004,C0033,Clothing,2,74.09,13.14,42.25,Returning,Cash
INV106267,6/7/2024 15:43,S016,SH0005,Shoes,1,168.83,5.41,122.65,New,Digital
INV107999,6/7/2024 16:11,S019,SH0027,Shoes,1,191.22,19.33,119.1,New,Digital
INV109978,6/7/2024 21:22,S008,SH0035,Shoes,1,189.97,4.38,132.17,Returning,Digital
INV104520,6/7/2024 21:49,S010,A0003,Accessories,6,13.36,18.47,6.89,Returning,Card
INV104362,6/7/2024 21:52,S003,A0031,Accessories,2,47.45,2.88,23.9,Returning,Cash
INV101617,6/8/2024 5:25,S001,A0003,Accessories,5,37.77,18.03,18.94,New,Card
INV105271,6/8/2024 5:49,S018,SH0032,Shoes,2,126.85,6.7,85.54,Returning,Card
INV109203,6/8/2024 8:34,S015,SH0013,Shoes,2,190.92,15.47,132.73,Returning,Card
INV100391,6/8/2024 10:05,S007,C0008,Clothing,5,46.65,9.4,28.82,Returning,Card
INV108059,6/8/2024 12:28,S020,SH0016,Shoes,2,114.12,12.37,92.41,Returning,Digital
INV101378,6/8/2024 14:08,S007,A0043,Accessories,4,61.98,18.65,36.27,New,Cash
INV109641,6/8/2024 19:41,S001,SH0023,Shoes,5,133.57,6.82,79.39,Returning,Card
INV104677,6/8/2024 22:30,S004,C0017,Clothing,5,54.01,16.64,34.32,New,Cash
INV103663,6/9/2024 0:01,S020,A0050,Accessories,4,42.8,6.94,22.18,Returning,Card
INV107530,6/9/2024 1:32,S005,C0065,Clothing,1,48.92,4.09,36.68,New,Card
INV103916,6/9/2024 2:31,S007,A0057,Accessories,5,58.37,9,32.97,New,Cash
INV104256,6/9/2024 2:43,S010,SH0023,Shoes,2,161.85,8.45,93.89,New,Cash
INV103598,6/9/2024 5:43,S013,A0038,Accessories,1,30.37,1.32,15.96,Returning,Card
INV107403,6/9/2024 8:26,S015,SH0028,Shoes,3,85.42,14.59,48.55,Returning,Digital
INV108888,6/9/2024 8:33,S017,A0030,Accessories,2,69.21,6.55,49.23,Returning,Card
INV100323,6/9/2024 11:52,S018,C0079,Clothing,2,106.8,14.85,77.09,Returning,Cash
INV104112,6/9/2024 23:42,S006,C0084,Clothing,2,54.64,11.9,33.08,Returning,Card
INV105083,6/10/2024 5:23,S010,SH0036,Shoes,3,85.36,18.27,61.3,New,Cash
INV105703,6/10/2024 6:44,S003,SH0029,Shoes,1,123.82,6,99.55,New,Cash
INV104075,6/10/2024 7:45,S019,C0080,Clothing,4,65.99,16.67,43.47,New,Digital
INV102232,6/10/2024 8:00,S011,C0026,Clothing,1,111,16.77,73.93,New,Card
INV100645,6/10/2024 12:20,S020,SH0005,Shoes,4,165.22,1.1,93.94,Returning,Cash
INV103225,6/10/2024 14:47,S014,C0045,Clothing,1,28.21,8.17,15.71,Returning,Cash
INV108023,6/10/2024 14:55,S006,C0092,Clothing,2,23.72,5.05,12,New,Digital
INV100863,6/10/2024 20:41,S015,SH0040,Shoes,3,111.12,19.26,91.39,Returning,Card
INV109636,6/11/2024 0:30,S013,SH0020,Shoes,2,106.18,3.1,72.57,Returning,Digital
INV100728,6/11/2024 2:07,S010,A0024,Accessories,6,77.64,0,35.72,New,Digital
INV104264,6/11/2024 4:32,S018,SH0039,Shoes,5,104.29,8.66,87.48,Returning,Digital
INV103921,6/11/2024 9:30,S012,A0005,Accessories,4,13.53,13.24,9.98,Returning,Card
INV109161,6/11/2024 12:28,S001,SH0022,Shoes,2,72.99,14.41,57.4,New,Digital
INV107479,6/11/2024 14:24,S005,C0056,Clothing,1,90.21,13.85,53.03,New,Digital
INV102470,6/11/2024 16:03,S015,A0033,Accessories,1,38.05,13.48,18.99,Returning,Card
INV109410,6/11/2024 16:13,S008,SH0031,Shoes,4,118.63,11.56,76.63,Returning,Digital
INV108824,6/11/2024 19:03,S002,A0060,Accessories,2,22.6,9.53,11,Returning,Cash
INV106995,6/11/2024 23:11,S009,A0033,Accessories,5,15.34,2.39,7.3,Returning,Cash
INV108375,6/12/2024 1:43,S018,C0098,Clothing,2,69.13,0.64,48,New,Card
INV105896,6/12/2024 7:57,S018,SH0010,Shoes,6,187.15,16.95,145.71,New,Cash
INV107857,6/12/2024 8:40,S006,A0027,Accessories,1,24.5,15.75,9.87,New,Card
INV105461,6/12/2024 10:52,S017,SH0022,Shoes,6,179.53,3.34,115.44,Returning,Card
INV109884,6/12/2024 11:39,S010,A0034,Accessories,2,64.61,2.04,47.19,Returning,Digital
INV104120,6/12/2024 12:24,S013,SH0007,Shoes,6,149.45,10.93,110.97,Returning,Digital
INV104298,6/12/2024 14:09,S008,C0006,Clothing,6,98.94,11.07,56.67,New,Digital
INV108452,6/12/2024 16:10,S006,C0081,Clothing,5,51.99,16.07,27.29,New,Cash
INV100241,6/12/2024 17:51,S003,SH0027,Shoes,6,75.92,6.4,47.41,Returning,Cash
INV106375,6/12/2024 20:03,S017,A0030,Accessories,2,10.3,17.81,4.97,New,Card
INV102495,6/13/2024 1:16,S005,C0044,Clothing,4,73.07,4.37,52.01,Returning,Cash
INV104366,6/13/2024 3:57,S003,SH0022,Shoes,2,99.13,7.75,80.31,New,Card
INV109513,6/13/2024 5:18,S005,SH0031,Shoes,3,45.37,10.58,24.99,Returning,Digital
INV107953,6/13/2024 14:04,S015,A0048,Accessories,3,50.47,2,21.67,Returning,Cash
INV105472,6/13/2024 23:03,S018,C0074,Clothing,4,35.69,4.62,27.81,Returning,Card
INV104195,6/14/2024 15:21,S012,C0007,Clothing,5,22.53,13.68,15.4,Returning,Digital
INV100496,6/14/2024 19:11,S001,A0040,Accessories,3,76.52,6.96,47.41,New,Cash
INV103874,6/14/2024 19:25,S005,A0060,Accessories,4,63,16.27,45.74,New,Card
INV103575,6/14/2024 21:08,S014,A0026,Accessories,5,66.45,15.63,30.87,New,Card
INV104335,6/14/2024 21:47,S015,SH0003,Shoes,2,137.71,13.64,100.97,New,Card
INV102696,6/15/2024 0:31,S018,SH0019,Shoes,5,179.87,19.67,147.1,Returning,Digital
INV101341,6/15/2024 0:43,S012,C0036,Clothing,6,109.98,6.85,60.79,Returning,Card
INV106500,6/15/2024 0:47,S018,C0047,Clothing,1,86.88,15.42,68.82,New,Card
INV106231,6/15/2024 5:52,S012,A0028,Accessories,6,70.99,17.5,46.27,New,Card
INV103188,6/15/2024 18:20,S001,SH0039,Shoes,4,173.89,4.35,116.15,New,Digital
INV104737,6/15/2024 21:35,S005,SH0005,Shoes,2,186.97,2.96,129.8,Returning,Card
INV106192,6/16/2024 3:50,S014,A0054,Accessories,1,66.86,12.78,33.91,New,Cash
INV105591,6/16/2024 6:45,S015,SH0009,Shoes,6,121.75,17.31,79.56,Returning,Cash
INV101843,6/16/2024 7:32,S001,SH0036,Shoes,6,103.89,19.44,86.7,Returning,Digital
INV105401,6/16/2024 12:34,S016,SH0036,Shoes,4,151.31,4.61,112.39,New,Digital
INV109254,6/16/2024 13:15,S006,C0077,Clothing,2,93,0.97,72.42,Returning,Card
INV104593,6/16/2024 14:41,S009,SH0040,Shoes,3,191.84,5.45,148.66,New,Cash
INV104417,6/16/2024 16:33,S020,C0038,Clothing,2,118.1,18.43,91.46,New,Card
INV107265,6/16/2024 17:40,S018,A0060,Accessories,4,48.48,16.01,19.44,Returning,Card
INV100674,6/16/2024 23:05,S006,SH0030,Shoes,3,95.49,7.82,76.66,Returning,Cash
INV107831,6/16/2024 23:30,S012,SH0029,Shoes,5,197.61,10.7,111.68,Returning,Card
INV104079,6/17/2024 0:31,S004,C0013,Clothing,2,20.62,2.65,11.24,New,Digital
INV102563,6/17/2024 6:19,S008,C0097,Clothing,2,34.92,7.94,19.41,New,Cash
INV101057,6/17/2024 7:35,S008,SH0018,Shoes,6,44.22,19.67,27.3,New,Card
INV102814,6/17/2024 7:40,S007,C0045,Clothing,5,107.64,6.63,79.81,New,Digital
INV103798,6/17/2024 8:12,S015,A0022,Accessories,1,54.92,6.65,25.79,Returning,Digital
INV105548,6/17/2024 10:56,S009,C0084,Clothing,3,41.93,16.75,32.7,New,Digital
INV102950,6/17/2024 10:59,S006,C0042,Clothing,1,52.77,9.95,40.57,Returning,Cash
INV101511,6/17/2024 12:14,S002,A0060,Accessories,4,20.71,7.24,12.42,Returning,Digital
INV105019,6/17/2024 13:25,S016,A0018,Accessories,3,71.64,18.76,44.89,New,Cash
INV101203,6/17/2024 15:04,S005,A0013,Accessories,1,31.72,19.84,18.31,Returning,Cash
INV106941,6/17/2024 17:03,S020,C0081,Clothing,5,50.66,9.48,36.14,Returning,Card
INV104487,6/17/2024 20:57,S010,A0024,Accessories,5,52.17,4.1,25.55,Returning,Cash
INV101788,6/18/2024 8:44,S001,C0026,Clothing,3,71.57,1.26,51.54,New,Digital
INV104351,6/18/2024 11:46,S004,C0064,Clothing,2,57.3,0.43,31.31,Returning,Card
INV101281,6/18/2024 17:45,S020,SH0031,Shoes,4,48.49,12.04,29.69,Returning,Digital
INV106352,6/18/2024 19:28,S007,A0004,Accessories,5,42.72,18.96,20.74,Returning,Cash
INV103814,6/18/2024 20:42,S018,SH0019,Shoes,2,140.16,17.63,77.83,Returning,Cash
INV101158,6/18/2024 21:31,S013,A0021,Accessories,4,34.6,17.22,16.94,New,Card
INV100906,6/18/2024 23:56,S012,C0056,Clothing,5,71.91,6.29,48.36,Returning,Cash
INV101197,6/19/2024 2:24,S018,C0037,Clothing,6,66.08,15.09,48.88,Returning,Digital
INV102298,6/19/2024 7:46,S003,C0022,Clothing,4,32.23,0.68,24.7,Returning,Digital
INV109011,6/19/2024 11:30,S012,SH0038,Shoes,5,95.81,7.81,76.66,New,Cash
INV100105,6/19/2024 13:01,S010,C0041,Clothing,6,77.58,12.8,52.14,New,Card
INV103176,6/19/2024 18:44,S001,A0007,Accessories,1,54.27,13.28,36.61,New,Digital
INV104346,6/19/2024 19:20,S007,SH0025,Shoes,4,129.94,16.04,75.43,New,Card
INV106760,6/19/2024 22:35,S001,SH0040,Shoes,1,193.52,3.43,151.32,New,Digital
INV104875,6/20/2024 5:52,S020,SH0012,Shoes,3,123.95,12.29,99.86,Returning,Card
INV106244,6/20/2024 11:08,S007,A0012,Accessories,3,23.27,6.21,16.6,Returning,Card
INV102874,6/20/2024 13:02,S008,A0018,Accessories,3,75.7,15.74,32.91,Returning,Cash
INV104585,6/20/2024 13:29,S019,A0056,Accessories,5,30.8,15.8,19.78,New,Digital
INV108885,6/20/2024 13:48,S010,A0050,Accessories,5,38.96,0.02,16.41,Returning,Cash
INV105204,6/20/2024 14:42,S018,C0051,Clothing,5,75.61,9.45,57.46,Returning,Cash
INV101086,6/20/2024 18:00,S002,A0056,Accessories,3,76.53,9.24,55.3,Returning,Card
INV105935,6/20/2024 21:08,S013,A0005,Accessories,6,26.96,11.74,19.09,New,Digital
INV101469,6/20/2024 23:23,S003,A0004,Accessories,1,67.46,0.66,30.2,Returning,Digital
INV106434,6/21/2024 4:50,S002,C0026,Clothing,6,77.01,6.95,53.27,New,Card
INV106710,6/21/2024 5:12,S002,SH0025,Shoes,6,129.68,8.93,92.81,Returning,Cash
INV102597,6/21/2024 7:46,S017,SH0026,Shoes,5,151.8,15.77,128.08,New,Digital
INV101691,6/21/2024 12:00,S018,SH0022,Shoes,1,88.03,18.86,74.53,Returning,Card
INV105069,6/21/2024 12:34,S020,A0014,Accessories,2,63.04,13.33,30.68,Returning,Cash
INV101661,6/21/2024 13:31,S001,A0045,Accessories,5,62.93,12.53,45.38,New,Cash
INV103391,6/21/2024 13:34,S008,A0015,Accessories,2,39.82,13.43,23.97,Returning,Card
INV106205,6/21/2024 14:36,S014,C0006,Clothing,2,103.75,2.18,55.67,New,Digital
INV100206,6/21/2024 18:41,S004,SH0026,Shoes,4,194.69,2.12,126.45,Returning,Cash
INV106371,6/21/2024 18:54,S015,A0025,Accessories,3,58.9,9.84,28.6,Returning,Cash
INV104425,6/21/2024 20:37,S020,A0033,Accessories,1,42.3,12.07,31.66,New,Digital
INV108404,6/21/2024 21:42,S019,A0018,Accessories,4,65.36,13.81,38.44,New,Card
INV107336,6/21/2024 21:56,S013,SH0014,Shoes,2,57.34,10.25,41.92,New,Card
INV101530,6/22/2024 1:01,S006,C0062,Clothing,2,105.63,1.31,58.46,Returning,Card
INV103012,6/22/2024 3:57,S008,A0025,Accessories,5,41.6,13.58,17.27,Returning,Card
INV102626,6/22/2024 4:06,S020,C0055,Clothing,1,113.06,4.34,61.53,New,Digital
INV103820,6/22/2024 6:38,S015,SH0004,Shoes,4,144.06,10.17,113.92,Returning,Card
INV107626,6/22/2024 7:06,S003,A0003,Accessories,3,45.96,6.9,25.62,Returning,Cash
INV109593,6/22/2024 8:59,S011,C0004,Clothing,1,119.2,11.37,69.12,Returning,Digital
INV101946,6/22/2024 19:42,S002,SH0034,Shoes,3,91.21,15.22,58.41,Returning,Digital
INV103359,6/23/2024 1:30,S015,A0052,Accessories,4,17.18,9.91,9.01,Returning,Cash
INV100451,6/23/2024 3:33,S011,SH0020,Shoes,6,43.6,17.84,33.9,New,Cash
INV102006,6/23/2024 8:01,S003,C0078,Clothing,6,63.51,12.34,35.26,Returning,Cash
INV102184,6/23/2024 18:54,S005,SH0003,Shoes,3,167.41,14.52,110.79,New,Digital
INV107160,6/23/2024 19:29,S010,SH0011,Shoes,2,134.01,6.39,100.99,New,Digital
INV102704,6/23/2024 19:43,S017,C0086,Clothing,5,88,19.11,44.95,Returning,Digital
INV102893,6/23/2024 22:07,S009,SH0038,Shoes,6,198.91,8.64,155.64,Returning,Digital
INV105371,6/24/2024 5:50,S001,SH0011,Shoes,6,132.28,3.53,89.94,Returning,Cash
INV105163,6/24/2024 7:27,S009,SH0003,Shoes,4,114.42,16.19,72.37,New,Cash
INV105036,6/24/2024 9:17,S016,C0003,Clothing,3,41.08,14.63,24.01,New,Digital
INV101451,6/24/2024 15:17,S004,SH0009,Shoes,5,71.2,6.33,45.77,New,Cash
INV103640,6/24/2024 15:35,S002,C0002,Clothing,2,108.05,11.64,65.12,New,Card
INV107409,6/24/2024 17:49,S002,C0027,Clothing,4,116.19,9.31,79.92,New,Cash
INV100129,6/24/2024 20:21,S013,C0048,Clothing,4,63.7,17.89,39.49,Returning,Cash
INV107039,6/24/2024 22:42,S017,A0019,Accessories,2,37.09,10.54,15.14,New,Card
INV105628,6/24/2024 23:20,S002,C0054,Clothing,6,97.81,15.55,72.68,Returning,Card
INV108922,6/24/2024 23:46,S005,A0020,Accessories,6,42.45,19.16,30.89,New,Card
INV102706,6/25/2024 1:39,S014,C0088,Clothing,2,87.79,18.81,50.15,New,Card
INV105916,6/25/2024 3:22,S018,SH0012,Shoes,2,115.48,9.36,80.26,New,Cash
INV103334,6/25/2024 3:46,S002,SH0032,Shoes,5,167.82,13.59,122.58,New,Cash
INV104827,6/25/2024 7:20,S017,SH0014,Shoes,3,153.24,18.2,86.08,Returning,Cash
INV101162,6/25/2024 8:37,S002,SH0034,Shoes,3,118.58,17.07,97.32,Returning,Digital
INV108777,6/25/2024 17:42,S011,C0076,Clothing,3,66.16,0.46,42.51,New,Digital
INV105777,6/25/2024 18:28,S006,C0097,Clothing,1,74.37,18.52,40.78,New,Card
INV108750,6/25/2024 20:29,S016,SH0030,Shoes,2,65.76,17.02,39.25,Returning,Card
INV103793,6/25/2024 21:38,S019,SH0014,Shoes,2,46.89,7.21,34.59,New,Card
INV107584,6/26/2024 4:37,S004,SH0023,Shoes,5,97.3,17.24,62.51,Returning,Cash
INV101541,6/26/2024 12:15,S002,SH0031,Shoes,6,178.32,2.29,111.16,Returning,Card
INV107421,6/26/2024 16:41,S011,C0005,Clothing,4,51.26,13.08,32.81,New,Digital
INV101536,6/26/2024 17:29,S006,SH0012,Shoes,1,102.25,15.29,71.51,New,Card
INV100102,6/26/2024 21:05,S017,A0043,Accessories,4,39.68,5.46,24.3,New,Card
INV104403,6/27/2024 1:01,S006,A0039,Accessories,5,16.04,17.94,11.96,Returning,Card
INV104049,6/27/2024 4:19,S006,C0073,Clothing,6,118.93,3.58,89.29,Returning,Card
INV109164,6/27/2024 5:11,S006,SH0005,Shoes,5,117.52,19.65,91.25,New,Cash
INV101192,6/27/2024 8:05,S006,A0029,Accessories,4,20.43,5.57,9.18,New,Card
INV108237,6/27/2024 8:30,S018,C0086,Clothing,2,77.21,15.72,57.07,New,Digital
INV100147,6/27/2024 9:31,S009,SH0031,Shoes,1,85.72,8.62,47.36,Returning,Card
INV108802,6/27/2024 17:05,S020,SH0039,Shoes,2,163.48,13.59,129.24,New,Cash
INV107873,6/27/2024 17:06,S016,A0031,Accessories,3,32.13,4.18,20.6,Returning,Card
INV102317,6/27/2024 18:18,S005,SH0005,Shoes,2,107.03,9.56,70.24,Returning,Cash
INV107046,6/27/2024 21:22,S012,C0063,Clothing,2,67.07,11.61,44.39,New,Digital
INV101672,6/28/2024 1:12,S001,A0034,Accessories,2,40.21,1.01,25.76,New,Digital
INV102463,6/28/2024 3:31,S012,SH0024,Shoes,3,44.49,0.96,26.83,Returning,Digital
INV105310,6/28/2024 4:38,S020,C0066,Clothing,5,112.28,19.91,68.09,Returning,Cash
INV109105,6/28/2024 6:50,S017,C0061,Clothing,1,84.05,1.83,50.85,New,Digital
INV102717,6/28/2024 8:50,S015,A0038,Accessories,3,36.95,13.52,25.13,Returning,Digital
INV108537,6/28/2024 9:25,S018,C0062,Clothing,5,54.55,7.85,35.43,Returning,Cash
INV107166,6/28/2024 9:52,S006,A0046,Accessories,5,71.75,11.76,45.12,New,Cash
INV105970,6/28/2024 12:17,S018,A0056,Accessories,6,48.46,15.24,30.91,Returning,Digital
INV100811,6/28/2024 18:27,S014,SH0025,Shoes,3,196.38,10.35,118.24,New,Cash
INV103241,6/28/2024 18:37,S004,A0014,Accessories,5,15.15,10.02,10.43,Returning,Card
INV106252,6/29/2024 0:43,S020,C0061,Clothing,2,41.86,11.16,27.47,New,Card
INV109753,6/29/2024 1:13,S019,C0073,Clothing,3,38.3,11.85,23.64,New,Digital
INV100242,6/29/2024 5:14,S010,SH0003,Shoes,4,192.65,17.32,109.94,Returning,Cash
INV102332,6/29/2024 8:09,S020,SH0020,Shoes,1,191.41,1.57,127.86,New,Card
INV103899,6/29/2024 9:19,S003,A0051,Accessories,1,79.88,10.77,44.77,Returning,Cash
INV107878,6/29/2024 12:02,S009,A0030,Accessories,6,67.13,3.58,49.15,Returning,Digital
INV105969,6/29/2024 14:30,S009,SH0026,Shoes,4,145.05,17.37,101.35,New,Digital
INV105987,6/29/2024 16:31,S017,SH0007,Shoes,1,192.72,10.18,119.64,Returning,Card
INV105640,6/29/2024 19:26,S019,C0032,Clothing,3,50.47,19.35,25.63,New,Digital
INV100570,6/29/2024 20:41,S010,SH0029,Shoes,4,166.56,4,98.41,Returning,Digital
INV109833,6/30/2024 0:08,S007,SH0009,Shoes,4,109.07,4.73,70.48,New,Card
INV108017,6/30/2024 4:11,S003,C0038,Clothing,3,49.68,17.19,29,New,Digital
INV104203,6/30/2024 8:44,S020,SH0023,Shoes,4,159.09,6.52,112.71,New,Digital
INV104661,6/30/2024 18:37,S002,C0033,Clothing,4,24.1,13.94,16.24,Returning,Card
INV108764,6/30/2024 20:15,S011,SH0019,Shoes,1,86.21,17.43,60.09,Returning,Digital
INV104986,6/30/2024 20:56,S019,SH0026,Shoes,2,182.97,18.54,134.55,Returning,Card
INV102638,6/30/2024 22:59,S007,C0015,Clothing,4,56.64,12.14,38.36,Returning,Card
INV102110,6/30/2024 23:32,S019,C0080,Clothing,5,35.56,4.92,18.82,New,Card
INV100959,7/1/2024 2:19,S007,C0045,Clothing,1,65.87,13.17,36.2,New,Card
INV106751,7/1/2024 10:31,S006,C0011,Clothing,2,92.63,8.22,70.15,Returning,Digital
INV100501,7/1/2024 13:09,S012,SH0030,Shoes,4,68.49,14.4,45.34,Returning,Cash
INV105147,7/1/2024 16:11,S005,C0028,Clothing,6,94.13,3.52,57.53,New,Cash
INV103772,7/1/2024 21:49,S010,C0057,Clothing,1,36.95,14.64,20.61,New,Cash
INV101806,7/1/2024 22:09,S001,SH0005,Shoes,4,114.55,9.43,81.52,Returning,Digital
INV109668,7/2/2024 6:05,S018,SH0007,Shoes,6,76.75,17.7,42.44,Returning,Digital
INV109864,7/2/2024 12:08,S009,SH0021,Shoes,2,156.42,5.55,126.4,New,Cash
INV109143,7/2/2024 13:44,S006,SH0028,Shoes,1,164.22,18.38,99.11,New,Digital
INV107295,7/2/2024 15:50,S020,SH0019,Shoes,1,180.13,0.73,121.66,Returning,Digital
INV101301,7/2/2024 16:56,S015,A0025,Accessories,1,37.85,7.73,23.19,New,Card
INV103788,7/2/2024 17:11,S001,C0056,Clothing,4,58.53,12.86,43.81,New,Card
INV109293,7/2/2024 18:41,S004,C0063,Clothing,3,105.11,2.4,79.46,Returning,Cash
INV108200,7/2/2024 19:10,S012,A0058,Accessories,2,78.83,6.02,46.05,New,Cash
INV108524,7/2/2024 20:53,S006,C0074,Clothing,5,116.55,3.96,67.05,Returning,Digital
INV105609,7/2/2024 21:08,S009,A0012,Accessories,6,15.77,2.41,6.43,New,Cash
INV103220,7/2/2024 21:41,S006,A0024,Accessories,2,56.32,12.01,31.27,New,Digital
INV107991,7/3/2024 1:50,S015,C0032,Clothing,1,31.71,13.83,19.87,Returning,Card
INV109847,7/3/2024 4:12,S011,SH0028,Shoes,2,134.42,19.17,102.33,New,Card
INV105232,7/3/2024 12:58,S007,C0063,Clothing,4,110.32,15.16,71.64,Returning,Card
INV108349,7/3/2024 16:43,S005,SH0009,Shoes,2,159.6,12.4,104.55,New,Cash
INV104958,7/3/2024 19:31,S013,SH0001,Shoes,1,132.09,12.93,108.87,New,Digital
INV102913,7/3/2024 19:58,S002,C0070,Clothing,1,95.06,0.87,53.75,New,Digital
INV100552,7/3/2024 21:15,S010,C0083,Clothing,6,51.21,1.31,26.91,New,Card
INV100132,7/4/2024 2:42,S005,A0024,Accessories,2,45.92,19.06,30.42,Returning,Cash
INV101574,7/4/2024 5:17,S019,A0014,Accessories,2,13.92,18.2,10.16,Returning,Card
INV105138,7/4/2024 7:52,S003,A0049,Accessories,1,59.93,3.54,32.04,Returning,Cash
INV101600,7/4/2024 7:56,S002,A0027,Accessories,2,11.47,14.12,7.35,New,Card
INV102824,7/4/2024 8:51,S017,SH0007,Shoes,5,168.45,17.57,115,New,Card
INV101290,7/4/2024 9:15,S009,C0027,Clothing,2,116.97,16.57,87.4,Returning,Digital
INV100744,7/4/2024 11:00,S006,A0022,Accessories,3,30.88,17.8,13.51,Returning,Card
INV108091,7/4/2024 12:17,S005,SH0036,Shoes,3,171.81,3.1,140.42,New,Digital
INV105238,7/4/2024 12:36,S019,SH0012,Shoes,5,89.21,7.28,65.6,New,Cash
INV108998,7/4/2024 22:45,S007,SH0032,Shoes,4,196.02,6.32,155.9,Returning,Digital
INV103291,7/4/2024 22:57,S014,A0036,Accessories,3,67.39,1.5,30.46,Returning,Cash
INV104247,7/5/2024 6:05,S017,C0011,Clothing,2,36.77,4.49,25.31,Returning,Card
INV107990,7/5/2024 7:34,S013,A0036,Accessories,3,41.54,6.95,22.29,New,Cash
INV109109,7/5/2024 7:51,S017,C0046,Clothing,3,41.46,11.3,21.33,Returning,Digital
INV105515,7/5/2024 13:40,S007,SH0024,Shoes,6,149.86,7.99,125.63,New,Card
INV102103,7/6/2024 9:21,S005,SH0022,Shoes,5,155.38,2.86,123.75,Returning,Card
INV103366,7/6/2024 11:38,S010,A0044,Accessories,2,40.29,4.34,24.29,New,Digital
INV101248,7/6/2024 13:13,S019,SH0025,Shoes,3,70.8,2.72,50.15,Returning,Digital
INV105865,7/6/2024 13:49,S006,C0032,Clothing,6,98.66,2.4,54.69,Returning,Cash
INV108633,7/6/2024 15:13,S016,SH0001,Shoes,2,85.35,19.06,57.55,Returning,Card
INV101127,7/6/2024 15:15,S009,SH0001,Shoes,4,92.35,11.24,73.64,Returning,Card
INV108443,7/6/2024 19:21,S019,A0012,Accessories,2,34.62,13.1,25.14,Returning,Card
INV108043,7/6/2024 21:57,S006,C0041,Clothing,4,117.88,9.98,83.35,New,Cash
INV107590,7/6/2024 22:35,S002,SH0006,Shoes,5,133.61,19.75,99.73,New,Digital
INV106916,7/7/2024 4:48,S016,A0006,Accessories,6,32.28,6.28,21.36,Returning,Cash
INV109442,7/7/2024 8:13,S013,A0036,Accessories,2,58.68,0.11,39.41,New,Card
INV103214,7/7/2024 10:37,S018,A0019,Accessories,2,34.55,7.6,15.19,Returning,Card
INV101546,7/7/2024 15:51,S003,C0003,Clothing,2,45.36,13.33,28.59,Returning,Cash
INV100559,7/7/2024 16:12,S014,A0010,Accessories,3,26.83,16.88,17.74,Returning,Cash
INV108081,7/7/2024 19:56,S013,A0055,Accessories,1,75.73,6.16,31.53,Returning,Digital
INV104791,7/8/2024 2:13,S005,C0075,Clothing,2,29.23,3.73,18.01,New,Digital
INV109255,7/8/2024 4:13,S003,C0088,Clothing,5,28.97,5.49,18.44,New,Cash
INV106323,7/8/2024 10:29,S003,A0004,Accessories,2,27.35,15.06,15.36,Returning,Digital
INV104915,7/8/2024 11:04,S015,C0008,Clothing,4,72.72,2.28,37.19,New,Digital
INV107569,7/8/2024 13:17,S019,A0046,Accessories,3,13.76,7.93,9.91,Returning,Digital
INV103657,7/8/2024 13:29,S009,C0063,Clothing,5,110.79,3.29,72.96,New,Digital
INV108413,7/8/2024 14:12,S008,A0022,Accessories,1,56.15,19,28.38,New,Card
INV102988,7/8/2024 16:22,S009,SH0015,Shoes,3,91.46,3.15,60.55,New,Card
INV103969,7/8/2024 19:36,S004,A0046,Accessories,6,20.53,12.56,10.61,Returning,Digital
INV105205,7/8/2024 22:43,S001,C0089,Clothing,3,34.1,0.9,24.23,New,Card
INV104397,7/8/2024 22:44,S014,A0010,Accessories,1,69.1,13.22,34.3,Returning,Digital
INV105596,7/8/2024 23:29,S004,SH0007,Shoes,5,67.49,5.14,46.37,Returning,Card
INV101406,7/9/2024 0:16,S006,C0054,Clothing,1,67.43,16.58,43.29,New,Card
INV105564,7/9/2024 1:20,S006,SH0016,Shoes,6,142.77,3.24,120.26,Returning,Card
INV107647,7/9/2024 2:49,S003,C0037,Clothing,3,74.37,14.66,41.01,New,Digital
INV106271,7/9/2024 4:54,S004,SH0003,Shoes,4,51.22,7.37,34.23,Returning,Cash
INV107384,7/9/2024 7:27,S005,C0077,Clothing,3,28.02,13.49,15.82,Returning,Cash
INV107582,7/9/2024 8:37,S015,SH0025,Shoes,2,51.45,5.34,29.9,New,Card
INV104734,7/9/2024 9:31,S011,A0005,Accessories,4,52.41,1.74,37.2,New,Digital
INV108682,7/9/2024 13:35,S011,A0029,Accessories,3,51.65,17.07,30.25,Returning,Card
INV103963,7/9/2024 19:22,S011,C0053,Clothing,5,87.72,6.6,45.34,New,Digital
INV102755,7/9/2024 22:24,S004,A0028,Accessories,4,54.83,16.2,24.29,New,Digital
INV106061,7/9/2024 22:39,S020,SH0015,Shoes,2,144.66,13.01,89.87,Returning,Cash
INV105483,7/10/2024 5:23,S016,C0080,Clothing,2,29.77,15.64,18.51,Returning,Card
INV105149,7/10/2024 6:33,S014,SH0039,Shoes,5,53.19,18.83,39.54,New,Cash
INV103094,7/10/2024 7:56,S012,A0016,Accessories,6,13.79,15.01,9.47,New,Digital
INV100308,7/10/2024 8:41,S019,C0091,Clothing,6,106.83,11.53,70.23,New,Digital
INV106959,7/10/2024 9:17,S003,C0010,Clothing,5,22.6,14.69,15.86,Returning,Card
INV102203,7/10/2024 10:14,S003,C0008,Clothing,4,100.85,8.82,59.41,New,Cash
INV102622,7/10/2024 14:11,S008,A0055,Accessories,1,13.96,12.52,9.36,Returning,Cash
INV107692,7/10/2024 16:05,S002,SH0032,Shoes,4,123.59,9.17,70.99,Returning,Card
INV101607,7/10/2024 16:30,S002,SH0002,Shoes,4,104.97,7.71,85.94,Returning,Digital
INV102608,7/10/2024 17:05,S008,C0086,Clothing,6,92.99,12.9,70.58,New,Cash
INV100999,7/11/2024 4:33,S004,C0027,Clothing,5,42.76,9.55,28.89,New,Card
INV106041,7/11/2024 5:16,S002,A0016,Accessories,5,43.37,5.36,26,New,Cash
INV108005,7/11/2024 6:41,S020,SH0021,Shoes,6,99.68,9.34,67.97,Returning,Cash
INV106659,7/11/2024 7:41,S006,SH0020,Shoes,3,117.8,1.09,94.49,Returning,Card
INV108412,7/11/2024 9:43,S003,SH0005,Shoes,5,71.43,3.12,42.65,New,Digital
INV106023,7/11/2024 16:20,S003,C0009,Clothing,4,86.83,14.63,54.27,Returning,Cash
INV108464,7/11/2024 18:15,S013,C0086,Clothing,3,24.72,9.17,14.08,Returning,Digital
INV108276,7/11/2024 23:44,S020,SH0020,Shoes,1,94.47,12.3,75.58,Returning,Card
INV104199,7/12/2024 0:53,S017,C0053,Clothing,1,110.35,16.16,76.72,Returning,Card
INV102746,7/12/2024 3:35,S008,SH0002,Shoes,5,158.32,17.72,88.33,Returning,Cash
INV104879,7/12/2024 3:49,S020,A0026,Accessories,4,49.36,18.4,21.08,Returning,Card
INV105334,7/12/2024 5:29,S020,C0054,Clothing,4,94.5,12.28,55.79,New,Card
INV100849,7/12/2024 9:00,S001,C0028,Clothing,1,48.3,9.77,32.74,Returning,Card
INV105208,7/12/2024 9:57,S004,C0044,Clothing,5,86.37,15.52,54.44,Returning,Cash
INV106325,7/12/2024 11:37,S011,SH0022,Shoes,1,108.59,7.89,91.18,Returning,Digital
INV100457,7/12/2024 15:07,S005,A0030,Accessories,3,69.2,12.09,34.52,New,Card
INV102369,7/12/2024 22:41,S002,C0045,Clothing,2,68.89,1.75,54.04,New,Cash
INV107610,7/12/2024 22:48,S015,C0079,Clothing,6,21.75,15.47,17.3,New,Cash
INV101668,7/13/2024 0:03,S007,SH0032,Shoes,3,150.31,1.99,120.5,New,Card
INV107795,7/13/2024 4:47,S006,SH0014,Shoes,3,143.87,14.55,80.81,New,Cash
INV101208,7/13/2024 7:29,S011,C0087,Clothing,4,69.35,16.23,36.34,Returning,Card
INV107992,7/13/2024 9:36,S009,A0024,Accessories,6,58.03,2,34.67,New,Digital
INV107103,7/13/2024 9:46,S014,C0013,Clothing,4,104.61,10.43,62.63,Returning,Digital
INV108982,7/13/2024 20:19,S011,A0017,Accessories,2,46.08,12.63,21.5,Returning,Card
INV104980,7/13/2024 21:11,S010,C0038,Clothing,3,80.64,1.09,41.4,New,Digital
INV105509,7/13/2024 23:08,S007,SH0010,Shoes,6,116.67,18.23,75.2,New,Card
INV105290,7/14/2024 1:36,S017,A0046,Accessories,3,71.55,4.67,40.73,New,Card
INV100275,7/14/2024 2:24,S001,A0036,Accessories,4,32.83,18.34,16.31,Returning,Cash
INV105704,7/14/2024 2:49,S006,C0050,Clothing,4,69.37,10.89,44.81,New,Card
INV106726,7/14/2024 3:54,S012,SH0010,Shoes,6,172.63,0.94,104.63,Returning,Digital
INV106494,7/14/2024 7:44,S010,C0023,Clothing,6,42.78,0.47,30.7,New,Card
INV107074,7/14/2024 11:51,S018,SH0029,Shoes,1,68.52,7.82,51.57,New,Digital
INV105883,7/14/2024 16:30,S010,C0089,Clothing,2,40.17,7.01,28.61,New,Cash
INV106690,7/14/2024 18:25,S007,A0017,Accessories,4,56.56,6.82,39.63,New,Card
INV104676,7/14/2024 19:52,S008,A0046,Accessories,1,41.33,13.85,24.95,New,Card
INV101085,7/15/2024 7:27,S017,A0029,Accessories,1,61.68,13.26,34.21,New,Cash
INV104359,7/15/2024 8:18,S019,A0043,Accessories,4,43.97,15.55,22.21,Returning,Digital
INV107399,7/15/2024 10:29,S004,A0006,Accessories,2,34.65,7,17.36,New,Card
INV107887,7/15/2024 13:19,S020,C0096,Clothing,6,68.27,18.25,41.29,New,Cash
INV104348,7/15/2024 14:01,S012,SH0024,Shoes,2,58.9,14.3,45.69,Returning,Digital
INV100546,7/15/2024 15:43,S004,C0049,Clothing,3,80.46,12.44,48.12,New,Digital
INV103067,7/15/2024 18:14,S014,A0021,Accessories,4,59.18,6.4,27.35,New,Cash
INV102747,7/15/2024 18:17,S007,SH0001,Shoes,4,170.33,0.98,97.12,New,Card
INV103113,7/15/2024 21:46,S014,SH0038,Shoes,4,56.14,3.62,36.27,New,Card
INV108964,7/15/2024 22:21,S018,A0060,Accessories,1,51.11,0.87,33.89,Returning,Cash
INV108431,7/15/2024 22:42,S005,C0070,Clothing,6,91.57,2.55,46.44,Returning,Digital
INV101013,7/15/2024 22:45,S006,A0055,Accessories,6,35.29,17.69,23.66,Returning,Card
INV108407,7/16/2024 1:01,S006,SH0008,Shoes,3,86.23,10.19,69.44,New,Cash
INV108152,7/16/2024 2:59,S001,A0009,Accessories,4,54.16,2.89,37.44,New,Card
INV104675,7/16/2024 3:25,S005,A0027,Accessories,2,52.71,6.67,27.42,Returning,Digital
INV104116,7/16/2024 7:20,S003,SH0014,Shoes,5,95.77,13.62,72.68,New,Card
INV100023,7/16/2024 7:23,S017,C0057,Clothing,5,103.37,19.68,73.5,New,Digital
INV104877,7/16/2024 10:15,S010,C0029,Clothing,6,114.85,16.97,70.81,Returning,Digital
INV106459,7/16/2024 10:31,S014,C0064,Clothing,4,113.37,14.06,56.79,New,Cash
INV103698,7/16/2024 11:54,S005,C0075,Clothing,1,119.21,16.77,61.73,Returning,Digital
INV100672,7/16/2024 12:57,S006,C0017,Clothing,6,107.04,13.3,63.47,Returning,Digital
INV103939,7/16/2024 13:00,S004,A0012,Accessories,5,64.24,15.67,32.36,New,Cash
INV106999,7/16/2024 14:16,S018,C0086,Clothing,3,106.4,5.06,83.68,Returning,Cash
INV109930,7/16/2024 21:09,S018,SH0022,Shoes,5,48.3,12.79,27.57,Returning,Card
INV103325,7/16/2024 22:27,S001,C0014,Clothing,3,118.92,14.87,80.52,New,Card
INV104435,7/16/2024 22:43,S012,SH0001,Shoes,6,106.79,12.98,64.77,Returning,Cash
INV100987,7/17/2024 0:47,S014,SH0027,Shoes,4,178.73,1.41,151.68,Returning,Digital
INV101492,7/17/2024 0:47,S002,C0074,Clothing,4,23.98,16.78,18.43,Returning,Cash
INV104771,7/17/2024 3:41,S014,C0063,Clothing,4,54.43,10.75,43.12,New,Cash
INV104536,7/17/2024 9:16,S001,SH0014,Shoes,3,79.06,5.68,49.69,New,Cash
INV109887,7/17/2024 9:48,S016,C0085,Clothing,5,29.13,9.25,19.96,New,Cash
INV105805,7/17/2024 16:37,S014,C0091,Clothing,6,82.63,13.38,51.2,Returning,Cash
INV106594,7/17/2024 17:44,S020,C0090,Clothing,1,68.15,19.41,47.44,Returning,Cash
INV105295,7/17/2024 18:48,S019,C0056,Clothing,5,85.57,6.78,65.78,New,Cash
INV107922,7/18/2024 1:17,S012,C0098,Clothing,4,70.42,14.96,36.78,Returning,Card
INV106426,7/18/2024 1:50,S018,SH0009,Shoes,4,120.4,16.29,76.71,Returning,Cash
INV107682,7/18/2024 4:14,S009,A0010,Accessories,5,53,3.3,36.41,Returning,Card
INV109669,7/18/2024 8:43,S017,C0001,Clothing,1,86.39,3.32,58.35,Returning,Digital
INV101881,7/18/2024 9:36,S007,A0021,Accessories,2,51.65,2.09,32.33,Returning,Digital
INV109835,7/18/2024 9:49,S009,A0042,Accessories,1,78.53,2.63,55.9,New,Cash
INV100233,7/18/2024 16:56,S018,A0060,Accessories,5,32.15,8.42,17.21,New,Card
INV105236,7/18/2024 17:15,S004,SH0002,Shoes,6,118.58,4.78,65.67,Returning,Card
INV105382,7/18/2024 17:23,S011,SH0009,Shoes,2,61.9,6.13,35.25,Returning,Card
INV103645,7/18/2024 17:38,S013,A0053,Accessories,6,35.3,10.45,22.07,New,Card
INV109802,7/19/2024 3:43,S003,SH0024,Shoes,3,99.01,2.55,74.71,Returning,Cash
INV107561,7/19/2024 6:38,S001,C0013,Clothing,1,41.57,0.58,23.6,New,Cash
INV100695,7/19/2024 10:08,S012,A0013,Accessories,1,20.83,17.23,9.71,Returning,Card
INV109466,7/19/2024 17:11,S012,SH0019,Shoes,2,71.08,12.74,59.83,Returning,Cash
INV101218,7/19/2024 19:18,S017,C0060,Clothing,6,80.62,15.52,46.6,New,Card
INV105093,7/19/2024 20:11,S011,A0015,Accessories,1,65.99,1.94,48.76,Returning,Cash
INV102173,7/19/2024 20:26,S018,C0067,Clothing,6,84.68,8.14,56.9,New,Digital
INV106998,7/19/2024 20:35,S005,C0061,Clothing,6,115.65,19.96,91.7,Returning,Digital
INV106875,7/19/2024 22:08,S016,SH0009,Shoes,1,80.38,1.56,46.83,New,Digital
INV104780,7/19/2024 23:18,S008,C0030,Clothing,2,41.66,15.93,24.09,Returning,Cash
INV100234,7/20/2024 0:37,S017,C0034,Clothing,4,41.57,10.13,32.29,Returning,Card
INV101262,7/20/2024 3:43,S002,A0046,Accessories,2,19.5,7.42,12.84,Returning,Cash
INV101000,7/20/2024 6:30,S016,A0006,Accessories,5,43.32,4.3,18.84,Returning,Digital
INV104651,7/20/2024 7:53,S004,SH0028,Shoes,2,43.55,1.33,27.72,New,Cash
INV100037,7/20/2024 14:26,S005,SH0037,Shoes,4,71.11,7.99,53.97,New,Cash
INV101170,7/20/2024 18:10,S014,SH0027,Shoes,2,174.36,16.56,114.82,New,Card
INV103143,7/20/2024 19:35,S015,A0003,Accessories,6,64.21,5.02,38.17,Returning,Digital
INV103498,7/20/2024 19:43,S014,A0051,Accessories,1,68.93,12.47,41.96,New,Digital
INV109015,7/20/2024 19:49,S015,A0051,Accessories,5,39.1,4.22,27.02,Returning,Cash
INV108264,7/20/2024 21:45,S019,SH0014,Shoes,1,87.67,7.47,72.93,New,Digital
INV105713,7/21/2024 1:05,S005,SH0013,Shoes,3,48.58,15.05,32.13,Returning,Digital
INV107523,7/21/2024 4:51,S002,A0001,Accessories,6,29.43,2.91,13.75,New,Digital
INV106824,7/21/2024 6:21,S011,SH0016,Shoes,5,79.35,14.7,56.28,Returning,Digital
INV109747,7/21/2024 12:15,S013,A0017,Accessories,2,61.47,12.58,25.82,Returning,Cash
INV108249,7/21/2024 13:34,S019,SH0006,Shoes,3,141.23,19.45,87.41,Returning,Cash
INV103134,7/21/2024 14:35,S011,C0047,Clothing,5,75.4,0.64,39.23,Returning,Cash
INV109307,7/21/2024 15:16,S011,A0015,Accessories,6,47.5,17.5,35.08,New,Card
INV106889,7/21/2024 16:24,S017,A0046,Accessories,1,24.63,1.86,10.04,New,Digital
INV106772,7/21/2024 22:32,S017,A0048,Accessories,5,20.98,16.29,10.04,Returning,Digital
INV101729,7/22/2024 0:20,S012,C0006,Clothing,1,34.74,7.54,21.21,Returning,Digital
INV106470,7/22/2024 6:00,S018,SH0032,Shoes,1,73.61,6.02,43.26,Returning,Cash
INV102257,7/22/2024 8:12,S020,SH0030,Shoes,4,185.72,12.71,119.41,New,Card
INV103369,7/22/2024 12:10,S005,C0043,Clothing,4,55.25,12.35,30.24,Returning,Digital
INV104202,7/22/2024 16:22,S019,A0025,Accessories,2,70.51,14.88,42.01,New,Cash
INV108511,7/22/2024 17:56,S017,C0033,Clothing,5,26.38,9.8,13.28,New,Cash
INV106415,7/23/2024 0:26,S002,C0079,Clothing,3,81.04,4.18,41.61,New,Cash
INV102504,7/23/2024 1:34,S007,C0015,Clothing,4,56.6,5.6,32.01,Returning,Card
INV100083,7/23/2024 4:48,S013,SH0026,Shoes,3,194.76,1.81,154.13,New,Card
INV103139,7/23/2024 18:12,S007,SH0017,Shoes,2,134.07,9.09,82.5,Returning,Card
INV109525,7/23/2024 22:21,S007,C0055,Clothing,4,82.59,5.11,48.89,New,Card
INV107147,7/24/2024 0:27,S019,C0021,Clothing,6,71.29,2.25,46.37,Returning,Cash
INV104309,7/24/2024 1:15,S009,A0060,Accessories,6,21.11,6.69,11.51,New,Digital
INV105630,7/24/2024 2:23,S002,SH0001,Shoes,6,194.73,9.87,113.39,Returning,Cash
INV101194,7/24/2024 2:49,S012,A0053,Accessories,4,64.82,11.07,38.04,New,Cash
INV101293,7/24/2024 2:58,S017,SH0033,Shoes,4,119.47,1.91,100.18,Returning,Digital
INV101278,7/24/2024 4:11,S017,A0033,Accessories,4,53.52,9.38,22.2,Returning,Card
INV105462,7/24/2024 4:53,S009,SH0037,Shoes,5,73.45,18.41,50.49,New,Cash
INV108792,7/24/2024 5:10,S012,A0026,Accessories,4,24.98,7.15,10.49,Returning,Digital
INV109334,7/24/2024 7:41,S010,A0042,Accessories,4,49.58,6.61,35.95,New,Card
INV107545,7/24/2024 13:41,S001,C0099,Clothing,2,66.71,2.32,36.37,Returning,Cash
INV105107,7/24/2024 16:15,S018,A0054,Accessories,5,53.13,1.45,22.5,New,Digital
INV107297,7/25/2024 1:23,S014,C0074,Clothing,3,58.55,14.71,38.66,New,Cash
INV102694,7/25/2024 1:32,S015,SH0009,Shoes,3,146.25,6,100.03,Returning,Card
INV107385,7/25/2024 1:59,S005,SH0017,Shoes,4,165.69,6.35,130.75,Returning,Digital
INV103889,7/25/2024 2:13,S015,C0058,Clothing,5,89.1,12.45,65.57,New,Digital
INV104630,7/25/2024 3:36,S006,SH0036,Shoes,6,111.26,9.5,82.69,New,Card
INV103637,7/25/2024 4:03,S012,SH0002,Shoes,1,145.9,1.91,108.46,Returning,Cash
INV107253,7/25/2024 4:59,S004,A0048,Accessories,1,48.34,13.76,26.66,Returning,Card
INV108882,7/25/2024 6:00,S010,A0058,Accessories,6,13.98,8.79,8.11,Returning,Digital
INV107209,7/25/2024 8:41,S004,C0062,Clothing,5,98.01,6.78,57.11,New,Cash
INV102338,7/25/2024 9:12,S019,C0089,Clothing,5,116.44,0.84,59.06,New,Cash
INV106391,7/25/2024 12:12,S015,SH0008,Shoes,1,53.25,2.69,41.48,New,Card
INV104234,7/25/2024 16:03,S018,A0016,Accessories,1,72.64,7.65,42.24,Returning,Digital
INV108528,7/25/2024 16:40,S016,C0055,Clothing,6,74.15,12.25,47.76,New,Digital
INV109616,7/25/2024 18:39,S003,SH0026,Shoes,5,81.06,10.98,48.63,New,Digital
INV101338,7/25/2024 19:04,S020,SH0030,Shoes,4,119.18,10.84,84.58,Returning,Digital
INV103768,7/25/2024 23:11,S010,A0011,Accessories,3,61.63,11.73,41.29,Returning,Digital
INV109886,7/25/2024 23:11,S020,C0001,Clothing,6,49.13,3.07,33.87,Returning,Digital
INV104461,7/26/2024 5:21,S018,C0038,Clothing,5,54.24,15.56,29.34,Returning,Card
INV100379,7/26/2024 12:39,S011,A0041,Accessories,6,76.96,16.15,54.17,Returning,Digital
INV105923,7/26/2024 14:30,S002,SH0029,Shoes,3,130.26,9.32,72.46,New,Card
INV104679,7/26/2024 23:03,S017,SH0018,Shoes,1,174.47,15.81,116.64,Returning,Digital
INV107761,7/27/2024 0:48,S007,A0008,Accessories,5,58.68,19.18,38.26,New,Digital
INV105605,7/27/2024 2:18,S001,C0022,Clothing,1,92.69,19.87,56.07,Returning,Cash
INV105329,7/27/2024 2:38,S004,SH0030,Shoes,5,58.68,16.07,41.15,New,Digital
INV106010,7/27/2024 6:02,S019,A0030,Accessories,2,23.03,3.74,13.77,New,Digital
INV102345,7/27/2024 8:24,S014,A0037,Accessories,5,12.47,10.3,6.89,Returning,Card
INV106979,7/27/2024 9:36,S016,C0071,Clothing,5,59.75,16.96,47.39,Returning,Digital
INV108641,7/27/2024 10:36,S005,A0017,Accessories,6,36.59,11.72,15.11,New,Digital
INV107969,7/27/2024 17:38,S008,C0056,Clothing,2,35.86,18.47,21.85,New,Cash
INV101866,7/27/2024 20:59,S013,SH0037,Shoes,6,125.04,18.73,85.08,New,Card
INV107677,7/28/2024 6:14,S017,A0015,Accessories,2,59.57,13.24,38.98,Returning,Card
INV106338,7/28/2024 7:17,S001,SH0009,Shoes,3,76.97,4.71,64.69,Returning,Card
INV102120,7/28/2024 8:44,S014,C0100,Clothing,1,25.04,9.14,16.08,New,Card
INV106247,7/28/2024 9:19,S005,A0002,Accessories,6,69.97,3.92,33.53,Returning,Digital
INV104768,7/28/2024 11:47,S008,A0001,Accessories,6,65.32,3.77,44.71,New,Card
INV104627,7/28/2024 14:10,S003,C0005,Clothing,3,74.11,7.94,55.37,Returning,Card
INV108536,7/28/2024 15:14,S005,C0065,Clothing,6,104.67,18.07,62.99,Returning,Cash
INV108014,7/28/2024 15:57,S001,SH0014,Shoes,5,126.36,9.4,103.07,New,Card
INV109004,7/28/2024 16:19,S002,SH0025,Shoes,2,112.12,5.03,73.98,Returning,Card
INV106503,7/28/2024 16:34,S005,SH0029,Shoes,4,120.55,7.64,89.5,Returning,Card
INV105135,7/28/2024 17:31,S001,A0011,Accessories,4,74.27,7.56,29.79,New,Cash
INV103707,7/28/2024 18:57,S015,A0056,Accessories,6,24.72,19.89,16.49,Returning,Digital
INV104165,7/28/2024 19:57,S009,SH0021,Shoes,2,54.73,9.63,36.61,Returning,Card
INV109355,7/28/2024 20:27,S005,A0003,Accessories,1,13.72,3.5,6.69,New,Card
INV104594,7/29/2024 1:06,S015,A0043,Accessories,2,21.65,6.46,14.56,New,Cash
INV108287,7/29/2024 2:05,S020,SH0027,Shoes,6,124.63,18.45,82.86,New,Digital
INV107966,7/29/2024 3:26,S006,A0013,Accessories,3,65.65,5.67,37.19,Returning,Cash
INV103020,7/29/2024 4:41,S013,A0058,Accessories,3,49.73,11.16,34.61,Returning,Digital
INV101969,7/29/2024 6:14,S007,A0018,Accessories,4,25.08,16.66,18.09,Returning,Digital
INV108430,7/29/2024 8:46,S005,SH0011,Shoes,6,50.71,16.48,32.19,New,Digital
INV108787,7/29/2024 9:52,S014,SH0030,Shoes,6,126.47,5.97,104.48,New,Cash
INV106908,7/29/2024 11:41,S005,SH0022,Shoes,1,105.46,11.6,89.29,New,Cash
INV103724,7/29/2024 12:40,S011,C0090,Clothing,4,112.25,7.66,78.53,New,Digital
INV100270,7/29/2024 15:54,S018,A0051,Accessories,6,37.82,5.3,21.6,Returning,Cash
INV101126,7/29/2024 16:31,S009,SH0018,Shoes,2,50.71,15.83,33.82,New,Card
INV106139,7/30/2024 0:14,S011,C0039,Clothing,2,75.95,3.83,39.29,New,Digital
INV101217,7/30/2024 1:39,S019,C0022,Clothing,4,109.71,2.15,81.98,Returning,Digital
INV102167,7/30/2024 2:01,S015,C0068,Clothing,6,46.07,18.65,36.18,New,Card
INV107815,7/30/2024 2:07,S005,A0042,Accessories,5,10.46,14.94,7.68,New,Digital
INV103868,7/30/2024 4:03,S007,SH0036,Shoes,3,105.52,10.39,78.37,New,Card
INV102571,7/30/2024 4:23,S015,A0058,Accessories,3,48.32,9.29,34.92,New,Digital
INV103004,7/30/2024 6:23,S001,SH0005,Shoes,3,89.81,6.73,67.04,Returning,Cash
INV109891,7/30/2024 6:34,S012,C0055,Clothing,6,67.37,7.12,40.98,New,Digital
INV108502,7/30/2024 8:06,S012,C0041,Clothing,6,92.6,9.82,63.93,Returning,Cash
INV100196,7/30/2024 8:09,S010,SH0010,Shoes,1,158.34,1.83,102.13,Returning,Card
INV105394,7/30/2024 8:22,S005,A0050,Accessories,3,61.47,14.66,31.29,Returning,Cash
INV109956,7/30/2024 8:26,S008,SH0015,Shoes,1,124.99,13.7,74.08,New,Digital
INV109536,7/30/2024 10:23,S002,A0020,Accessories,4,55.47,8.77,39.46,Returning,Card
INV105273,7/30/2024 11:56,S004,A0040,Accessories,3,50.46,17.98,29.14,Returning,Cash
INV103009,7/30/2024 12:43,S011,A0040,Accessories,6,50.77,11.68,33.62,Returning,Digital
INV102879,7/30/2024 20:10,S006,C0092,Clothing,5,41.88,17.94,31.86,New,Card
INV100235,7/30/2024 20:34,S005,SH0010,Shoes,5,84.39,18.42,54.26,Returning,Card
INV106160,7/30/2024 22:26,S020,SH0036,Shoes,1,114.32,6.97,88.54,Returning,Cash
INV102019,7/31/2024 2:18,S008,C0078,Clothing,1,51.16,18.78,25.91,Returning,Card
INV100694,7/31/2024 9:38,S010,C0071,Clothing,4,92.66,6.12,53.48,Returning,Digital
INV106219,7/31/2024 11:54,S017,C0067,Clothing,6,112.74,3.56,78.38,Returning,Cash
INV101404,7/31/2024 14:01,S003,SH0033,Shoes,6,140.15,10.16,117.64,Returning,Card
INV106521,7/31/2024 15:40,S015,C0064,Clothing,2,66.3,1.97,42.8,Returning,Digital
INV105417,7/31/2024 15:59,S001,SH0019,Shoes,2,159.52,19.85,129.7,New,Card
INV102102,7/31/2024 19:53,S003,C0003,Clothing,5,99.01,11.95,56.48,Returning,Digital
INV104479,7/31/2024 23:41,S012,SH0004,Shoes,4,77.15,16.3,46.8,New,Cash
INV102968,8/1/2024 2:06,S010,A0017,Accessories,5,72.26,6.65,35.61,New,Cash
INV108004,8/1/2024 2:18,S012,SH0001,Shoes,3,55.29,17.51,31.26,New,Digital
INV102749,8/1/2024 8:42,S011,A0009,Accessories,1,58.84,2.1,33.97,Returning,Digital
INV100115,8/1/2024 9:35,S017,SH0022,Shoes,6,170.11,19.94,127.76,New,Digital
INV100837,8/1/2024 11:27,S012,C0051,Clothing,1,70.22,8.83,45.81,New,Cash
INV108277,8/1/2024 13:18,S004,SH0012,Shoes,3,111.83,11.69,62.31,Returning,Cash
INV101778,8/1/2024 18:14,S015,A0049,Accessories,2,24.06,3.21,14.84,New,Cash
INV106087,8/1/2024 20:00,S010,SH0008,Shoes,6,132.34,6.05,86.46,New,Digital
INV102319,8/1/2024 22:17,S004,SH0004,Shoes,2,185.98,9.34,140.16,New,Card
INV104706,8/1/2024 23:05,S009,A0045,Accessories,6,56.15,5.28,30.75,Returning,Digital
INV104641,8/2/2024 4:08,S019,SH0008,Shoes,2,97.85,9.13,59.73,New,Card
INV108062,8/2/2024 5:47,S019,SH0006,Shoes,3,103.88,15.82,87.24,New,Cash
INV101385,8/2/2024 13:27,S004,SH0002,Shoes,3,105.97,10.62,62.42,Returning,Card
INV109491,8/2/2024 17:55,S009,SH0019,Shoes,5,162.59,9.97,123.72,New,Digital
INV109206,8/2/2024 20:51,S015,A0009,Accessories,3,62.83,19.86,28.82,Returning,Digital
INV106948,8/3/2024 7:54,S014,SH0033,Shoes,6,142.65,2.85,80.2,New,Card
INV100454,8/3/2024 13:25,S020,SH0039,Shoes,6,182.6,13.99,134.91,Returning,Card
INV109940,8/3/2024 15:02,S002,A0018,Accessories,3,53,16.29,23.34,Returning,Digital
INV105198,8/3/2024 15:26,S004,C0086,Clothing,6,30.61,17.03,22.79,New,Card
INV108120,8/3/2024 22:33,S016,SH0021,Shoes,5,181.82,8.7,141.13,Returning,Digital
INV108623,8/3/2024 22:51,S006,C0027,Clothing,3,99.96,14.41,73.46,New,Card
INV108176,8/4/2024 1:25,S009,C0075,Clothing,1,99.39,7.24,61.52,New,Card
INV108515,8/4/2024 1:45,S007,C0024,Clothing,5,52.52,18.35,38.15,Returning,Digital
INV109701,8/4/2024 2:04,S010,SH0032,Shoes,3,133.74,3.36,105.85,New,Digital
INV102333,8/4/2024 4:20,S008,SH0003,Shoes,1,190.62,11.73,148.91,Returning,Cash
INV109735,8/4/2024 9:45,S001,A0042,Accessories,6,54.1,14.64,36.71,Returning,Card
INV102909,8/4/2024 9:51,S002,C0095,Clothing,2,28.96,19.66,22.65,Returning,Digital
INV100710,8/4/2024 9:53,S018,SH0030,Shoes,1,66.89,9.64,45.75,New,Cash
INV106718,8/4/2024 12:03,S007,SH0005,Shoes,1,178.39,17.4,131.6,Returning,Cash
INV107639,8/4/2024 14:40,S009,A0028,Accessories,5,33,10.34,22.71,Returning,Digital
INV107791,8/4/2024 15:10,S020,C0046,Clothing,4,60.79,3.58,33.92,Returning,Card
INV108239,8/4/2024 23:17,S019,C0077,Clothing,4,102.29,18.24,78.39,Returning,Digital
INV102705,8/5/2024 1:23,S006,SH0013,Shoes,3,135.55,16.82,78.33,New,Cash
INV101711,8/5/2024 3:06,S005,SH0040,Shoes,5,118.89,1.61,72.36,Returning,Cash
INV108585,8/5/2024 3:43,S016,SH0027,Shoes,4,58.52,8.61,44.58,New,Card
INV103581,8/5/2024 6:25,S016,C0053,Clothing,5,25.14,6.22,14.37,Returning,Card
INV109445,8/5/2024 8:12,S020,C0077,Clothing,3,66.99,7.46,53.28,New,Card
INV109378,8/5/2024 11:32,S016,SH0005,Shoes,2,143.85,16.18,120.92,New,Cash
INV109648,8/5/2024 15:47,S013,C0076,Clothing,5,38.99,17.82,30.49,Returning,Card
INV101914,8/5/2024 17:56,S013,SH0007,Shoes,5,64.75,10.46,46.63,New,Digital
INV108963,8/5/2024 19:12,S013,C0059,Clothing,3,77.99,1.48,46.34,New,Cash
INV104604,8/5/2024 19:12,S012,SH0010,Shoes,3,65.74,12.97,55.34,Returning,Digital
INV103802,8/6/2024 0:07,S008,C0082,Clothing,5,34.33,3.04,26.08,Returning,Cash
INV101322,8/6/2024 4:59,S018,A0046,Accessories,4,75.14,2.17,35.38,New,Card
INV103516,8/6/2024 7:28,S011,SH0035,Shoes,6,115.61,19.42,81.79,New,Digital
INV107249,8/6/2024 13:09,S019,C0024,Clothing,2,98.18,18.1,64.13,New,Cash
INV103664,8/6/2024 13:13,S007,C0044,Clothing,2,28.07,16.4,18,New,Cash
INV108731,8/6/2024 16:18,S012,C0063,Clothing,5,114.23,7.37,59.61,Returning,Cash
INV109475,8/7/2024 5:21,S020,SH0034,Shoes,5,57.96,11.2,33.75,Returning,Digital
INV100413,8/7/2024 7:27,S018,A0010,Accessories,5,19.25,14.91,8.26,Returning,Card
INV105003,8/7/2024 11:47,S003,C0054,Clothing,3,59.1,6.72,46.79,Returning,Cash
INV100111,8/7/2024 19:38,S015,A0030,Accessories,6,50.62,17.92,37.15,New,Card
INV102472,8/7/2024 22:03,S009,SH0034,Shoes,1,99.51,19.24,75.42,Returning,Digital
INV101111,8/8/2024 0:27,S017,SH0015,Shoes,4,73.64,6.41,56.34,New,Card
INV103524,8/8/2024 0:29,S001,A0039,Accessories,2,62.12,14.08,44.72,New,Card
INV102583,8/8/2024 0:42,S006,SH0030,Shoes,4,190.4,4.43,126.44,Returning,Digital
INV106450,8/8/2024 1:45,S002,SH0015,Shoes,3,43.68,4.43,24.39,New,Cash
INV101629,8/8/2024 2:59,S016,A0016,Accessories,6,74.62,19.4,46.57,New,Card
INV109941,8/8/2024 12:48,S008,C0058,Clothing,4,56.34,13.91,43.33,New,Card
INV108656,8/8/2024 14:14,S018,A0026,Accessories,1,32.71,19.56,17.91,New,Cash
INV101271,8/8/2024 18:07,S004,SH0009,Shoes,6,184.13,10.67,113.96,Returning,Card
INV105196,8/9/2024 0:21,S018,A0033,Accessories,2,54.91,16.26,41.18,New,Card
INV106809,8/9/2024 1:14,S015,C0083,Clothing,1,102.76,3.14,58.18,Returning,Digital
INV102709,8/9/2024 5:18,S014,SH0026,Shoes,2,109.59,14.56,76.08,Returning,Card
INV101956,8/9/2024 10:44,S013,A0026,Accessories,1,35.96,5.35,18.57,New,Card
INV100329,8/9/2024 11:14,S020,C0085,Clothing,2,53.19,19.01,32.35,Returning,Digital
INV101690,8/9/2024 12:36,S015,SH0010,Shoes,4,171.26,4.03,101.33,Returning,Digital
INV109027,8/9/2024 12:59,S019,C0006,Clothing,2,42.26,3.88,22.33,Returning,Cash
INV102840,8/9/2024 13:03,S015,SH0015,Shoes,3,62.61,9.37,46.31,New,Card
INV109841,8/9/2024 15:37,S008,SH0031,Shoes,6,71.49,13.61,49.34,New,Digital
INV107725,8/9/2024 17:35,S013,C0100,Clothing,5,34.3,3.95,22.23,New,Digital
INV106706,8/9/2024 18:00,S002,C0036,Clothing,3,116.9,11.61,79.49,Returning,Cash
INV106638,8/9/2024 20:02,S002,SH0023,Shoes,1,107.02,10.46,65.98,Returning,Card
INV100556,8/9/2024 22:54,S007,C0076,Clothing,5,53.68,9.51,27.92,Returning,Cash
INV104741,8/10/2024 0:18,S008,C0095,Clothing,6,79.28,16.2,57.94,Returning,Cash
INV102158,8/10/2024 2:40,S010,SH0013,Shoes,5,137.41,15.86,76.25,New,Card
INV109052,8/10/2024 6:02,S019,C0062,Clothing,4,50.44,6.05,31.64,Returning,Digital
INV104138,8/10/2024 16:56,S007,A0028,Accessories,3,62.74,2.21,34.4,New,Card
INV106525,8/10/2024 17:46,S006,C0084,Clothing,4,68.41,15.74,50.27,New,Cash
INV103185,8/10/2024 23:03,S015,A0012,Accessories,5,46.58,5.95,22.28,Returning,Card
INV105851,8/11/2024 8:09,S010,C0030,Clothing,4,117.2,12.32,71.34,New,Card
INV107746,8/11/2024 15:45,S006,C0032,Clothing,2,82.39,19.65,52.15,New,Card
INV100725,8/11/2024 18:11,S003,A0042,Accessories,2,59.19,1.99,29.86,New,Card
INV108612,8/11/2024 19:26,S006,SH0013,Shoes,6,191.88,0.21,158.36,New,Cash
INV106157,8/11/2024 22:17,S018,C0004,Clothing,6,74.85,7.01,39.62,Returning,Cash
INV105328,8/12/2024 1:04,S002,A0052,Accessories,1,54.71,14.51,28.25,New,Digital
INV103304,8/12/2024 2:38,S013,A0003,Accessories,6,66.87,16.58,43.62,New,Digital
INV102782,8/12/2024 3:12,S018,SH0021,Shoes,3,181.23,8.05,111.51,New,Cash
INV102726,8/12/2024 3:51,S001,C0041,Clothing,2,110.36,0.89,71.86,Returning,Card
INV106744,8/12/2024 4:15,S004,A0041,Accessories,2,34.51,3.95,18,Returning,Card
INV104548,8/12/2024 13:53,S009,C0084,Clothing,2,64.52,9.93,41.17,New,Cash
INV102135,8/12/2024 17:39,S016,SH0007,Shoes,1,199.18,8.65,162.81,New,Digital
INV103668,8/12/2024 21:55,S011,A0058,Accessories,3,40.02,2.57,19.27,New,Card
INV102058,8/13/2024 1:04,S012,SH0010,Shoes,1,107.05,2.69,59.86,New,Digital
INV107769,8/13/2024 2:03,S006,C0022,Clothing,5,39.23,4.95,30.45,New,Card
INV101156,8/13/2024 6:01,S009,C0038,Clothing,6,32.11,1.43,17.84,Returning,Cash
INV103328,8/13/2024 12:11,S009,A0029,Accessories,3,78.16,8.63,39.43,Returning,Cash
INV105949,8/13/2024 22:24,S015,C0065,Clothing,6,25.66,4.3,13.09,Returning,Cash
INV105477,8/14/2024 0:12,S019,A0059,Accessories,6,46.39,1.71,25.94,New,Cash
INV100803,8/14/2024 1:13,S012,C0054,Clothing,5,89.64,7.55,65.64,New,Cash
INV107324,8/14/2024 2:29,S006,A0022,Accessories,5,70.57,6.64,30.9,New,Card
INV105203,8/14/2024 7:01,S006,SH0029,Shoes,2,60.9,12.97,48.07,Returning,Digital
INV104314,8/14/2024 8:03,S013,C0018,Clothing,2,89.32,16.24,53.68,Returning,Card
INV109370,8/14/2024 10:14,S004,C0029,Clothing,3,89.24,9.62,52.95,New,Digital
INV103386,8/14/2024 12:03,S011,SH0002,Shoes,6,191.56,15.71,137.97,Returning,Card
INV106258,8/14/2024 17:56,S003,SH0016,Shoes,6,147.36,2.59,81.85,Returning,Digital
INV109950,8/14/2024 19:31,S008,A0021,Accessories,2,64.58,13.99,38.58,New,Cash
INV104491,8/15/2024 0:51,S007,A0039,Accessories,5,21.36,7.65,14.82,Returning,Card
INV104163,8/15/2024 1:52,S011,A0009,Accessories,2,44.7,1.62,22.07,New,Card
INV104802,8/15/2024 2:29,S001,C0070,Clothing,6,84.57,9.38,42.4,Returning,Card
INV100852,8/15/2024 8:58,S005,SH0020,Shoes,3,67.73,16.09,46.11,New,Card
INV101733,8/15/2024 10:23,S015,C0049,Clothing,6,105.41,16.24,72.93,New,Cash
INV105623,8/15/2024 10:42,S020,A0036,Accessories,5,76.4,12.31,56.98,Returning,Card
INV105403,8/15/2024 18:10,S005,SH0022,Shoes,1,131.86,19.4,110.56,Returning,Digital
INV105507,8/15/2024 23:09,S003,A0039,Accessories,5,45.42,13.7,21.58,Returning,Digital
INV109904,8/16/2024 1:41,S006,SH0040,Shoes,6,142.21,0.13,84.85,New,Cash
INV100757,8/16/2024 2:34,S005,A0020,Accessories,2,60.77,10.67,45.36,New,Cash
INV109850,8/16/2024 3:54,S020,A0033,Accessories,4,25.77,18.47,15.73,New,Cash
INV105712,8/16/2024 4:50,S004,SH0002,Shoes,2,197.48,5.49,135.8,Returning,Cash
INV109294,8/16/2024 7:08,S002,A0039,Accessories,5,70.28,0.94,29.61,New,Cash
INV104424,8/16/2024 11:57,S020,SH0035,Shoes,4,159.1,18.88,96.86,Returning,Card
INV103105,8/16/2024 13:12,S018,A0034,Accessories,3,14.86,16.68,7.58,New,Cash
INV108667,8/16/2024 14:42,S012,SH0029,Shoes,3,191.15,12.82,105.96,New,Digital
INV108022,8/16/2024 15:23,S020,A0006,Accessories,2,69.89,0.81,49.11,New,Card
INV109460,8/16/2024 18:25,S016,C0045,Clothing,5,81.35,6.11,46.03,Returning,Card
INV101498,8/16/2024 20:50,S017,SH0011,Shoes,5,50.8,15.71,41.76,Returning,Digital
INV102384,8/16/2024 23:34,S002,A0048,Accessories,3,50.82,2.52,23.01,Returning,Cash
INV101265,8/17/2024 2:32,S015,C0074,Clothing,3,47.77,18.69,30.01,New,Cash
INV104032,8/17/2024 3:15,S019,A0060,Accessories,6,52.4,19.58,30.9,Returning,Cash
INV107520,8/17/2024 6:56,S001,C0021,Clothing,6,56.93,15.81,34.18,New,Cash
INV104615,8/17/2024 17:18,S020,A0005,Accessories,6,53.66,19.62,21.52,Returning,Card
INV106729,8/17/2024 19:42,S009,SH0038,Shoes,2,116.89,7.26,76.52,Returning,Digital
INV105572,8/17/2024 20:01,S005,SH0039,Shoes,2,122.77,19.67,97.54,Returning,Card
INV107267,8/17/2024 22:34,S006,SH0035,Shoes,5,93.32,12.69,74.21,Returning,Card
INV107699,8/18/2024 0:35,S020,C0067,Clothing,4,101.71,11.38,58.04,New,Card
INV109680,8/18/2024 5:39,S020,SH0029,Shoes,6,131.52,14.46,94.28,Returning,Cash
INV106655,8/18/2024 6:42,S011,A0056,Accessories,4,29.7,1.12,17.53,Returning,Digital
INV101202,8/18/2024 9:23,S010,A0030,Accessories,4,73.66,1.56,52.33,Returning,Digital
INV108097,8/18/2024 13:08,S016,SH0024,Shoes,5,86.3,0.85,54.45,Returning,Digital
INV103469,8/18/2024 13:51,S010,A0007,Accessories,3,32.1,3.32,20.97,Returning,Digital
INV105464,8/18/2024 17:35,S018,A0004,Accessories,5,71.75,14.92,39.2,New,Cash
INV100197,8/19/2024 4:05,S012,A0029,Accessories,1,48.99,0.53,28.38,New,Digital
INV101921,8/19/2024 4:59,S004,SH0021,Shoes,5,176.13,19.81,107.36,Returning,Digital
INV103397,8/19/2024 5:43,S013,C0045,Clothing,3,79.3,13.76,58.88,New,Cash
INV101479,8/19/2024 7:06,S001,C0060,Clothing,1,97.89,12.02,76.59,New,Card
INV109771,8/19/2024 12:32,S009,A0028,Accessories,1,73.72,5.03,47.88,Returning,Digital
INV104003,8/19/2024 13:09,S020,A0022,Accessories,6,10,3.26,6.8,New,Cash
INV104635,8/19/2024 13:46,S013,A0060,Accessories,4,59.93,19.51,32.55,Returning,Digital
INV104955,8/19/2024 17:31,S008,SH0019,Shoes,4,55.64,16.52,37.05,Returning,Cash
INV104610,8/19/2024 19:12,S010,A0027,Accessories,5,19.14,17.3,14.14,New,Card
INV101830,8/19/2024 19:16,S002,SH0026,Shoes,5,60.02,18.42,49.9,Returning,Card
INV103555,8/20/2024 0:48,S014,SH0011,Shoes,6,168.22,19.51,113.88,New,Cash
INV105414,8/20/2024 1:03,S005,A0022,Accessories,6,24.08,12.64,14.66,New,Cash
INV108031,8/20/2024 3:03,S006,C0066,Clothing,1,103.72,18.39,68.46,Returning,Card
INV108559,8/20/2024 4:37,S004,SH0014,Shoes,5,61.02,10.9,44.87,Returning,Digital
INV102548,8/20/2024 4:43,S008,SH0019,Shoes,4,141.8,19.04,92.36,New,Card
INV108008,8/20/2024 7:42,S013,C0019,Clothing,6,45.56,5.26,22.98,Returning,Card
INV106564,8/20/2024 12:31,S001,C0067,Clothing,5,41.6,18.03,28.3,Returning,Digital
INV109723,8/20/2024 12:57,S014,C0055,Clothing,1,47.99,7.42,27.54,New,Cash
INV108707,8/20/2024 15:40,S003,A0045,Accessories,5,24.9,3.27,13.43,Returning,Card
INV103580,8/20/2024 17:04,S018,A0058,Accessories,3,24.53,13.77,14.79,New,Cash
INV103457,8/20/2024 18:50,S020,A0029,Accessories,1,53.95,0.44,36.54,Returning,Digital
INV109472,8/21/2024 1:45,S007,A0030,Accessories,3,55.63,8.36,34.26,New,Cash
INV104673,8/21/2024 2:23,S005,SH0039,Shoes,6,44.4,10.06,30.92,Returning,Cash
INV107748,8/21/2024 9:27,S002,A0028,Accessories,2,60.85,3.09,37.14,Returning,Cash
INV103199,8/21/2024 11:46,S006,C0045,Clothing,4,100.28,6.01,68.15,Returning,Digital
INV100318,8/21/2024 12:42,S008,SH0021,Shoes,5,120.66,18.32,80.29,Returning,Card
INV103099,8/22/2024 1:39,S004,A0017,Accessories,6,30.23,4.63,17.07,New,Card
INV104660,8/22/2024 1:52,S002,C0089,Clothing,3,113.12,4.33,65.93,Returning,Cash
INV102286,8/22/2024 3:03,S012,SH0031,Shoes,3,102.75,5.8,83.67,Returning,Card
INV108660,8/22/2024 4:16,S005,SH0011,Shoes,6,63.59,12.04,35.16,New,Cash
INV103051,8/22/2024 6:06,S005,SH0021,Shoes,1,191.41,10.47,126.98,New,Cash
INV101420,8/22/2024 7:53,S020,SH0012,Shoes,3,187.06,10.92,138.05,New,Digital
INV109656,8/22/2024 10:35,S012,C0095,Clothing,1,104.89,19.1,62.29,New,Card
INV108154,8/22/2024 12:17,S013,C0024,Clothing,5,107.05,13.93,82.46,New,Digital
INV101463,8/22/2024 17:22,S017,A0024,Accessories,3,44.03,8.7,30.48,New,Cash
INV109113,8/22/2024 17:56,S018,C0035,Clothing,1,37.59,16.55,29.5,New,Card
INV107238,8/22/2024 18:53,S016,C0014,Clothing,1,98.72,15.71,52.56,New,Digital
INV103392,8/22/2024 21:03,S016,A0008,Accessories,3,70.59,0.76,47.59,Returning,Cash
INV106548,8/22/2024 22:26,S018,A0015,Accessories,2,17.23,2.42,12.09,New,Card
INV106104,8/23/2024 0:03,S001,SH0031,Shoes,4,45.35,12.55,37.52,New,Digital
INV105498,8/23/2024 2:22,S007,C0064,Clothing,6,52.15,14.66,26.3,Returning,Cash
INV109915,8/23/2024 18:15,S017,C0033,Clothing,4,83.68,9.93,51.41,Returning,Cash
INV107568,8/23/2024 18:28,S015,A0052,Accessories,5,29.27,17.04,15.4,New,Digital
INV107000,8/24/2024 0:56,S009,C0097,Clothing,2,85.04,13.37,45.42,New,Card
INV100458,8/24/2024 10:35,S008,C0039,Clothing,4,73.27,4.77,45.45,New,Card
INV107168,8/24/2024 11:55,S001,A0052,Accessories,3,29.87,11.68,14.44,New,Digital
INV105620,8/24/2024 17:40,S007,A0059,Accessories,1,47.31,11.73,29.07,New,Card
INV107225,8/24/2024 17:55,S008,SH0040,Shoes,1,57.14,15.79,44.52,Returning,Cash
INV100836,8/24/2024 23:07,S012,C0059,Clothing,6,38.7,10.62,19.68,Returning,Cash
INV105892,8/25/2024 0:20,S009,SH0023,Shoes,1,44.47,5.1,34.89,Returning,Digital
INV105146,8/25/2024 2:07,S014,SH0016,Shoes,6,118.82,19.71,98.93,Returning,Digital
INV105357,8/25/2024 3:00,S008,SH0036,Shoes,2,52.55,1.57,36.68,Returning,Card
INV109838,8/25/2024 5:47,S004,SH0018,Shoes,4,186.45,4.38,116.49,Returning,Card
INV106022,8/25/2024 9:41,S013,C0009,Clothing,1,80.85,3.39,54.41,New,Card
INV106658,8/25/2024 12:10,S015,SH0019,Shoes,5,96.18,10.29,64.05,Returning,Cash
INV106476,8/25/2024 16:11,S019,A0048,Accessories,4,69.68,13.47,49.92,Returning,Card
INV104270,8/25/2024 17:02,S020,A0004,Accessories,6,55.73,14.58,39.32,New,Card
INV104889,8/25/2024 20:36,S016,SH0040,Shoes,3,110.59,2.27,81.75,Returning,Card
INV109073,8/25/2024 21:55,S008,C0067,Clothing,5,24.96,18.5,14.73,Returning,Cash
INV105759,8/26/2024 0:03,S012,A0009,Accessories,4,40.23,10.25,22.66,New,Card
INV106674,8/26/2024 2:36,S014,A0047,Accessories,5,64.62,19.35,45.29,New,Cash
INV104813,8/26/2024 4:47,S019,C0022,Clothing,6,56.1,16.41,44.88,Returning,Cash
INV105187,8/26/2024 5:59,S018,C0063,Clothing,3,33.71,15.94,25.19,New,Card
INV103567,8/26/2024 8:04,S008,C0040,Clothing,4,39.12,10.37,30.04,New,Digital
INV102078,8/26/2024 12:21,S012,SH0038,Shoes,2,70.16,11.8,40.06,Returning,Card
INV105504,8/26/2024 13:30,S016,A0037,Accessories,3,53.47,2.89,31.76,Returning,Digital
INV100927,8/26/2024 20:19,S016,C0081,Clothing,2,117.58,4.15,62.15,New,Cash
INV105872,8/26/2024 23:08,S012,SH0005,Shoes,3,85.69,3.39,64.69,New,Card
INV105300,8/27/2024 2:35,S012,C0016,Clothing,5,78.81,6.6,55.66,New,Cash
INV107252,8/27/2024 3:31,S002,A0035,Accessories,3,63.9,6.99,27.72,Returning,Card
INV107057,8/27/2024 3:56,S017,C0067,Clothing,3,118.81,13.61,86.83,Returning,Digital
INV100154,8/27/2024 6:01,S020,A0027,Accessories,4,20.6,10.04,13.22,Returning,Digital
INV101898,8/27/2024 6:23,S012,SH0018,Shoes,1,124.26,9.28,79.48,Returning,Digital
INV106127,8/27/2024 8:54,S003,C0091,Clothing,2,119.14,6.62,70.93,New,Card
INV104082,8/27/2024 9:39,S006,C0011,Clothing,4,99.15,4.59,77.54,New,Digital
INV106988,8/27/2024 13:33,S013,SH0025,Shoes,6,150.54,5.35,107.35,New,Cash
INV104224,8/27/2024 15:48,S006,C0079,Clothing,5,89.89,3.21,68.34,Returning,Digital
INV102264,8/27/2024 16:06,S007,SH0035,Shoes,6,146.52,6.85,114.19,Returning,Card
INV101555,8/27/2024 20:36,S012,A0009,Accessories,3,49.85,4.12,26.57,Returning,Digital
INV108160,8/27/2024 21:55,S015,C0077,Clothing,3,95.58,4.14,69.92,New,Digital
INV109792,8/27/2024 22:16,S004,A0030,Accessories,2,50.64,6.03,24.83,New,Cash
INV106322,8/28/2024 2:03,S004,SH0035,Shoes,2,187.05,0.3,151.28,Returning,Card
INV105279,8/28/2024 2:33,S009,SH0005,Shoes,6,130.56,14.3,93.69,New,Cash
INV104910,8/28/2024 2:48,S006,A0057,Accessories,4,37.55,18.45,26.44,Returning,Cash
INV103790,8/28/2024 2:54,S006,SH0018,Shoes,1,40.26,14.85,25.03,Returning,Card
INV104916,8/28/2024 6:21,S002,SH0020,Shoes,3,110.77,3.1,67.45,Returning,Card
INV108730,8/28/2024 6:58,S014,C0054,Clothing,5,80.7,11.02,46.39,Returning,Card
INV104575,8/28/2024 7:41,S003,A0060,Accessories,6,62.69,17.11,32.05,Returning,Card
INV109048,8/28/2024 12:18,S001,C0075,Clothing,4,106.41,4.27,63.67,New,Cash
INV104993,8/28/2024 13:04,S019,A0034,Accessories,6,78.13,16.98,52.02,New,Digital
INV108946,8/28/2024 15:05,S014,C0018,Clothing,2,106.92,14.35,76.09,Returning,Cash
INV108818,8/28/2024 20:15,S004,SH0004,Shoes,5,124.09,14.52,99.08,Returning,Card
INV107077,8/28/2024 21:24,S001,SH0018,Shoes,2,94.08,15.15,60.55,Returning,Card
INV102800,8/29/2024 4:33,S019,A0005,Accessories,5,72.08,13.08,50.86,New,Card
INV103008,8/29/2024 5:23,S003,C0069,Clothing,5,46.45,12.05,36.97,Returning,Digital
INV103339,8/29/2024 5:42,S004,C0050,Clothing,3,55.29,1.2,38.95,Returning,Digital
INV107038,8/29/2024 6:05,S002,SH0030,Shoes,3,64.97,10.25,54.6,New,Cash
INV107890,8/29/2024 10:08,S004,SH0011,Shoes,5,104.46,12.66,67.06,New,Digital
INV108602,8/29/2024 11:38,S008,SH0003,Shoes,3,142.63,15.52,87.91,New,Digital
INV108470,8/29/2024 15:06,S016,C0030,Clothing,6,117.35,0.4,63.02,New,Digital
INV109040,8/29/2024 18:10,S013,C0036,Clothing,6,92.49,18.82,46.58,Returning,Card
INV102449,8/30/2024 0:54,S002,C0004,Clothing,4,68.04,0.84,37.28,New,Cash
INV109961,8/30/2024 2:27,S003,SH0013,Shoes,6,88.17,0.64,58.65,Returning,Cash
INV102043,8/30/2024 2:36,S017,A0053,Accessories,5,68.21,14.72,37.75,New,Digital
INV107929,8/30/2024 3:27,S008,C0093,Clothing,1,42.08,19.59,24.32,Returning,Card
INV107998,8/30/2024 4:26,S007,C0037,Clothing,4,35.78,2.96,22.38,Returning,Cash
INV106006,8/30/2024 7:19,S004,A0022,Accessories,6,78.64,19.4,47.73,New,Cash
INV109036,8/30/2024 9:01,S020,A0023,Accessories,6,40.21,15.79,17.41,Returning,Cash
INV108477,8/30/2024 13:35,S020,C0055,Clothing,6,25.14,12.32,12.58,Returning,Card
INV100772,8/30/2024 15:10,S004,C0014,Clothing,1,115.65,12.31,67.6,Returning,Cash
INV106048,8/30/2024 16:13,S014,C0063,Clothing,2,46.22,19.5,35.72,Returning,Digital
INV107157,8/30/2024 18:27,S001,C0073,Clothing,1,57.11,6.66,35.21,Returning,Card
INV109187,8/30/2024 21:37,S010,C0072,Clothing,6,45.48,0.18,31.95,Returning,Cash
INV108562,8/30/2024 23:45,S014,A0011,Accessories,2,68.34,1.84,46.61,Returning,Card
INV101647,8/31/2024 2:36,S001,SH0032,Shoes,3,173.49,11.53,99.57,New,Cash
INV108862,8/31/2024 3:24,S003,SH0008,Shoes,5,111.97,9.36,69.4,New,Digital
INV107016,8/31/2024 6:37,S003,A0018,Accessories,3,26.11,17.65,10.97,Returning,Digital
INV104727,8/31/2024 6:58,S010,C0085,Clothing,2,101.09,17.22,77.37,New,Cash
INV100331,8/31/2024 12:16,S017,SH0019,Shoes,3,43.95,10.29,30.99,Returning,Card
INV108570,8/31/2024 13:14,S016,C0010,Clothing,4,31.61,9.15,19.11,New,Cash
INV109744,8/31/2024 21:09,S007,C0035,Clothing,6,109.09,10.88,70.85,Returning,Digital
INV101782,9/1/2024 0:41,S007,SH0017,Shoes,4,85.3,5.99,49.3,New,Card
INV106380,9/1/2024 1:23,S018,A0017,Accessories,1,58.34,2.31,34.48,New,Digital
INV109947,9/1/2024 2:22,S012,SH0002,Shoes,5,56.59,17.46,46.15,New,Cash
INV109520,9/1/2024 2:57,S019,SH0001,Shoes,2,62.39,12.13,38.63,New,Digital
INV101376,9/1/2024 4:25,S015,SH0010,Shoes,2,157.08,2.36,91.84,Returning,Card
INV100047,9/1/2024 5:19,S007,SH0002,Shoes,4,188.62,7.93,136.32,New,Digital
INV100819,9/1/2024 6:01,S016,C0029,Clothing,2,28.34,5.35,20.05,New,Cash
INV109951,9/1/2024 16:58,S009,C0044,Clothing,3,37.95,5.74,25.99,New,Digital
INV103477,9/1/2024 18:45,S013,A0043,Accessories,5,28.91,19.42,21.37,New,Digital
INV107261,9/1/2024 20:13,S005,A0020,Accessories,3,37.87,18.25,20.5,Returning,Card
INV100476,9/2/2024 1:10,S013,A0031,Accessories,5,31.1,4.67,20.56,Returning,Card
INV108263,9/2/2024 1:37,S015,C0047,Clothing,3,97.74,3.14,57.02,New,Card
INV105380,9/2/2024 2:55,S001,SH0001,Shoes,4,174.57,9.04,134,Returning,Cash
INV102517,9/2/2024 3:09,S008,C0080,Clothing,2,28.63,10.05,20.29,New,Cash
INV106517,9/2/2024 3:23,S020,A0042,Accessories,3,52.56,18,27.45,New,Digital
INV102051,9/2/2024 3:56,S017,SH0019,Shoes,6,62.43,9.61,36.74,Returning,Cash
INV101990,9/2/2024 7:23,S011,C0091,Clothing,6,31.55,0.59,18.11,New,Card
INV100240,9/2/2024 7:47,S013,C0006,Clothing,1,105.87,9.44,53.33,New,Cash
INV101356,9/2/2024 10:55,S014,C0027,Clothing,1,20.56,10.44,12.38,New,Digital
INV105886,9/2/2024 12:04,S014,A0046,Accessories,4,10.1,8.78,6.22,Returning,Card
INV105120,9/2/2024 12:54,S006,SH0028,Shoes,4,68.78,10.45,45.76,Returning,Cash
INV106906,9/2/2024 13:18,S017,A0050,Accessories,2,22.34,8.9,16.48,New,Digital
INV101472,9/2/2024 13:53,S007,C0080,Clothing,2,99.3,19.55,64.98,Returning,Digital
INV107596,9/2/2024 14:49,S013,C0038,Clothing,1,87.87,0.67,50.6,New,Digital
INV106727,9/2/2024 19:45,S015,SH0001,Shoes,5,144.29,19.98,111.26,New,Digital
INV100967,9/2/2024 19:51,S012,A0033,Accessories,3,36.1,16.88,20.42,New,Cash
INV107601,9/2/2024 23:51,S020,C0064,Clothing,5,112.53,17.1,83.35,New,Cash
INV107490,9/3/2024 5:21,S010,A0018,Accessories,6,21.94,4.9,9.16,New,Card
INV105075,9/3/2024 8:28,S013,SH0001,Shoes,1,129.05,13.68,108.45,New,Card
INV107457,9/3/2024 9:20,S010,C0078,Clothing,6,110.74,10.52,55.8,New,Card
INV106051,9/3/2024 11:05,S020,A0049,Accessories,1,77.68,11.04,44.98,New,Digital
INV103041,9/3/2024 18:49,S011,C0020,Clothing,4,83.71,2.12,42.63,New,Card
INV109720,9/3/2024 19:51,S015,A0021,Accessories,1,53.4,10.1,34.93,Returning,Digital
INV100355,9/4/2024 2:30,S017,C0078,Clothing,6,73.93,12.98,36.99,Returning,Card
INV107483,9/4/2024 3:57,S015,SH0028,Shoes,4,113.58,18.44,89.21,New,Cash
INV108211,9/4/2024 4:52,S012,A0057,Accessories,5,29.77,14.08,12.83,New,Card
INV107540,9/4/2024 11:36,S017,A0012,Accessories,6,40.22,19.72,27.36,Returning,Digital
INV101310,9/4/2024 14:48,S008,C0083,Clothing,3,64.2,11.23,46.53,New,Card
INV104483,9/4/2024 15:13,S003,A0042,Accessories,1,37.3,5.57,18.91,New,Card
INV106320,9/4/2024 18:43,S001,SH0017,Shoes,1,195.37,2.42,160.07,New,Cash
INV103364,9/4/2024 20:44,S004,SH0020,Shoes,2,107.28,1.36,67.46,New,Digital
INV105604,9/4/2024 21:26,S012,C0007,Clothing,2,73.93,13.58,50.54,Returning,Cash
INV105905,9/4/2024 22:24,S014,A0045,Accessories,3,56.69,2.99,27.27,New,Digital
INV107842,9/5/2024 1:13,S019,SH0022,Shoes,4,129.65,9.93,85.23,Returning,Cash
INV103114,9/5/2024 1:16,S004,A0029,Accessories,4,79.77,8.99,57.52,New,Card
INV100149,9/5/2024 4:06,S007,A0051,Accessories,3,79.08,15.1,47.07,Returning,Digital
INV100173,9/5/2024 5:34,S010,SH0009,Shoes,1,156.46,15.12,96.51,Returning,Digital
INV108506,9/5/2024 5:37,S004,SH0012,Shoes,5,186.51,13.7,125.35,Returning,Cash
INV100548,9/5/2024 12:28,S010,A0029,Accessories,5,42.18,13.19,17.36,New,Card
INV106568,9/5/2024 13:33,S013,SH0039,Shoes,5,178.48,18.45,115.99,New,Card
INV103981,9/5/2024 15:43,S002,SH0013,Shoes,6,72.62,4.67,55.59,Returning,Cash
INV100312,9/5/2024 15:47,S003,C0014,Clothing,5,60.34,0,30.82,Returning,Digital
INV105598,9/5/2024 16:59,S008,A0027,Accessories,2,69.27,10.64,33.47,New,Card
INV104464,9/5/2024 18:37,S016,A0059,Accessories,6,10.36,12.07,6.14,Returning,Card
INV102014,9/5/2024 19:18,S015,A0013,Accessories,1,57.44,18.4,37.03,Returning,Card
INV105531,9/5/2024 20:08,S011,C0046,Clothing,1,23.37,17.23,17.17,Returning,Card
INV100350,9/5/2024 21:14,S006,A0047,Accessories,4,17.93,4.21,11.41,Returning,Cash
INV107916,9/5/2024 23:58,S013,A0038,Accessories,2,67.32,17.2,43.78,Returning,Card
INV100945,9/6/2024 1:28,S007,SH0004,Shoes,3,90.28,19.67,72.89,New,Card
INV101890,9/6/2024 1:53,S001,C0074,Clothing,4,108.01,8.02,67.52,New,Card
INV100249,9/6/2024 2:10,S011,SH0020,Shoes,1,172.22,4.3,130.73,New,Cash
INV102553,9/6/2024 2:19,S019,A0017,Accessories,1,27.82,19.36,18.07,New,Cash
INV104399,9/6/2024 8:10,S004,SH0020,Shoes,1,41.34,16.74,22.8,New,Card
INV105293,9/6/2024 16:40,S017,A0009,Accessories,5,26.51,5.35,12.51,Returning,Cash
INV108504,9/6/2024 18:12,S009,SH0010,Shoes,6,159.58,14.44,90.95,New,Cash
INV102026,9/7/2024 0:19,S019,SH0009,Shoes,5,90.38,2.59,75.7,Returning,Card
INV104713,9/7/2024 4:34,S015,A0017,Accessories,6,56.73,15.94,34,New,Card
INV105194,9/7/2024 6:36,S010,SH0009,Shoes,5,188.22,17.88,134.03,New,Card
INV103902,9/7/2024 6:50,S020,A0041,Accessories,3,63.72,13.24,39.6,Returning,Digital
INV103613,9/7/2024 7:43,S020,A0032,Accessories,4,28.87,16.82,17.06,Returning,Digital
INV101936,9/7/2024 8:18,S010,SH0011,Shoes,3,73.81,1.25,57.8,Returning,Card
INV103838,9/7/2024 13:10,S014,SH0026,Shoes,6,138.77,11.54,99.03,Returning,Card
INV102915,9/7/2024 15:10,S014,SH0020,Shoes,2,194.23,5.79,144.95,New,Cash
INV105333,9/7/2024 15:20,S010,A0005,Accessories,2,12.95,15.88,6.76,New,Card
INV101023,9/7/2024 15:47,S017,A0048,Accessories,2,79.68,19.7,43.45,Returning,Card
INV104940,9/7/2024 16:32,S020,SH0018,Shoes,6,62.67,7.52,50.37,Returning,Card
INV101722,9/7/2024 17:12,S004,A0054,Accessories,4,25.87,11.19,14.4,New,Cash
INV109038,9/7/2024 17:21,S010,SH0032,Shoes,3,166.34,1.88,121.01,New,Card
INV106698,9/7/2024 23:23,S010,SH0026,Shoes,5,159.21,19.89,127.45,New,Card
INV101234,9/8/2024 0:15,S018,A0012,Accessories,1,17.94,10.01,10.01,Returning,Digital
INV108610,9/8/2024 11:36,S015,C0009,Clothing,5,115.47,12.78,88.52,New,Digital
INV102335,9/8/2024 12:27,S014,C0023,Clothing,2,115.88,19.61,79.9,New,Cash
INV109183,9/8/2024 19:45,S008,A0032,Accessories,4,31.54,4.97,18.44,Returning,Card
INV100392,9/8/2024 22:15,S004,A0016,Accessories,4,61.63,14.71,25.37,New,Card
INV108380,9/8/2024 22:43,S006,C0094,Clothing,5,67.77,14.27,44.85,Returning,Card
INV101623,9/9/2024 1:14,S002,A0020,Accessories,5,76.48,11.91,37.34,Returning,Card
INV104009,9/9/2024 2:18,S020,SH0028,Shoes,1,78.21,11.29,52.96,New,Cash
INV101280,9/9/2024 7:26,S010,A0033,Accessories,6,25.95,0.98,13.3,New,Digital
INV102759,9/9/2024 14:14,S017,C0017,Clothing,4,33.74,12.9,19.11,Returning,Card
INV106254,9/9/2024 15:21,S002,A0015,Accessories,4,52.62,13.11,30.98,New,Card
INV107008,9/9/2024 17:17,S014,SH0029,Shoes,4,91.88,1.12,55.72,Returning,Digital
INV103201,9/9/2024 17:22,S013,SH0004,Shoes,5,124.21,9.6,70.15,Returning,Card
INV107022,9/9/2024 17:39,S012,C0036,Clothing,3,73.28,9.23,39.98,Returning,Digital
INV103560,9/9/2024 18:50,S002,SH0003,Shoes,2,164.63,16.19,99.72,Returning,Cash
INV106276,9/9/2024 19:16,S009,SH0022,Shoes,2,150.7,12.97,123.6,New,Cash
INV107801,9/9/2024 21:22,S010,A0007,Accessories,6,48.69,16.8,25.91,Returning,Cash
INV108850,9/10/2024 2:27,S019,A0041,Accessories,6,70.55,4.62,49.59,New,Cash
INV103251,9/10/2024 6:22,S005,A0010,Accessories,1,32.79,11.14,17.04,Returning,Digital
INV108123,9/10/2024 7:00,S002,A0059,Accessories,1,52.81,16.79,29.81,New,Card
INV103317,9/10/2024 7:07,S020,SH0036,Shoes,1,69.73,10.32,46.21,New,Card
INV103118,9/10/2024 13:48,S010,A0017,Accessories,1,48.32,5.42,34.92,New,Cash
INV104303,9/10/2024 18:32,S007,A0010,Accessories,5,13.53,1.58,9.4,New,Cash
INV103256,9/10/2024 18:40,S010,A0049,Accessories,6,36.94,14.13,27.31,New,Digital
INV106175,9/10/2024 20:23,S006,C0061,Clothing,4,63.61,9.26,39.52,New,Card
INV101305,9/11/2024 1:06,S019,A0029,Accessories,1,58.38,10.15,23.72,New,Card
INV101659,9/11/2024 1:12,S005,SH0035,Shoes,2,40.2,0.17,28.02,Returning,Card
INV108124,9/11/2024 6:12,S007,C0022,Clothing,1,39.69,7.18,28.44,New,Card
INV108272,9/11/2024 12:09,S013,C0077,Clothing,5,36.52,17.96,18.71,New,Cash
INV106925,9/11/2024 15:40,S003,SH0015,Shoes,4,153.08,7.36,89.97,New,Card
INV104586,9/11/2024 22:25,S008,SH0032,Shoes,6,123.1,10.3,98.85,New,Cash
INV104135,9/12/2024 4:26,S008,A0039,Accessories,6,64.79,10.37,33.49,New,Digital
INV108432,9/12/2024 4:38,S020,C0086,Clothing,6,23.63,14.81,12.11,New,Cash
INV106366,9/12/2024 8:08,S002,A0017,Accessories,6,15.32,2.73,8.24,Returning,Cash
INV108128,9/12/2024 8:53,S016,C0049,Clothing,1,62.16,15.03,47.16,New,Digital
INV107223,9/12/2024 9:50,S011,SH0013,Shoes,4,158.82,17.44,131.21,New,Digital
INV109623,9/12/2024 10:00,S011,A0046,Accessories,5,69.52,15.95,39.64,Returning,Card
INV106915,9/12/2024 11:26,S011,A0002,Accessories,2,34,5.89,23.53,New,Card
INV109179,9/12/2024 18:24,S017,C0038,Clothing,3,64.93,15.73,34.28,Returning,Cash
INV105005,9/12/2024 19:50,S011,A0022,Accessories,4,24.03,14.12,10.44,New,Card
INV102073,9/12/2024 21:33,S012,C0053,Clothing,5,112.68,18.12,70.96,New,Cash
INV101199,9/13/2024 1:13,S010,SH0024,Shoes,4,174.71,7.65,102.15,Returning,Cash
INV107155,9/13/2024 3:32,S009,SH0024,Shoes,6,144.52,0.74,102.66,Returning,Digital
INV105288,9/13/2024 4:22,S005,C0033,Clothing,2,49.04,16.77,31.3,New,Card
INV101247,9/13/2024 5:47,S009,SH0033,Shoes,6,78.17,10.46,52.56,New,Card
INV103911,9/13/2024 6:25,S006,SH0017,Shoes,1,51.55,16.01,42.36,New,Digital
INV100831,9/13/2024 10:55,S019,SH0027,Shoes,5,141.9,10.55,106.49,Returning,Digital
INV100909,9/13/2024 14:18,S016,C0092,Clothing,4,90.63,17.78,68.28,Returning,Cash
INV100473,9/13/2024 16:04,S004,A0017,Accessories,3,19.28,0.28,9.61,New,Digital
INV100812,9/13/2024 16:07,S006,SH0026,Shoes,3,174.88,16.75,129.1,Returning,Cash
INV109124,9/13/2024 20:55,S002,A0058,Accessories,2,32.49,13.09,13.91,Returning,Cash
INV107435,9/14/2024 1:09,S016,SH0013,Shoes,4,94.85,7.54,73.95,Returning,Card
INV101182,9/14/2024 3:59,S004,SH0028,Shoes,5,72.78,1.2,59.49,Returning,Digital
INV104967,9/14/2024 9:15,S009,SH0033,Shoes,6,87.07,0.65,67.66,New,Card
INV106981,9/14/2024 9:26,S014,C0021,Clothing,5,56.65,1.75,39.57,Returning,Cash
INV107594,9/14/2024 15:26,S002,C0090,Clothing,1,114.49,3.22,82.63,New,Digital
INV103639,9/14/2024 17:01,S007,A0017,Accessories,2,57.09,15.59,24.06,New,Digital
INV108574,9/14/2024 17:22,S014,A0051,Accessories,5,57.78,5.81,24.29,New,Digital
INV109321,9/14/2024 22:17,S017,A0048,Accessories,5,76.07,1.74,38.07,Returning,Card
INV106608,9/14/2024 23:26,S019,A0013,Accessories,6,14.1,7.13,7.69,Returning,Cash
INV102211,9/15/2024 8:51,S011,SH0030,Shoes,3,190.28,1.77,112.92,New,Digital
INV109118,9/15/2024 11:17,S003,A0058,Accessories,4,50.51,11.13,29.9,Returning,Digital
INV106136,9/15/2024 11:30,S007,C0014,Clothing,6,65.78,0.5,37.88,Returning,Cash
INV106235,9/15/2024 15:44,S014,A0001,Accessories,1,12.87,7.31,8.55,New,Digital
INV100139,9/15/2024 17:40,S017,C0099,Clothing,1,116.63,16.63,73.45,New,Card
INV104569,9/16/2024 7:43,S020,C0002,Clothing,6,115.8,12.73,58.47,Returning,Digital
INV102957,9/16/2024 8:36,S015,SH0002,Shoes,2,55.43,15.8,31.14,Returning,Card
INV103683,9/16/2024 9:25,S006,SH0026,Shoes,1,122.57,8.24,79.59,New,Card
INV108650,9/16/2024 11:37,S007,SH0016,Shoes,1,165.12,14.8,128.69,Returning,Card
INV101821,9/16/2024 11:37,S005,SH0032,Shoes,6,194.85,18.1,157.17,New,Card
INV106455,9/16/2024 14:39,S006,C0085,Clothing,1,68.99,0.68,54.17,New,Digital
INV106582,9/16/2024 18:44,S017,A0037,Accessories,4,70.87,12.53,30.31,Returning,Card
INV102505,9/16/2024 20:41,S012,A0011,Accessories,3,45.8,18.52,25.71,Returning,Digital
INV108403,9/17/2024 1:45,S001,SH0021,Shoes,3,91.05,12.34,59.36,Returning,Cash
INV107302,9/17/2024 5:02,S008,C0030,Clothing,4,90.79,17.74,62.74,New,Card
INV102172,9/17/2024 10:03,S006,SH0016,Shoes,4,126.23,8.56,102.42,Returning,Card
INV103447,9/17/2024 10:42,S007,SH0037,Shoes,6,121.03,18.61,98.99,New,Card
INV103465,9/17/2024 12:42,S007,C0057,Clothing,6,60.47,13.14,47.14,New,Card
INV103532,9/17/2024 14:10,S008,A0006,Accessories,1,48.73,11.5,29.15,New,Cash
INV101106,9/17/2024 19:00,S002,SH0002,Shoes,4,88.43,7.6,53.93,Returning,Digital
INV109434,9/18/2024 0:26,S013,SH0025,Shoes,2,183.5,8.82,125.81,New,Cash
INV104313,9/18/2024 6:49,S017,A0016,Accessories,5,72.3,19.43,44.96,New,Digital
INV106894,9/18/2024 8:40,S010,SH0037,Shoes,4,128.15,18.39,96.25,New,Cash
INV102304,9/18/2024 14:20,S019,SH0002,Shoes,4,164.79,13.62,108.21,Returning,Card
INV107190,9/18/2024 22:06,S015,SH0038,Shoes,4,185.08,18.65,105.76,Returning,Card
INV100354,9/19/2024 3:01,S016,SH0033,Shoes,5,149.5,1.93,119.29,New,Digital
INV104840,9/19/2024 3:36,S007,SH0040,Shoes,4,42.96,9.3,35.42,New,Digital
INV103799,9/19/2024 5:39,S007,C0092,Clothing,4,73.84,0.72,55.16,New,Cash
INV104529,9/19/2024 6:46,S011,A0021,Accessories,6,28.48,18.41,18.77,New,Cash
INV107703,9/19/2024 6:51,S014,C0078,Clothing,6,25.53,5.09,12.9,Returning,Digital
INV106753,9/19/2024 10:03,S016,A0006,Accessories,1,79.61,4.31,34.8,New,Card
INV109403,9/19/2024 10:26,S003,A0010,Accessories,2,63.43,2.24,30.28,Returning,Digital
INV105676,9/19/2024 22:49,S008,C0097,Clothing,1,117.11,15.45,91.43,Returning,Digital
INV109937,9/20/2024 1:14,S008,C0091,Clothing,3,73.79,3.87,57.53,Returning,Digital
INV104181,9/20/2024 3:37,S007,SH0002,Shoes,5,100.3,8.08,70.7,New,Card
INV103577,9/20/2024 4:37,S008,C0067,Clothing,3,94.44,0.14,47.42,New,Digital
INV101064,9/20/2024 12:13,S017,A0020,Accessories,3,47.69,4.65,30.34,Returning,Cash
INV108284,9/20/2024 12:42,S012,C0041,Clothing,5,41.81,5.79,30.89,New,Card
INV108513,9/20/2024 16:03,S010,C0072,Clothing,6,72.43,12.49,40.79,Returning,Digital
INV103952,9/20/2024 18:41,S017,SH0017,Shoes,1,94.56,3.47,67.64,Returning,Card
INV100229,9/20/2024 20:43,S007,C0068,Clothing,2,76.33,8.8,52.14,New,Card
INV100635,9/20/2024 20:59,S016,SH0031,Shoes,2,40.68,8.26,22.49,Returning,Digital
INV105627,9/20/2024 21:40,S015,C0080,Clothing,3,116.01,7.49,83.14,New,Cash
INV109882,9/20/2024 21:49,S012,A0006,Accessories,6,60.15,18.38,27.71,New,Card
INV104949,9/21/2024 3:07,S011,SH0012,Shoes,2,193.25,0.55,139.56,New,Cash
INV104907,9/21/2024 3:25,S002,SH0001,Shoes,4,195.77,13.38,134.66,Returning,Digital
INV104326,9/21/2024 3:44,S009,A0051,Accessories,3,48.83,10.27,23.21,New,Card
INV100689,9/21/2024 8:20,S008,C0067,Clothing,3,99.18,15.01,61.93,Returning,Card
INV108688,9/21/2024 8:24,S018,C0015,Clothing,1,63.41,1.02,43.67,New,Cash
INV102823,9/21/2024 9:53,S009,SH0028,Shoes,5,163.63,17.5,117.8,New,Cash
INV103338,9/21/2024 10:28,S011,C0011,Clothing,6,116.62,9.41,76.86,New,Cash
INV108605,9/21/2024 11:09,S018,A0018,Accessories,4,67.54,5.43,44.63,New,Digital
INV105568,9/21/2024 12:02,S017,A0015,Accessories,3,45.23,7,23.84,Returning,Digital
INV103726,9/21/2024 13:01,S018,A0045,Accessories,2,69.21,18.13,34.93,Returning,Card
INV103023,9/21/2024 15:18,S003,SH0001,Shoes,1,57.7,15.06,38.49,Returning,Cash
INV103159,9/21/2024 16:01,S010,A0032,Accessories,4,15.65,2.6,11.59,Returning,Cash
INV102618,9/21/2024 21:24,S018,SH0029,Shoes,4,193.17,7.74,111.16,Returning,Card
INV106019,9/21/2024 23:17,S013,C0063,Clothing,3,94.78,1.99,50.57,New,Digital
INV106384,9/21/2024 23:31,S002,C0071,Clothing,5,61.94,17.58,40.58,New,Card
INV104149,9/22/2024 1:13,S004,SH0001,Shoes,4,109.94,14.05,73.48,Returning,Card
INV102605,9/22/2024 1:36,S003,A0003,Accessories,2,56.6,9.56,41.33,Returning,Card
INV109699,9/22/2024 3:20,S020,SH0015,Shoes,3,193.71,17.62,110.1,New,Digital
INV107766,9/22/2024 3:54,S001,A0026,Accessories,3,57.73,13.18,25.25,Returning,Card
INV101724,9/22/2024 6:56,S013,C0021,Clothing,5,117.03,0.76,62.78,Returning,Digital
INV104388,9/22/2024 12:12,S003,C0089,Clothing,2,100.29,9.82,60.67,New,Card
INV104427,9/22/2024 12:25,S006,SH0040,Shoes,5,132.84,16.88,88.41,Returning,Card
INV102147,9/22/2024 20:17,S004,SH0003,Shoes,5,129.98,17.32,100.71,Returning,Card
INV106028,9/22/2024 21:16,S006,C0030,Clothing,1,59.6,0.25,39.19,Returning,Digital
INV108519,9/23/2024 5:47,S004,C0039,Clothing,1,58.23,15.06,31.85,New,Cash
INV104812,9/23/2024 7:21,S011,C0019,Clothing,2,22.96,19.85,13.62,Returning,Cash
INV108772,9/23/2024 11:05,S011,C0009,Clothing,2,72.1,5.85,55.59,New,Card
INV104471,9/23/2024 11:53,S020,SH0037,Shoes,2,172.52,6.66,141.48,Returning,Cash
INV107672,9/23/2024 18:17,S016,SH0014,Shoes,1,50.58,17.71,28.8,New,Card
INV107720,9/23/2024 21:16,S014,SH0035,Shoes,2,109.14,19.94,70.35,Returning,Cash
INV103322,9/23/2024 23:58,S017,A0032,Accessories,2,43.69,19.23,32.39,Returning,Digital
INV105080,9/24/2024 0:59,S015,C0048,Clothing,5,71.44,12.59,52.45,Returning,Cash
INV108721,9/24/2024 2:04,S015,A0056,Accessories,1,60.47,1.16,40.26,New,Digital
INV109060,9/24/2024 5:02,S005,C0040,Clothing,2,43.9,0.36,25.44,Returning,Cash
INV100526,9/24/2024 6:11,S010,A0019,Accessories,3,48.77,16.69,20.23,Returning,Digital
INV106645,9/24/2024 8:36,S012,A0005,Accessories,1,75.74,3.87,49.82,Returning,Card
INV101628,9/24/2024 9:21,S008,A0014,Accessories,5,17.11,1.13,11.05,Returning,Cash
INV102030,9/24/2024 11:07,S020,SH0019,Shoes,1,151.7,4.07,85.8,New,Cash
INV101136,9/24/2024 16:20,S016,A0049,Accessories,5,54.4,15.31,29.3,New,Digital
INV106776,9/24/2024 16:49,S014,A0018,Accessories,2,17.66,12.99,7.85,New,Cash
INV109043,9/24/2024 23:22,S004,C0022,Clothing,2,73.86,4.11,42.14,New,Cash
INV109829,9/25/2024 0:30,S016,SH0004,Shoes,2,115.32,5.37,95.32,New,Card
INV101611,9/25/2024 10:28,S008,A0040,Accessories,2,45.51,6.87,27.21,Returning,Digital
INV109166,9/25/2024 10:49,S020,A0059,Accessories,4,11.62,18.21,6.51,New,Card
INV108895,9/25/2024 17:59,S006,C0094,Clothing,4,89.26,2.02,65.63,Returning,Card
INV105388,9/25/2024 18:17,S014,C0037,Clothing,2,101.9,3.14,56.22,Returning,Card
INV100900,9/25/2024 19:16,S005,A0022,Accessories,4,31.97,10.1,13.7,Returning,Digital
INV100360,9/25/2024 21:07,S013,C0058,Clothing,1,98.31,4.29,77.15,Returning,Digital
INV108480,9/25/2024 21:32,S009,C0069,Clothing,4,38.6,15.44,29.43,Returning,Cash
INV106695,9/25/2024 22:38,S009,A0029,Accessories,5,22.9,6.55,17.13,Returning,Cash
INV105400,9/26/2024 0:59,S018,SH0009,Shoes,4,61.17,4.57,35.17,New,Cash
INV101377,9/26/2024 1:07,S006,SH0006,Shoes,1,58.55,2.59,38.92,New,Cash
INV106861,9/26/2024 1:53,S016,SH0017,Shoes,3,97.46,8.69,63.55,New,Card
INV103926,9/26/2024 4:08,S015,SH0010,Shoes,3,187.85,1.41,117.22,Returning,Card
INV100199,9/26/2024 8:19,S003,A0010,Accessories,4,14.43,6,7.97,Returning,Card
INV103711,9/26/2024 9:44,S006,A0004,Accessories,4,53.5,13.78,28.13,Returning,Digital
INV104498,9/26/2024 11:38,S012,A0021,Accessories,3,44.79,5.97,20.79,Returning,Card
INV108054,9/26/2024 17:03,S010,A0048,Accessories,5,20.19,8.63,9.78,New,Digital
INV107179,9/26/2024 21:25,S018,SH0023,Shoes,3,176.1,18.45,108.32,New,Digital
INV107538,9/27/2024 0:21,S009,SH0031,Shoes,6,162.87,10.64,115.36,Returning,Card
INV103851,9/27/2024 2:05,S011,C0035,Clothing,6,64.69,15.22,50.92,New,Card
INV104537,9/27/2024 2:58,S003,SH0034,Shoes,5,143.53,2,100.59,New,Cash
INV100251,9/27/2024 3:00,S003,C0017,Clothing,6,39.81,12.61,24.69,Returning,Cash
INV102839,9/27/2024 3:01,S012,A0002,Accessories,3,42.75,16.2,29.96,New,Digital
INV105755,9/27/2024 5:56,S013,C0068,Clothing,3,112.46,19.46,89.07,New,Cash
INV103656,9/27/2024 6:08,S002,A0025,Accessories,3,68.57,9.48,33.48,Returning,Cash
INV101768,9/27/2024 8:29,S003,C0048,Clothing,2,89.24,3.07,51.35,New,Digital
INV100865,9/27/2024 8:50,S016,SH0020,Shoes,6,187.76,9.67,107.11,New,Digital
INV101901,9/27/2024 10:33,S004,SH0002,Shoes,2,114.98,0.82,92.37,Returning,Digital
INV105285,9/27/2024 14:14,S017,SH0038,Shoes,1,57.46,6.31,48.06,Returning,Card
INV101008,9/27/2024 14:49,S012,C0091,Clothing,3,40.22,5.9,28.1,New,Card
INV105307,9/27/2024 15:55,S019,C0060,Clothing,4,41.46,16.98,23.31,Returning,Cash
INV103958,9/27/2024 19:27,S003,C0007,Clothing,2,47.29,12.26,31.51,New,Digital
INV109922,9/27/2024 20:38,S014,C0023,Clothing,6,64.7,17.52,43.73,New,Digital
INV105435,9/27/2024 20:39,S003,SH0003,Shoes,6,146.44,8.44,123.43,Returning,Card
INV109174,9/27/2024 22:01,S017,C0031,Clothing,4,74.34,11.96,42.41,Returning,Card
INV100194,9/27/2024 22:46,S020,SH0023,Shoes,1,48.59,6.81,33.1,Returning,Card
INV107486,9/28/2024 1:53,S006,SH0005,Shoes,5,148.32,10.33,96.68,New,Card
INV100145,9/28/2024 3:03,S019,A0056,Accessories,2,53.08,16.27,25.84,Returning,Cash
INV101464,9/28/2024 4:54,S002,A0032,Accessories,1,68.14,18.76,44.2,New,Digital
INV105787,9/28/2024 7:44,S013,C0091,Clothing,6,92.78,9.99,63.43,Returning,Card
INV104034,9/28/2024 11:18,S010,C0085,Clothing,4,109.93,5.01,56.78,New,Digital
INV103263,9/28/2024 13:58,S005,C0019,Clothing,5,51.09,12.78,40.13,New,Card
INV109897,9/28/2024 15:34,S014,SH0005,Shoes,4,40.05,12.81,28.31,New,Card
INV108573,9/28/2024 16:03,S014,SH0006,Shoes,1,96.34,7.7,74.62,Returning,Cash
INV107092,9/28/2024 17:04,S005,SH0029,Shoes,4,177.91,13.16,123.9,New,Card
INV101471,9/28/2024 18:33,S020,A0038,Accessories,4,48.87,6.89,23.2,Returning,Card
INV105573,9/28/2024 20:32,S018,C0008,Clothing,5,110.29,10.93,64.52,Returning,Cash
INV105791,9/28/2024 23:01,S019,A0053,Accessories,1,30.94,5.12,13.15,New,Digital
INV106541,9/28/2024 23:34,S003,C0033,Clothing,5,36.91,6.61,18.74,New,Digital
INV100842,9/29/2024 0:42,S001,A0022,Accessories,1,11.46,3.41,8.49,Returning,Card
INV103472,9/29/2024 3:51,S019,C0006,Clothing,3,37.15,13.26,24.46,Returning,Digital
INV107735,9/29/2024 5:27,S008,A0024,Accessories,6,76.56,18.81,44.51,New,Card
INV102306,9/29/2024 7:44,S003,C0051,Clothing,4,73.49,0.98,50.95,Returning,Card
INV108075,9/29/2024 8:55,S008,A0029,Accessories,6,38.67,16.51,22.68,New,Card
INV104085,9/29/2024 10:53,S020,A0041,Accessories,4,46.74,18.95,24.12,Returning,Cash
INV106054,9/29/2024 11:36,S003,C0080,Clothing,1,101.56,8.91,64.91,New,Card
INV105421,9/29/2024 21:08,S004,A0059,Accessories,3,63.31,1.52,28.52,Returning,Digital
INV101765,9/29/2024 22:01,S019,SH0028,Shoes,2,59.27,0.53,46.98,New,Digital
INV106253,9/29/2024 22:25,S003,A0011,Accessories,4,14.68,18.09,6.73,Returning,Card
INV107110,9/29/2024 23:23,S006,A0043,Accessories,1,73.58,8.88,40.33,New,Digital
INV100791,9/30/2024 9:35,S009,C0064,Clothing,3,29.41,3.23,17.47,Returning,Card
INV104708,9/30/2024 12:48,S004,A0043,Accessories,4,15.75,13.73,10.24,Returning,Cash
INV104315,9/30/2024 14:06,S009,SH0038,Shoes,6,68.81,11.1,48.76,Returning,Digital
INV106579,9/30/2024 23:00,S009,C0004,Clothing,5,116.29,15.83,85.32,New,Card
INV100851,9/30/2024 23:12,S013,SH0006,Shoes,3,86.53,4.97,48.43,Returning,Card
INV100532,10/1/2024 0:08,S005,A0024,Accessories,5,64.52,7.56,35.11,New,Cash
INV107322,10/1/2024 1:17,S010,SH0023,Shoes,5,153.84,23.57,90.33,New,Card
INV109148,10/1/2024 4:06,S014,C0085,Clothing,10,77.29,22.61,54.37,New,Card
INV108604,10/1/2024 5:10,S018,SH0037,Shoes,4,50.69,29.19,39.1,Returning,Cash
INV108159,10/1/2024 5:30,S012,C0026,Clothing,7,32.14,23.74,24.61,New,Cash
INV104358,10/1/2024 5:42,S013,A0057,Accessories,10,24.55,17.01,10.75,New,Card
INV104558,10/1/2024 5:42,S003,SH0034,Shoes,7,72.5,19.29,42.42,Returning,Cash
INV105669,10/1/2024 6:36,S015,SH0008,Shoes,3,152.33,21.77,104.83,Returning,Card
INV101908,10/1/2024 7:41,S006,C0058,Clothing,3,82.47,29.52,64.64,New,Card
INV105422,10/1/2024 11:24,S013,A0051,Accessories,9,33.62,5.31,18.6,New,Digital
INV106704,10/1/2024 12:29,S011,SH0012,Shoes,6,149.07,19.48,94.74,Returning,Card
INV100479,10/1/2024 13:06,S002,C0088,Clothing,7,64.59,11.3,36.55,New,Digital
INV100060,10/1/2024 13:28,S015,SH0031,Shoes,7,86.6,22.57,53.64,New,Digital
INV106215,10/1/2024 13:54,S010,A0046,Accessories,5,48.76,26.89,27.42,New,Card
INV104218,10/1/2024 13:58,S012,A0054,Accessories,9,19.91,18.41,10.72,Returning,Card
INV103083,10/1/2024 16:17,S013,A0020,Accessories,8,15.07,16.34,9.98,New,Cash
INV107760,10/1/2024 17:21,S004,C0004,Clothing,8,68.79,5.43,45.65,New,Digital
INV108195,10/1/2024 18:57,S020,A0021,Accessories,9,33.94,9.92,16.58,New,Card
INV100436,10/1/2024 19:48,S016,C0059,Clothing,3,69.76,20.2,45.32,New,Cash
INV108036,10/1/2024 19:49,S013,SH0014,Shoes,5,57.24,17.54,34.01,New,Card
INV101913,10/1/2024 21:30,S020,C0020,Clothing,4,43.78,9.51,27.13,New,Digital
INV106764,10/1/2024 21:38,S010,SH0036,Shoes,8,120.53,27.23,95.23,New,Card
INV103993,10/1/2024 22:17,S005,SH0004,Shoes,4,76.73,6.37,53.41,Returning,Cash
INV106587,10/1/2024 23:32,S005,C0085,Clothing,8,85.42,8.99,54.98,Returning,Card
INV104077,10/2/2024 0:25,S017,SH0029,Shoes,10,115.3,6.38,65.2,New,Cash
INV104830,10/2/2024 2:48,S017,C0060,Clothing,3,23.05,10.41,16.14,Returning,Cash
INV102355,10/2/2024 4:14,S004,A0003,Accessories,10,36.06,26.33,23.81,New,Card
INV101355,10/2/2024 4:51,S008,A0041,Accessories,6,26.07,6.82,16.33,New,Digital
INV109298,10/2/2024 5:33,S020,C0028,Clothing,6,41.7,26.19,32.72,New,Card
INV100730,10/2/2024 6:09,S020,C0018,Clothing,8,80.21,11.93,45.3,Returning,Cash
INV109822,10/2/2024 6:42,S014,C0097,Clothing,8,32.2,14.09,25.41,Returning,Cash
INV100128,10/2/2024 10:59,S007,SH0026,Shoes,7,198.26,5.92,141.34,Returning,Card
INV100069,10/2/2024 12:12,S014,SH0033,Shoes,4,159.41,11.91,94.2,Returning,Digital
INV102533,10/2/2024 12:14,S002,A0022,Accessories,10,34.16,17.02,15.68,New,Card
INV105070,10/2/2024 13:12,S016,SH0010,Shoes,5,76.82,19.63,44.78,Returning,Card
INV100428,10/2/2024 13:48,S003,A0027,Accessories,6,25.58,23.94,16.24,New,Card
INV100581,10/2/2024 15:16,S012,SH0030,Shoes,10,109.83,6.02,93.2,Returning,Card
INV101696,10/2/2024 17:08,S005,SH0002,Shoes,4,169.62,22.22,129.23,New,Digital
INV107387,10/2/2024 18:23,S004,SH0006,Shoes,7,42.28,23.06,27.93,Returning,Card
INV101033,10/2/2024 18:47,S006,C0096,Clothing,3,110.6,24.85,68.08,New,Cash
INV108531,10/2/2024 19:38,S018,C0083,Clothing,7,85.66,29.67,44.9,Returning,Digital
INV100596,10/2/2024 20:15,S014,SH0035,Shoes,10,70.55,8.7,45.17,New,Cash
INV105201,10/2/2024 20:44,S011,SH0014,Shoes,5,137.58,6.28,81.07,Returning,Card
INV107203,10/2/2024 21:38,S007,A0029,Accessories,6,56.95,29.42,33.97,Returning,Cash
INV108344,10/2/2024 22:21,S004,C0011,Clothing,10,108.18,15.89,59.66,New,Digital
INV100184,10/3/2024 0:16,S013,SH0038,Shoes,6,155.2,13.25,99.1,New,Card
INV106036,10/3/2024 0:56,S002,A0034,Accessories,10,79.42,16.85,47.81,New,Digital
INV107115,10/3/2024 4:32,S016,SH0017,Shoes,5,83.45,6.55,61.38,New,Cash
INV106932,10/3/2024 7:04,S003,A0016,Accessories,3,11.96,6.95,6.26,New,Cash
INV102715,10/3/2024 7:42,S002,SH0009,Shoes,5,82.61,9.64,59.32,New,Card
INV100158,10/3/2024 9:02,S007,SH0006,Shoes,7,95.42,23.68,65.14,New,Digital
INV106075,10/3/2024 10:41,S004,C0066,Clothing,3,69.97,8.51,41.46,New,Cash
INV109272,10/3/2024 14:03,S012,SH0034,Shoes,9,133.4,23.81,82.2,Returning,Card
INV109436,10/3/2024 14:59,S017,A0007,Accessories,6,59.71,27.31,39.81,Returning,Card
INV100382,10/3/2024 15:35,S020,C0099,Clothing,4,59.7,7.6,43.55,New,Cash
INV102140,10/3/2024 15:39,S020,SH0022,Shoes,3,82.84,12.76,46.47,New,Cash
INV106187,10/3/2024 16:41,S020,A0001,Accessories,4,58.23,8.04,27.06,New,Card
INV103629,10/3/2024 17:17,S006,A0029,Accessories,9,37.56,26.72,20,Returning,Cash
INV100938,10/3/2024 19:09,S015,C0061,Clothing,3,107.46,8.42,64.15,Returning,Digital
INV102556,10/3/2024 20:46,S019,SH0002,Shoes,5,128.1,15.15,76.74,New,Digital
INV110000,10/3/2024 21:48,S005,SH0032,Shoes,5,116.76,13.12,83.09,New,Card
INV107104,10/4/2024 1:34,S003,C0005,Clothing,7,64.88,8.36,40.88,Returning,Cash
INV105708,10/4/2024 1:51,S016,SH0020,Shoes,6,110.07,7.16,61.37,Returning,Card
INV100839,10/4/2024 1:57,S020,SH0018,Shoes,7,78.2,10.66,55.49,Returning,Card
INV105503,10/4/2024 4:28,S001,SH0009,Shoes,10,53.63,27.24,35.2,Returning,Cash
INV102977,10/4/2024 5:20,S009,C0094,Clothing,3,119.09,5.04,62.45,New,Cash
INV105181,10/4/2024 6:25,S005,C0036,Clothing,4,20.55,20.24,14.86,Returning,Card
INV104269,10/4/2024 8:36,S005,A0011,Accessories,9,61.93,6.13,28.43,New,Digital
INV103971,10/4/2024 9:58,S012,SH0024,Shoes,3,119.14,28.71,66.71,New,Digital
INV108025,10/4/2024 10:20,S019,SH0013,Shoes,6,57.66,24.2,33.75,New,Digital
INV109234,10/4/2024 11:33,S012,C0012,Clothing,4,23.46,26.58,14.94,Returning,Card
INV109793,10/4/2024 11:53,S010,A0023,Accessories,8,73.86,19.57,32.57,Returning,Digital
INV109713,10/4/2024 12:45,S016,SH0034,Shoes,10,119.28,24.78,66.77,New,Cash
INV107777,10/4/2024 13:12,S003,SH0005,Shoes,5,115.89,5.36,68.29,New,Digital
INV101510,10/4/2024 13:31,S014,SH0004,Shoes,8,98.7,29.22,70.78,Returning,Card
INV101101,10/4/2024 14:06,S001,C0018,Clothing,10,108.02,9.26,69.33,Returning,Card
INV101221,10/4/2024 14:08,S016,SH0005,Shoes,8,85.2,19.48,55.36,Returning,Card
INV100401,10/4/2024 15:12,S019,C0074,Clothing,10,84.18,18.15,51.9,Returning,Cash
INV108313,10/4/2024 16:00,S006,SH0015,Shoes,5,90.03,7.17,62.23,Returning,Cash
INV103543,10/4/2024 16:06,S012,SH0039,Shoes,3,43.4,7.37,26.65,New,Digital
INV101444,10/4/2024 17:29,S017,SH0017,Shoes,9,179.86,29.7,138.6,New,Digital
INV106190,10/4/2024 20:22,S011,SH0010,Shoes,6,60.12,20.62,36.07,New,Cash
INV105800,10/4/2024 20:33,S019,SH0020,Shoes,9,114.27,27.77,85.77,Returning,Cash
INV105603,10/4/2024 20:58,S006,SH0032,Shoes,4,137.6,26.11,97.78,New,Cash
INV108844,10/4/2024 23:40,S003,C0039,Clothing,6,55.74,19.21,41.03,Returning,Cash
INV103779,10/5/2024 0:28,S006,A0047,Accessories,7,12.23,13.02,7.67,Returning,Cash
INV101063,10/5/2024 2:43,S016,C0093,Clothing,3,47.61,22.84,27.4,Returning,Digital
INV105456,10/5/2024 3:11,S007,C0045,Clothing,7,72.2,6.69,56.38,Returning,Digital
INV107186,10/5/2024 3:18,S020,A0010,Accessories,8,67.08,29.16,41.1,New,Card
INV100582,10/5/2024 3:22,S019,C0037,Clothing,7,38.07,19.08,20.96,New,Digital
INV105195,10/5/2024 3:45,S019,SH0006,Shoes,4,102.81,19.99,59.42,Returning,Cash
INV100749,10/5/2024 4:22,S020,C0099,Clothing,8,88.44,15.74,45.6,New,Card
INV107664,10/5/2024 5:06,S001,SH0034,Shoes,9,43.08,10.44,32.24,New,Cash
INV101528,10/5/2024 7:57,S007,A0029,Accessories,8,19.24,15.17,10.59,Returning,Cash
INV105465,10/5/2024 8:03,S014,C0049,Clothing,3,37.28,7.2,24.34,New,Card
INV102105,10/5/2024 11:38,S008,C0052,Clothing,5,49.78,18.82,25.58,New,Cash
INV100027,10/5/2024 13:08,S007,A0024,Accessories,3,72.93,27.47,49.49,New,Digital
INV102095,10/5/2024 14:38,S004,SH0015,Shoes,8,171.9,9.7,133.25,New,Cash
INV100802,10/5/2024 15:55,S005,C0087,Clothing,3,60.64,29.71,39.79,Returning,Digital
INV107270,10/5/2024 16:02,S010,SH0010,Shoes,7,135.09,25.19,106.81,Returning,Card
INV103642,10/5/2024 16:19,S008,A0024,Accessories,10,36.92,18.66,19.23,New,Digital
INV100902,10/5/2024 16:55,S004,A0058,Accessories,6,39.57,22.8,17.59,Returning,Card
INV100248,10/5/2024 18:06,S007,C0022,Clothing,4,64.96,18.4,38.6,Returning,Card
INV100276,10/5/2024 18:37,S012,C0014,Clothing,7,76.27,26.69,40.45,Returning,Card
INV106515,10/5/2024 19:05,S003,A0058,Accessories,7,23.38,29.57,14.19,New,Digital
INV105024,10/5/2024 19:36,S009,C0013,Clothing,9,22.16,16.79,12.51,New,Cash
INV102486,10/5/2024 20:04,S002,SH0001,Shoes,10,118.65,18.49,95.42,Returning,Card
INV102113,10/5/2024 20:24,S010,SH0016,Shoes,3,129.67,27.18,92.91,Returning,Cash
INV103622,10/5/2024 23:51,S020,C0039,Clothing,9,88.48,12.58,60.56,Returning,Card
INV104983,10/6/2024 0:07,S004,SH0039,Shoes,9,61.71,6.51,46.09,Returning,Cash
INV102751,10/6/2024 1:22,S017,C0027,Clothing,10,56.84,24.93,32.52,New,Card
INV104848,10/6/2024 2:28,S010,A0028,Accessories,6,77.4,27.5,57.86,New,Card
INV100303,10/6/2024 2:49,S010,C0093,Clothing,6,92.36,16.42,71.25,Returning,Card
INV109824,10/6/2024 4:37,S012,C0091,Clothing,8,83.98,25.01,60.58,New,Cash
INV104472,10/6/2024 5:19,S016,SH0001,Shoes,3,176.91,5.31,122.13,New,Card
INV106593,10/6/2024 6:36,S003,SH0019,Shoes,5,70.93,29,49,New,Digital
INV103585,10/6/2024 7:49,S003,C0057,Clothing,9,36.74,7.48,21.68,Returning,Card
INV109531,10/6/2024 8:02,S014,SH0022,Shoes,4,59.53,19.85,41.94,Returning,Digital
INV104826,10/6/2024 8:14,S016,C0094,Clothing,5,78.12,11.32,52.48,Returning,Cash
INV105988,10/6/2024 8:56,S003,C0015,Clothing,3,59.05,22.32,45.46,New,Digital
INV102159,10/6/2024 9:00,S007,A0044,Accessories,7,22.44,15.25,14.82,Returning,Digital
INV107181,10/6/2024 9:17,S016,A0043,Accessories,6,46.57,22.87,19.51,New,Digital
INV105912,10/6/2024 10:39,S007,SH0034,Shoes,8,129.28,27.52,105.24,New,Digital
INV101942,10/6/2024 11:05,S011,A0045,Accessories,10,64.72,19.74,36.26,New,Cash
INV106543,10/6/2024 11:26,S010,C0011,Clothing,7,108.07,7.07,74.52,New,Digital
INV100666,10/6/2024 12:14,S015,SH0014,Shoes,10,115.91,23.06,81.69,Returning,Cash
INV109642,10/6/2024 12:41,S006,C0096,Clothing,8,110.81,29.33,87.07,Returning,Cash
INV102671,10/6/2024 20:31,S010,C0062,Clothing,8,100.42,7.87,53.53,Returning,Digital
INV107718,10/6/2024 21:06,S001,C0029,Clothing,9,22.25,7.77,11.21,Returning,Digital
INV109005,10/6/2024 21:35,S009,C0063,Clothing,9,96.18,19.76,75.02,Returning,Card
INV108311,10/6/2024 22:09,S005,SH0033,Shoes,9,57.66,28.95,41.3,Returning,Digital
INV109596,10/6/2024 22:32,S006,A0014,Accessories,7,13.35,15.18,5.81,Returning,Digital
INV100788,10/7/2024 0:37,S015,A0031,Accessories,7,51.05,9.03,35.64,New,Digital
INV109311,10/7/2024 2:16,S013,C0026,Clothing,4,54.82,11.72,36.19,New,Digital
INV105695,10/7/2024 2:16,S015,A0044,Accessories,5,30.53,5.32,13.86,Returning,Card
INV107342,10/7/2024 3:11,S013,SH0019,Shoes,5,54.43,16.49,45.64,Returning,Digital
INV105014,10/7/2024 3:50,S013,SH0019,Shoes,6,194.27,20.33,146.85,Returning,Card
INV103076,10/7/2024 5:32,S015,A0031,Accessories,3,23.35,12.71,14.8,Returning,Card
INV106901,10/7/2024 6:10,S019,A0032,Accessories,10,63.91,7.64,42.03,Returning,Cash
INV109104,10/7/2024 7:03,S009,C0099,Clothing,10,80.96,28.6,41.74,Returning,Digital
INV100293,10/7/2024 10:26,S006,A0010,Accessories,4,32.15,17.19,20.91,Returning,Digital
INV101727,10/7/2024 11:02,S007,SH0034,Shoes,5,162.7,12.05,133.06,New,Digital
INV102409,10/7/2024 13:00,S007,C0017,Clothing,6,44.06,5.07,22.54,Returning,Digital
INV101200,10/7/2024 13:49,S010,C0058,Clothing,5,106.52,21.23,78.52,Returning,Cash
INV108026,10/7/2024 14:49,S003,A0039,Accessories,6,38.67,20.57,19.07,New,Cash
INV102661,10/7/2024 15:25,S009,A0043,Accessories,8,39.7,19.86,27.02,Returning,Digital
INV108807,10/7/2024 15:31,S016,C0032,Clothing,10,34.65,26.4,21.05,Returning,Card
INV109852,10/7/2024 17:36,S006,SH0010,Shoes,10,46.31,24.84,26.1,New,Cash
INV102447,10/7/2024 18:54,S004,A0020,Accessories,10,52.81,27.35,29.57,Returning,Cash
INV103028,10/8/2024 0:15,S014,SH0001,Shoes,8,149.88,17.64,101.74,New,Digital
INV107555,10/8/2024 1:53,S013,A0003,Accessories,6,61.36,24.6,25.48,New,Cash
INV109849,10/8/2024 2:16,S018,SH0003,Shoes,6,83.06,11.87,49.85,New,Card
INV108619,10/8/2024 2:21,S013,A0033,Accessories,8,75.99,14.94,32.7,Returning,Digital
INV109194,10/8/2024 3:03,S001,A0040,Accessories,7,66.48,24.98,38.91,Returning,Card
INV105767,10/8/2024 3:13,S019,A0053,Accessories,7,10.86,25.53,4.9,Returning,Card
INV105961,10/8/2024 3:35,S016,SH0014,Shoes,6,196.34,9.28,163.68,Returning,Card
INV109791,10/8/2024 4:28,S019,SH0023,Shoes,9,169.96,22.58,128.66,Returning,Digital
INV101876,10/8/2024 4:31,S017,A0030,Accessories,9,25.28,27.17,18.42,New,Card
INV103198,10/8/2024 4:35,S005,SH0012,Shoes,6,137.34,13.92,84.72,Returning,Digital
INV107332,10/8/2024 4:46,S011,SH0019,Shoes,9,60.24,16.48,37.14,New,Digital
INV108979,10/8/2024 6:15,S001,A0024,Accessories,3,65.3,11.85,36.07,Returning,Digital
INV105818,10/8/2024 8:41,S016,A0023,Accessories,9,52.86,10.14,30.1,New,Digital
INV108987,10/8/2024 10:12,S018,C0096,Clothing,5,93.26,18.1,51.08,New,Card
INV109435,10/8/2024 12:27,S019,SH0004,Shoes,9,69.54,11.97,54.01,New,Digital
INV105255,10/8/2024 12:31,S014,A0033,Accessories,3,29.82,18.56,14.32,New,Cash
INV105125,10/8/2024 14:37,S002,A0054,Accessories,5,71.79,7.92,35.39,Returning,Digital
INV100137,10/8/2024 15:01,S003,SH0037,Shoes,5,99.03,20.3,78.34,New,Card
INV106669,10/8/2024 17:20,S005,SH0006,Shoes,4,184.27,13.96,156.32,New,Digital
INV100611,10/8/2024 18:03,S011,SH0034,Shoes,7,195.63,23.04,132.21,Returning,Cash
INV105947,10/8/2024 18:12,S002,A0048,Accessories,10,12.49,8.71,8.51,Returning,Cash
INV103789,10/8/2024 18:51,S018,SH0008,Shoes,9,148.67,6.45,98.78,Returning,Digital
INV101031,10/8/2024 21:05,S009,C0092,Clothing,4,60.38,11.24,46.26,New,Digital
INV106044,10/8/2024 22:08,S017,C0012,Clothing,5,65.35,14.83,39.71,New,Cash
INV103747,10/8/2024 22:08,S020,SH0004,Shoes,5,42.41,16.19,24.55,New,Digital
INV109862,10/8/2024 22:13,S007,A0054,Accessories,7,35.34,25.41,16.14,Returning,Cash
INV107269,10/8/2024 22:35,S002,C0099,Clothing,4,109.11,9.35,63.49,New,Digital
INV106007,10/9/2024 0:06,S010,C0087,Clothing,8,36.02,23.95,18.91,New,Cash
INV109077,10/9/2024 0:19,S005,C0007,Clothing,10,46.06,14.42,27.87,New,Digital
INV102363,10/9/2024 2:17,S011,C0097,Clothing,4,26.98,12.8,14.33,New,Digital
INV100786,10/9/2024 2:36,S010,C0073,Clothing,3,118.65,12.86,76.55,New,Card
INV104022,10/9/2024 2:40,S017,A0001,Accessories,4,56.84,8.61,40.21,Returning,Digital
INV103982,10/9/2024 3:40,S007,SH0011,Shoes,3,54.72,27.11,36.38,New,Cash
INV105683,10/9/2024 3:58,S010,C0095,Clothing,5,40.05,19.04,30.19,New,Cash
INV106348,10/9/2024 5:21,S015,SH0035,Shoes,3,69.05,12.36,40.03,Returning,Digital
INV108104,10/9/2024 5:51,S017,SH0015,Shoes,9,198.2,18.18,145.17,Returning,Digital
INV108052,10/9/2024 6:09,S018,A0042,Accessories,10,69.5,15.21,41.28,New,Card
INV100123,10/9/2024 6:53,S004,SH0039,Shoes,7,124.44,10.94,72.59,New,Cash
INV102520,10/9/2024 7:48,S003,SH0026,Shoes,4,118.25,27.78,100.22,New,Digital
INV106721,10/9/2024 8:00,S018,C0067,Clothing,8,116.18,20,88.46,Returning,Card
INV101844,10/9/2024 12:20,S020,SH0022,Shoes,7,54.49,22.3,44.7,New,Cash
INV103002,10/9/2024 16:07,S004,A0052,Accessories,8,70.26,24.29,34.25,New,Cash
INV100609,10/9/2024 16:26,S017,C0018,Clothing,9,100.18,27.45,62.51,Returning,Cash
INV100881,10/9/2024 17:13,S012,SH0023,Shoes,10,183.62,22.83,148.3,Returning,Digital
INV102773,10/9/2024 20:48,S004,C0095,Clothing,5,37.73,12.28,29.2,Returning,Card
INV103326,10/9/2024 21:03,S007,A0032,Accessories,3,53.59,24.35,39.68,Returning,Digital
INV106826,10/9/2024 21:25,S004,SH0013,Shoes,7,97.47,26.69,57.82,Returning,Cash
INV101575,10/9/2024 22:58,S019,C0006,Clothing,4,32.71,28.66,19.26,New,Cash
INV103493,10/9/2024 23:42,S018,C0042,Clothing,4,58.19,11.93,42.44,New,Digital
INV107554,10/10/2024 0:30,S003,A0018,Accessories,3,26.84,26.12,11.79,Returning,Cash
INV109653,10/10/2024 2:34,S020,C0004,Clothing,7,80.7,27.36,47.5,Returning,Card
INV108409,10/10/2024 3:11,S012,A0002,Accessories,5,71.78,19.14,49.09,Returning,Digital
INV104883,10/10/2024 3:30,S018,A0042,Accessories,7,37.41,9.88,22.24,Returning,Digital
INV108751,10/10/2024 4:27,S004,SH0016,Shoes,4,130.95,10.39,98.86,New,Cash
INV107786,10/10/2024 4:33,S003,C0043,Clothing,7,95.83,14.84,65.08,New,Digital
INV105299,10/10/2024 4:55,S019,A0046,Accessories,6,45.66,5.78,26.24,Returning,Cash
INV105416,10/10/2024 6:14,S009,C0100,Clothing,3,65.83,19.54,51.98,Returning,Card
INV102396,10/10/2024 7:14,S016,A0017,Accessories,3,11.7,13.01,7.58,Returning,Cash
INV105535,10/10/2024 8:35,S012,A0015,Accessories,5,39.07,20.21,22.52,Returning,Digital
INV107980,10/10/2024 9:37,S012,C0069,Clothing,5,113.56,25.27,72.56,New,Cash
INV102497,10/10/2024 10:21,S015,A0059,Accessories,6,38.74,29.53,23.68,Returning,Digital
INV102808,10/10/2024 12:00,S011,C0081,Clothing,6,49.23,13.41,27.56,Returning,Digital
INV106794,10/10/2024 12:55,S002,C0089,Clothing,10,66.79,16.92,44.81,New,Cash
INV103886,10/10/2024 13:19,S001,A0012,Accessories,10,15.86,17.55,7.72,Returning,Card
INV105452,10/10/2024 13:26,S003,A0027,Accessories,5,79.83,26.15,41.62,Returning,Cash
INV101873,10/10/2024 15:42,S016,SH0038,Shoes,3,124.04,24.99,101.32,Returning,Card
INV104394,10/10/2024 15:55,S016,C0034,Clothing,4,100.88,24.22,75.39,New,Digital
INV106676,10/10/2024 16:49,S019,SH0012,Shoes,8,103.54,21.82,78.22,New,Cash
INV105154,10/10/2024 20:16,S018,SH0036,Shoes,9,45.92,18.52,29.4,New,Card
INV105999,10/10/2024 21:07,S016,C0070,Clothing,6,89.12,20.92,52.25,New,Cash
INV101241,10/10/2024 21:08,S003,A0053,Accessories,8,36.57,26.24,16.59,Returning,Cash
INV108664,10/10/2024 22:43,S008,SH0006,Shoes,4,83.36,26.33,49.64,New,Cash
INV101949,10/10/2024 23:06,S011,A0051,Accessories,10,20.74,5.92,11.23,New,Card
INV104197,10/10/2024 23:34,S015,A0018,Accessories,8,63.68,21.4,29.7,Returning,Digital
INV109879,10/11/2024 2:46,S016,SH0006,Shoes,5,135.96,18.83,101,New,Card
INV101339,10/11/2024 4:20,S001,SH0013,Shoes,8,119.03,22.04,92.24,Returning,Digital
INV109664,10/11/2024 6:37,S014,SH0028,Shoes,8,128.68,21.33,98.82,New,Digital
INV102223,10/11/2024 7:23,S010,C0056,Clothing,9,109.83,18.38,71.86,Returning,Card
INV109991,10/11/2024 7:24,S009,SH0009,Shoes,8,192.16,20.84,135.83,New,Card
INV102646,10/11/2024 8:11,S001,C0050,Clothing,4,94.94,16.85,60.79,Returning,Digital
INV107180,10/11/2024 10:31,S020,SH0031,Shoes,10,146.29,25.4,113.84,Returning,Cash
INV105888,10/11/2024 12:01,S009,A0019,Accessories,8,20.83,29.72,11.35,New,Digital
INV101862,10/11/2024 13:57,S012,A0002,Accessories,4,19.18,14.15,10.04,New,Cash
INV105250,10/11/2024 15:19,S006,C0009,Clothing,3,41.92,14.5,27.69,Returning,Cash
INV103414,10/11/2024 15:26,S017,SH0010,Shoes,7,165.54,16.2,110.05,Returning,Digital
INV105986,10/11/2024 16:01,S001,C0064,Clothing,4,117.65,12.42,85.12,Returning,Card
INV107712,10/11/2024 16:32,S016,SH0040,Shoes,4,100.23,10.76,56.85,Returning,Card
INV106512,10/11/2024 18:13,S001,C0032,Clothing,4,25.45,14.41,15.11,New,Digital
INV106818,10/11/2024 21:21,S008,SH0036,Shoes,7,40.58,17.56,27,Returning,Card
INV103137,10/11/2024 21:37,S020,SH0035,Shoes,8,134.29,19.03,100.28,New,Card
INV101437,10/11/2024 22:28,S020,SH0040,Shoes,10,162.46,22.05,124.98,New,Card
INV108679,10/11/2024 22:58,S013,SH0002,Shoes,3,70.43,6.32,54.92,Returning,Card
INV103268,10/12/2024 0:58,S002,A0055,Accessories,5,65.33,14.95,41.34,Returning,Cash
INV106598,10/12/2024 3:26,S018,A0038,Accessories,5,33.67,24.22,15.82,New,Digital
INV108021,10/12/2024 4:43,S019,C0097,Clothing,8,91.7,13.41,60.74,Returning,Card
INV107113,10/12/2024 5:00,S005,SH0012,Shoes,3,98.26,21.05,79.86,New,Card
INV105878,10/12/2024 5:18,S004,SH0026,Shoes,5,42.13,23.82,23.48,Returning,Cash
INV103584,10/12/2024 5:50,S011,SH0034,Shoes,8,55.42,11.25,37.56,New,Card
INV105849,10/12/2024 7:22,S019,A0009,Accessories,3,76.07,5.87,41.44,Returning,Card
INV109942,10/12/2024 7:27,S017,C0093,Clothing,9,22.95,25.96,14.63,Returning,Card
INV103197,10/12/2024 7:44,S014,A0057,Accessories,10,19.08,21.7,11.28,New,Cash
INV106997,10/12/2024 8:00,S018,A0003,Accessories,4,58.23,7.48,28.71,New,Digital
INV104657,10/12/2024 10:13,S013,C0059,Clothing,6,104.26,8.9,61.73,New,Cash
INV105220,10/12/2024 12:52,S019,C0059,Clothing,8,86.63,22.96,59.68,Returning,Cash
INV107869,10/12/2024 13:27,S012,C0061,Clothing,9,26.21,10.87,18.11,New,Cash
INV100087,10/12/2024 13:41,S007,A0040,Accessories,3,38.57,22.26,28.27,Returning,Card
INV107340,10/12/2024 13:44,S004,A0005,Accessories,3,76.97,14.61,54.62,Returning,Cash
INV104833,10/12/2024 15:32,S012,C0094,Clothing,10,91.68,25.38,60.55,Returning,Digital
INV101704,10/12/2024 15:46,S012,SH0014,Shoes,5,194.25,11.49,124.85,Returning,Cash
INV107283,10/12/2024 16:47,S019,A0038,Accessories,8,67.73,9.13,30.51,New,Card
INV101431,10/12/2024 16:52,S018,SH0034,Shoes,3,142.31,24.01,120.68,New,Cash
INV108214,10/12/2024 17:06,S019,C0081,Clothing,7,71.58,16.15,45.9,New,Cash
INV107200,10/12/2024 17:48,S016,SH0031,Shoes,9,174.06,29.33,146.95,New,Cash
INV107754,10/12/2024 18:39,S001,A0013,Accessories,6,38,24.77,19.06,Returning,Cash
INV108179,10/12/2024 19:07,S011,A0007,Accessories,8,23.57,17.23,16.28,Returning,Digital
INV102010,10/12/2024 19:14,S006,SH0032,Shoes,3,53.56,21.15,30.45,Returning,Card
INV109421,10/12/2024 19:53,S005,A0032,Accessories,8,36.23,13.21,22.98,Returning,Card
INV104682,10/12/2024 20:54,S016,C0044,Clothing,9,47.83,11.35,24.01,New,Digital
INV103132,10/12/2024 21:03,S001,SH0028,Shoes,8,101.42,12.16,69.03,Returning,Cash
INV104927,10/12/2024 22:35,S020,SH0024,Shoes,3,166.86,18.14,137.55,New,Digital
INV106733,10/12/2024 23:19,S016,C0026,Clothing,4,62.53,28.96,49.31,New,Card
INV107854,10/12/2024 23:32,S002,SH0013,Shoes,6,51.74,18.23,39.93,New,Card
INV101526,10/12/2024 23:35,S009,C0072,Clothing,8,48.09,25.39,26.3,New,Card
INV102061,10/13/2024 0:56,S005,C0064,Clothing,9,89.27,15.58,66.52,New,Card
INV108405,10/13/2024 2:36,S018,C0003,Clothing,3,80.65,10.96,50.99,New,Card
INV105234,10/13/2024 3:45,S011,SH0009,Shoes,7,170.83,25.36,107.05,Returning,Cash
INV109273,10/13/2024 7:56,S002,A0057,Accessories,4,13.92,6.34,5.86,New,Cash
INV100386,10/13/2024 9:00,S016,SH0009,Shoes,3,95.02,22.19,65.64,Returning,Card
INV103638,10/13/2024 10:15,S020,C0030,Clothing,9,31.88,12.73,21.06,Returning,Card
INV103667,10/13/2024 10:43,S013,A0060,Accessories,5,43.86,16.13,18.97,New,Cash
INV105223,10/13/2024 11:21,S014,A0008,Accessories,9,41.33,19.26,17.75,Returning,Digital
INV104828,10/13/2024 15:13,S008,C0051,Clothing,8,76.5,11.57,59.02,New,Card
INV108674,10/13/2024 17:55,S016,SH0008,Shoes,6,58.16,6.18,43.84,New,Digital
INV105546,10/13/2024 18:39,S011,A0032,Accessories,8,21.98,13.78,10.98,Returning,Cash
INV105364,10/13/2024 19:37,S015,SH0039,Shoes,7,113.44,19.3,67.03,Returning,Cash
INV101097,10/13/2024 20:25,S016,C0020,Clothing,5,61.13,24.07,39.16,Returning,Digital
INV100737,10/13/2024 21:08,S008,A0037,Accessories,8,61.48,22.69,25.73,Returning,Digital
INV104735,10/13/2024 22:39,S008,A0043,Accessories,5,72.87,9.1,49.52,New,Digital
INV101360,10/13/2024 23:00,S018,C0067,Clothing,5,44.47,10.1,25.74,Returning,Card
INV108597,10/13/2024 23:50,S015,C0083,Clothing,5,105.14,13.74,69.52,New,Digital
INV100268,10/14/2024 1:06,S010,C0025,Clothing,7,60.93,21.51,40.59,New,Cash
INV101974,10/14/2024 1:44,S018,SH0007,Shoes,4,117.71,10.14,97.91,Returning,Cash
INV107345,10/14/2024 4:17,S015,SH0023,Shoes,6,60.53,7.01,51.22,New,Cash
INV106261,10/14/2024 5:35,S020,SH0024,Shoes,4,116.56,14.31,86.54,Returning,Card
INV106924,10/14/2024 5:51,S015,SH0002,Shoes,7,75.92,28.88,57.49,Returning,Digital
INV103714,10/14/2024 6:00,S014,SH0031,Shoes,6,180.1,29.6,123.73,New,Digital
INV108465,10/14/2024 6:32,S009,C0023,Clothing,9,105.31,29.05,73.53,New,Digital
INV101606,10/14/2024 6:57,S006,SH0039,Shoes,6,64.38,13.73,48.41,Returning,Digital
INV102364,10/14/2024 10:40,S017,A0056,Accessories,7,51.11,16.26,20.48,Returning,Card
INV108241,10/14/2024 11:19,S005,A0044,Accessories,6,69.27,6.28,48.43,Returning,Digital
INV102227,10/14/2024 13:28,S011,C0096,Clothing,10,85.19,15.61,62.78,New,Card
INV105482,10/14/2024 13:35,S003,SH0029,Shoes,10,89.57,12.98,74.46,Returning,Digital
INV106011,10/14/2024 15:07,S011,C0077,Clothing,4,107.89,21.48,67.38,Returning,Digital
INV105817,10/14/2024 15:28,S015,SH0020,Shoes,5,184.6,26.24,126.55,New,Cash
INV102498,10/14/2024 15:35,S015,C0047,Clothing,7,98.87,14.99,61.93,New,Digital
INV103217,10/14/2024 16:11,S011,SH0008,Shoes,10,135.11,19,111.45,Returning,Digital
INV106220,10/14/2024 20:05,S019,SH0038,Shoes,5,130.89,28.28,78.67,Returning,Digital
INV104895,10/14/2024 20:44,S009,A0023,Accessories,6,73.95,6.25,43.78,Returning,Card
INV100034,10/14/2024 21:24,S007,SH0012,Shoes,3,138.48,12.6,88.67,Returning,Digital
INV102108,10/14/2024 21:37,S019,A0008,Accessories,3,57.47,15.2,25.14,New,Digital
INV106428,10/14/2024 21:47,S011,SH0006,Shoes,7,53.83,5.52,35.38,New,Card
INV107043,10/14/2024 22:29,S015,C0073,Clothing,8,73.26,10.64,49.34,Returning,Card
INV101459,10/14/2024 22:48,S010,A0055,Accessories,5,77.44,14.5,45.12,New,Digital
INV102784,10/15/2024 0:08,S002,C0097,Clothing,9,108.11,16.03,59.21,Returning,Card
INV100780,10/15/2024 0:09,S006,C0011,Clothing,9,44.5,8.74,22.42,Returning,Digital
INV108823,10/15/2024 1:06,S019,SH0008,Shoes,3,60.96,23.66,41.74,Returning,Cash
INV106589,10/15/2024 4:14,S004,SH0005,Shoes,3,72.67,5.53,59.34,Returning,Digital
INV108940,10/15/2024 5:02,S012,A0019,Accessories,3,10.31,13.06,4.3,Returning,Cash
INV105919,10/15/2024 7:59,S009,A0020,Accessories,6,12.95,10.02,8.72,New,Cash
INV109686,10/15/2024 8:04,S006,SH0032,Shoes,4,103.93,19.08,62.8,New,Digital
INV103827,10/15/2024 8:42,S012,C0100,Clothing,5,32.77,15.45,22.75,Returning,Card
INV107863,10/15/2024 8:45,S019,A0047,Accessories,5,67.32,9.9,46.41,New,Card
INV101816,10/15/2024 11:15,S002,C0071,Clothing,9,110.95,25.57,74.44,New,Digital
INV104193,10/15/2024 11:47,S014,A0054,Accessories,10,39.36,24.1,27.77,New,Digital
INV108433,10/15/2024 13:41,S014,A0019,Accessories,10,18.76,25.77,9.5,New,Card
INV101524,10/15/2024 13:52,S014,A0050,Accessories,3,32.17,16.32,16.35,New,Digital
INV105646,10/15/2024 13:55,S015,A0038,Accessories,10,17.59,19.87,12.55,New,Card
INV107226,10/15/2024 15:18,S010,SH0009,Shoes,5,65.45,13.18,55.07,Returning,Digital
INV102620,10/15/2024 15:47,S016,SH0019,Shoes,8,47.17,25.55,26.83,New,Cash
INV104294,10/15/2024 16:29,S019,A0046,Accessories,4,38.28,23.83,19.42,Returning,Card
INV106976,10/15/2024 19:14,S003,A0026,Accessories,7,21.84,27.81,10.9,New,Digital
INV109695,10/15/2024 20:20,S003,A0012,Accessories,5,45.43,8.19,18.5,New,Digital
INV107865,10/15/2024 21:39,S017,A0022,Accessories,10,66.07,17,29.97,Returning,Cash
INV104589,10/15/2024 23:14,S009,C0092,Clothing,3,77.12,24.87,56.98,New,Digital
INV101644,10/15/2024 23:37,S010,SH0035,Shoes,4,137.47,25.5,112.61,New,Digital
INV102631,10/16/2024 0:16,S018,A0031,Accessories,3,40.46,18.31,29.14,Returning,Card
INV109512,10/16/2024 2:03,S005,SH0008,Shoes,8,189.44,14.43,156.54,Returning,Cash
INV109233,10/16/2024 4:30,S016,C0054,Clothing,8,116.23,7.45,78.94,Returning,Cash
INV104613,10/16/2024 5:38,S007,A0004,Accessories,10,53.05,13.76,25.23,Returning,Card
INV103904,10/16/2024 6:06,S004,A0007,Accessories,8,20.59,19.69,9.48,New,Digital
INV102670,10/16/2024 6:52,S019,SH0040,Shoes,5,115.93,24.56,67.64,Returning,Cash
INV101470,10/16/2024 8:57,S011,SH0006,Shoes,7,180.36,19.04,130.26,Returning,Cash
INV109231,10/16/2024 9:38,S011,A0046,Accessories,6,66.7,27,29.51,New,Digital
INV103314,10/16/2024 10:12,S010,SH0003,Shoes,7,68.5,28.87,43.02,New,Cash
INV109299,10/16/2024 10:19,S007,SH0027,Shoes,10,102.51,17.93,79.79,New,Card
INV101834,10/16/2024 11:03,S005,A0006,Accessories,5,63.03,29.15,42.02,Returning,Digital
INV107292,10/16/2024 11:12,S007,SH0028,Shoes,3,74,8,60.16,New,Digital
INV101764,10/16/2024 11:14,S005,A0009,Accessories,7,76.09,16.84,53.21,Returning,Card
INV100113,10/16/2024 11:23,S011,A0025,Accessories,3,38.61,24.73,20.02,New,Card
INV103255,10/16/2024 14:15,S014,C0053,Clothing,9,32.54,15.97,20.64,Returning,Digital
INV102928,10/16/2024 15:15,S002,A0046,Accessories,5,67.95,16.84,37,Returning,Card
INV101268,10/16/2024 15:24,S006,C0048,Clothing,9,23.51,7.71,12.99,New,Cash
INV108406,10/16/2024 18:02,S007,C0090,Clothing,5,88.48,13.49,48.68,New,Card
INV109990,10/16/2024 18:41,S009,A0056,Accessories,3,31.12,28.2,16.02,New,Cash
INV109287,10/16/2024 20:07,S020,A0020,Accessories,8,17.66,15.57,11.32,New,Cash
INV104237,10/16/2024 20:52,S007,C0092,Clothing,10,119.47,9.58,88.69,Returning,Cash
INV109365,10/16/2024 23:37,S017,A0015,Accessories,7,11.58,10.58,8.59,New,Cash
INV107021,10/17/2024 1:00,S004,C0089,Clothing,10,79.72,9.98,51.84,New,Card
INV101391,10/17/2024 1:26,S002,C0032,Clothing,8,25.39,6.99,18.12,Returning,Card
INV100257,10/17/2024 3:15,S008,C0035,Clothing,3,73.37,24.1,54.1,Returning,Card
INV102117,10/17/2024 4:00,S018,C0069,Clothing,6,85.75,9.35,47.22,New,Digital
INV109201,10/17/2024 4:14,S002,SH0028,Shoes,7,144.31,20.99,106.79,New,Cash
INV105958,10/17/2024 5:27,S005,C0020,Clothing,5,95.67,19.32,55.16,Returning,Cash
INV106768,10/17/2024 6:43,S012,A0018,Accessories,7,71.89,26.23,41.39,New,Card
INV105981,10/17/2024 7:20,S007,SH0017,Shoes,6,149.06,25.04,108.7,Returning,Card
INV104776,10/17/2024 7:48,S005,C0062,Clothing,6,26.05,26.92,17.79,Returning,Digital
INV107575,10/17/2024 7:53,S012,SH0018,Shoes,9,169.15,5.93,136.25,New,Digital
INV108949,10/17/2024 8:13,S003,A0018,Accessories,6,11.36,12.11,6.3,Returning,Digital
INV103551,10/17/2024 8:20,S005,SH0034,Shoes,7,58.63,16.05,44.73,New,Card
INV104864,10/17/2024 8:53,S020,SH0040,Shoes,10,178.66,20.23,127.94,Returning,Digital
INV108355,10/17/2024 9:04,S009,SH0011,Shoes,9,142.18,9.87,112.68,Returning,Card
INV107997,10/17/2024 9:51,S020,SH0032,Shoes,5,199.34,29.26,126.77,Returning,Digital
INV106714,10/17/2024 11:14,S009,A0017,Accessories,9,18.79,26.84,7.99,New,Digital
INV109315,10/17/2024 13:09,S007,A0056,Accessories,3,73.3,23.59,48.26,Returning,Card
INV101894,10/17/2024 13:58,S002,A0002,Accessories,8,45.88,25.51,22.1,New,Card
INV109748,10/17/2024 14:02,S014,A0046,Accessories,7,11.92,29.75,5.83,Returning,Card
INV102822,10/17/2024 14:29,S010,C0030,Clothing,3,44.22,22.32,26.44,New,Cash
INV106419,10/17/2024 14:59,S007,C0098,Clothing,5,20.17,7.57,14.07,New,Digital
INV104392,10/17/2024 15:00,S002,C0001,Clothing,5,24.01,8.2,18.29,Returning,Cash
INV102976,10/17/2024 15:38,S009,SH0003,Shoes,4,101.72,26.24,56.22,Returning,Cash
INV101121,10/17/2024 15:42,S005,A0007,Accessories,10,14.68,20.2,7.53,New,Digital
INV105882,10/17/2024 16:22,S020,A0053,Accessories,10,62.97,25.5,39.73,New,Digital
INV101646,10/17/2024 16:25,S017,C0011,Clothing,3,38.22,10.25,21.61,Returning,Card
INV101753,10/17/2024 18:07,S014,A0015,Accessories,9,34.36,6.49,14.32,Returning,Card
INV101152,10/17/2024 18:08,S018,C0089,Clothing,4,59.64,29.76,44.55,New,Digital
INV103294,10/17/2024 19:51,S014,C0081,Clothing,6,90.17,11.98,61.68,Returning,Card
INV107818,10/17/2024 20:19,S016,C0091,Clothing,6,33.84,23.32,18.42,Returning,Card
INV106622,10/17/2024 20:30,S019,SH0023,Shoes,6,54.12,8.64,43.96,New,Cash
INV103569,10/17/2024 21:17,S018,C0055,Clothing,6,94.94,16.56,60.04,New,Cash
INV101168,10/17/2024 21:17,S016,SH0001,Shoes,8,88.54,28.02,70.25,New,Cash
INV102855,10/17/2024 21:44,S014,SH0024,Shoes,3,137.05,18.14,109.48,New,Cash
INV100571,10/17/2024 22:49,S005,SH0009,Shoes,8,175.51,16.29,132.64,Returning,Cash
INV108483,10/17/2024 23:54,S008,SH0003,Shoes,9,101.45,22.38,67.57,New,Cash
INV100302,10/18/2024 1:35,S003,C0089,Clothing,3,113.31,5.32,67.89,New,Digital
INV102360,10/18/2024 1:44,S004,A0044,Accessories,4,36.65,28,22.19,New,Digital
INV100627,10/18/2024 5:18,S002,C0033,Clothing,9,96.83,21.97,52.9,Returning,Cash
INV105098,10/18/2024 7:11,S009,SH0018,Shoes,4,43.52,21.49,33.05,New,Card
INV102278,10/18/2024 7:12,S001,SH0022,Shoes,10,98.82,19.16,82.56,New,Card
INV104636,10/18/2024 7:31,S008,A0045,Accessories,6,67.43,23.14,31.94,New,Digital
INV106148,10/18/2024 7:59,S017,C0052,Clothing,3,78.49,16.6,48.01,Returning,Cash
INV103252,10/18/2024 8:07,S005,SH0024,Shoes,8,95.15,11.83,76.38,Returning,Cash
INV103748,10/18/2024 8:42,S008,A0004,Accessories,4,54.85,22.85,37.99,Returning,Cash
INV100065,10/18/2024 10:26,S011,A0019,Accessories,3,56.38,16.37,30.45,Returning,Card
INV102342,10/18/2024 12:30,S001,SH0003,Shoes,10,41.93,8.91,35,New,Digital
INV104902,10/18/2024 12:55,S012,SH0002,Shoes,3,62.3,22.73,38.71,New,Digital
INV108282,10/18/2024 13:11,S005,A0013,Accessories,10,30.65,14.81,15.28,New,Digital
INV109868,10/18/2024 13:33,S003,SH0027,Shoes,5,113.36,18.2,69.67,New,Card
INV107331,10/18/2024 15:42,S011,SH0019,Shoes,9,155.5,9.49,129.26,Returning,Cash
INV103356,10/18/2024 15:59,S019,A0009,Accessories,5,46.96,16.87,30.4,Returning,Digital
INV109202,10/18/2024 16:23,S001,C0050,Clothing,7,55.15,10.89,28.25,Returning,Digital
INV108339,10/18/2024 16:24,S016,C0043,Clothing,5,71.79,13.28,55.93,New,Cash
INV109888,10/18/2024 17:43,S004,A0034,Accessories,5,58.25,7.27,30.86,New,Card
INV104393,10/18/2024 18:15,S013,SH0023,Shoes,3,101.36,12.29,79.05,New,Card
INV105239,10/18/2024 18:28,S002,A0034,Accessories,3,36.94,28.33,21.96,Returning,Card
INV102515,10/18/2024 19:05,S017,C0027,Clothing,6,99.99,11.55,72.22,Returning,Card
INV108642,10/18/2024 21:52,S004,C0024,Clothing,4,70.31,11.53,40.54,New,Digital
INV103612,10/18/2024 22:39,S019,SH0018,Shoes,5,184.35,14.43,112.64,Returning,Card
INV108462,10/19/2024 0:04,S001,SH0005,Shoes,9,75.91,18.57,48.63,New,Digital
INV108860,10/19/2024 0:09,S003,A0053,Accessories,6,72.79,29.73,53.84,Returning,Card
INV106300,10/19/2024 0:53,S006,C0008,Clothing,5,75.91,25.47,39.11,New,Cash
INV106668,10/19/2024 0:59,S013,SH0026,Shoes,10,198.99,10.32,131.18,Returning,Card
INV101972,10/19/2024 1:09,S002,SH0027,Shoes,9,176.51,27.9,146.11,New,Digital
INV104612,10/19/2024 2:34,S014,SH0008,Shoes,9,64.56,21.46,44.83,Returning,Digital
INV106030,10/19/2024 3:08,S009,SH0025,Shoes,7,91.92,11.46,59.71,New,Cash
INV108704,10/19/2024 3:36,S006,SH0013,Shoes,6,131.53,28.68,108.59,New,Cash
INV107463,10/19/2024 3:54,S012,SH0036,Shoes,6,70.16,25.26,48.87,Returning,Digital
INV107271,10/19/2024 5:25,S013,SH0025,Shoes,6,85.52,27.97,59.82,New,Digital
INV102081,10/19/2024 6:01,S017,C0094,Clothing,3,107.72,6.6,64.84,Returning,Digital
INV108319,10/19/2024 6:18,S001,SH0023,Shoes,9,180.49,15.61,141.02,Returning,Card
INV102803,10/19/2024 7:03,S001,A0047,Accessories,7,63.68,21.83,42.89,New,Cash
INV101109,10/19/2024 7:49,S020,C0002,Clothing,8,92.31,26.75,66.55,New,Cash
INV107622,10/19/2024 8:08,S002,SH0029,Shoes,4,144.04,26.12,116.42,New,Cash
INV104951,10/19/2024 8:29,S007,SH0029,Shoes,8,104.64,23.15,73.73,Returning,Digital
INV101679,10/19/2024 8:48,S010,C0094,Clothing,3,111.39,19.58,77.89,Returning,Card
INV109794,10/19/2024 10:08,S010,A0038,Accessories,10,57.92,17.52,38.07,New,Digital
INV109415,10/19/2024 12:06,S018,A0006,Accessories,10,13.03,25.82,5.54,Returning,Cash
INV104609,10/19/2024 12:13,S013,SH0036,Shoes,4,57.86,5.84,39.36,New,Cash
INV103545,10/19/2024 12:52,S013,A0031,Accessories,7,54.38,15.03,37.02,New,Digital
INV106678,10/19/2024 14:14,S010,SH0038,Shoes,5,94.54,24.87,68.33,New,Cash
INV107206,10/19/2024 14:34,S012,C0032,Clothing,5,114.41,11.03,87.79,Returning,Digital
INV108342,10/19/2024 14:43,S002,C0041,Clothing,6,116.65,14.49,71.97,Returning,Digital
INV101601,10/19/2024 17:21,S011,SH0026,Shoes,8,70.17,20.8,40.62,New,Card
INV100011,10/19/2024 17:49,S010,SH0001,Shoes,4,135.83,28.23,94.62,New,Cash
INV101365,10/19/2024 18:58,S011,C0095,Clothing,4,61.19,23.32,33.74,New,Digital
INV108322,10/19/2024 21:02,S004,SH0014,Shoes,10,79.46,20.43,45.14,New,Card
INV101682,10/19/2024 21:07,S013,SH0038,Shoes,9,187.55,18.51,108.27,Returning,Digital
INV100439,10/19/2024 21:18,S012,SH0039,Shoes,10,131.57,23.73,94.55,New,Cash
INV101066,10/19/2024 23:12,S011,SH0012,Shoes,10,173.72,23.22,97.08,New,Cash
INV107462,10/20/2024 0:11,S005,SH0033,Shoes,6,46.06,25.42,34.71,Returning,Digital
INV105527,10/20/2024 1:16,S011,SH0004,Shoes,6,121.2,12.94,81.49,Returning,Cash
INV106287,10/20/2024 3:09,S010,C0006,Clothing,7,58.92,7.35,31.9,Returning,Cash
INV106073,10/20/2024 4:04,S006,A0056,Accessories,6,19.71,9.34,10.47,Returning,Cash
INV105621,10/20/2024 4:27,S012,C0037,Clothing,4,71.24,25.14,41,New,Cash
INV101576,10/20/2024 5:42,S014,C0038,Clothing,10,25.21,25.36,15.43,Returning,Digital
INV104460,10/20/2024 6:57,S018,C0033,Clothing,10,35.87,29.62,22.59,New,Card
INV109291,10/20/2024 8:16,S007,SH0008,Shoes,9,52.53,9.19,37.68,New,Digital
INV106123,10/20/2024 9:12,S018,C0037,Clothing,5,69.06,19.66,41.32,New,Cash
INV108399,10/20/2024 14:49,S003,SH0036,Shoes,3,80.27,9.84,63.32,Returning,Digital
INV109931,10/20/2024 15:50,S015,A0010,Accessories,3,31.75,22.91,20.36,New,Cash
INV101639,10/20/2024 18:51,S020,SH0005,Shoes,9,197.91,8.41,122.18,Returning,Card
INV109302,10/20/2024 20:38,S016,C0076,Clothing,8,52.78,15.15,41.43,New,Cash
INV106463,10/20/2024 22:05,S008,SH0033,Shoes,5,45.37,21.6,38.5,New,Card
INV103467,10/20/2024 22:41,S004,SH0038,Shoes,6,139.47,14.72,111.68,Returning,Card
INV107402,10/20/2024 23:24,S001,A0051,Accessories,5,31.78,17.68,20.15,Returning,Card
INV100466,10/21/2024 0:09,S014,A0043,Accessories,4,40.57,8.43,30.29,Returning,Digital
INV100815,10/21/2024 0:40,S009,C0015,Clothing,4,65.91,8.55,44.74,New,Cash
INV102980,10/21/2024 1:59,S013,SH0005,Shoes,7,85.75,8.41,54.32,New,Digital
INV100691,10/21/2024 4:13,S003,C0023,Clothing,6,79.26,10.91,59.39,Returning,Digital
INV106553,10/21/2024 4:45,S011,A0060,Accessories,10,47.46,10.46,30.5,Returning,Cash
INV108219,10/21/2024 5:07,S017,C0004,Clothing,3,86.05,19.6,62.39,New,Card
INV107638,10/21/2024 7:33,S009,A0043,Accessories,5,66.24,18.79,37.34,New,Digital
INV101105,10/21/2024 7:44,S015,A0029,Accessories,7,79.73,23.75,41.31,New,Card
INV107936,10/21/2024 8:29,S020,SH0004,Shoes,4,94.65,24.38,75.48,New,Digital
INV109517,10/21/2024 8:34,S014,SH0001,Shoes,5,48.51,21.65,32.46,New,Cash
INV108257,10/21/2024 8:43,S020,SH0001,Shoes,4,134.86,18.06,99.79,New,Cash
INV108037,10/21/2024 8:55,S003,SH0011,Shoes,7,99.11,9.79,61.75,New,Cash
INV106684,10/21/2024 10:30,S008,C0039,Clothing,9,66.85,12.35,43.05,New,Card
INV103917,10/21/2024 11:11,S006,SH0010,Shoes,8,191.2,28.1,135.54,New,Cash
INV103351,10/21/2024 11:54,S010,A0047,Accessories,9,65.04,17.12,44.15,Returning,Card
INV105567,10/21/2024 13:48,S012,C0049,Clothing,8,48.79,8.05,28.14,Returning,Digital
INV100006,10/21/2024 14:24,S002,SH0036,Shoes,3,75.14,10.73,48.64,Returning,Card
INV100252,10/21/2024 14:51,S019,C0043,Clothing,3,32.25,9.2,25.24,Returning,Digital
INV104418,10/21/2024 14:54,S007,A0033,Accessories,10,64.84,19.57,32.48,New,Digital
INV100161,10/21/2024 18:14,S002,SH0003,Shoes,5,186.12,28.35,112.14,Returning,Card
INV106449,10/21/2024 18:16,S005,A0057,Accessories,9,71.16,9.82,51.22,Returning,Cash
INV102141,10/21/2024 19:22,S014,A0024,Accessories,6,46.11,13.54,23.82,New,Digital
INV105561,10/21/2024 19:52,S010,SH0032,Shoes,5,121.32,20.94,73.61,Returning,Cash
INV101626,10/21/2024 20:42,S010,A0051,Accessories,10,12.06,27.52,6.93,Returning,Digital
INV105677,10/21/2024 20:44,S006,SH0033,Shoes,10,195.8,24.89,143.38,Returning,Cash
INV108781,10/21/2024 21:59,S016,A0048,Accessories,10,59.67,29.4,25.87,Returning,Card
INV107974,10/21/2024 22:48,S018,C0084,Clothing,7,89.72,24.75,49.46,New,Digital
INV104469,10/21/2024 22:51,S003,A0050,Accessories,7,20.09,17.28,12.5,New,Cash
INV102323,10/21/2024 23:19,S019,SH0016,Shoes,6,104.43,8.58,57.77,New,Digital
INV101145,10/21/2024 23:43,S019,C0061,Clothing,6,37.46,16.38,20,Returning,Card
INV104236,10/22/2024 0:24,S017,C0034,Clothing,3,55.76,17.79,39.99,Returning,Cash
INV107526,10/22/2024 1:45,S007,A0033,Accessories,3,25.25,5.74,14.18,Returning,Digital
INV107536,10/22/2024 2:41,S015,C0024,Clothing,7,65.28,8.48,42.1,Returning,Digital
INV101872,10/22/2024 5:01,S008,C0033,Clothing,9,88.87,20.42,44.44,New,Digital
INV103606,10/22/2024 5:41,S003,SH0014,Shoes,7,180.67,12.36,131.92,New,Cash
INV103530,10/22/2024 6:06,S008,C0063,Clothing,3,72.78,12.71,46.17,New,Card
INV105802,10/22/2024 9:48,S010,C0069,Clothing,4,25.92,25.15,20.51,New,Card
INV101138,10/22/2024 12:13,S012,SH0001,Shoes,7,186.43,11.64,144.16,Returning,Cash
INV107932,10/22/2024 14:05,S006,C0013,Clothing,10,119.16,27.14,94.14,Returning,Cash
INV105411,10/22/2024 19:58,S006,C0096,Clothing,6,118.82,22.81,79.33,New,Cash
INV109676,10/22/2024 20:22,S011,SH0014,Shoes,3,151.89,26.79,116.42,New,Digital
INV102375,10/22/2024 21:33,S006,SH0037,Shoes,8,156.87,14.35,132.63,New,Digital
INV101403,10/22/2024 21:42,S020,SH0017,Shoes,4,55.21,10.88,45.78,Returning,Cash
INV105193,10/22/2024 22:55,S007,SH0037,Shoes,5,99.63,11.12,57.13,New,Digital
INV100692,10/22/2024 23:12,S007,A0012,Accessories,10,52.41,29.19,26.52,Returning,Card
INV109411,10/22/2024 23:37,S002,C0046,Clothing,9,42.69,7.58,28.68,New,Digital
INV106411,10/23/2024 0:06,S013,SH0013,Shoes,4,48.16,11.11,28.08,New,Cash
INV104944,10/23/2024 0:51,S018,A0041,Accessories,5,55.27,21.64,30.76,Returning,Digital
INV101539,10/23/2024 4:09,S005,SH0033,Shoes,7,42.7,11.34,24.84,Returning,Digital
INV105884,10/23/2024 4:43,S016,A0048,Accessories,7,13.64,13,8.9,New,Digital
INV108394,10/23/2024 4:51,S001,C0026,Clothing,7,38.97,21.1,28.82,New,Card
INV104577,10/23/2024 5:42,S012,SH0029,Shoes,7,72.1,17.88,44.38,New,Digital
INV107678,10/23/2024 9:02,S010,SH0010,Shoes,8,135.78,22.14,82.97,New,Card
INV102871,10/23/2024 9:11,S011,A0025,Accessories,3,11.38,26.89,6.86,Returning,Digital
INV100150,10/23/2024 10:51,S020,SH0030,Shoes,5,63.83,13.2,52.21,Returning,Cash
INV104192,10/23/2024 13:19,S008,A0047,Accessories,8,57.25,28.36,38.05,New,Cash
INV101306,10/23/2024 14:16,S019,C0052,Clothing,9,95.62,24.17,68.07,Returning,Digital
INV101884,10/23/2024 17:37,S018,SH0005,Shoes,8,145.69,20.4,119.91,Returning,Cash
INV106144,10/23/2024 17:55,S010,C0069,Clothing,4,72.51,11.48,53.3,Returning,Cash
INV105562,10/23/2024 18:47,S001,SH0028,Shoes,7,109.42,22.41,62.06,New,Digital
INV102488,10/23/2024 20:54,S017,SH0034,Shoes,5,68.16,27.87,40.34,Returning,Card
INV103149,10/23/2024 21:46,S009,A0037,Accessories,5,46.66,6.29,21.77,Returning,Digital
INV109663,10/23/2024 22:24,S009,C0069,Clothing,6,87.07,24.81,56.92,Returning,Digital
INV105063,10/23/2024 23:38,S008,A0056,Accessories,8,18.91,14.66,9.22,Returning,Card
INV105587,10/24/2024 0:28,S012,A0019,Accessories,4,30.47,16.9,17.81,Returning,Cash
INV101586,10/24/2024 0:55,S011,SH0025,Shoes,4,162.55,20.3,122.78,New,Digital
INV105042,10/24/2024 1:24,S020,C0046,Clothing,10,113.4,20.49,73.51,Returning,Card
INV109781,10/24/2024 1:56,S014,C0048,Clothing,9,75.31,11.65,46.34,New,Cash
INV102648,10/24/2024 2:39,S014,A0037,Accessories,6,62.83,24.08,45.39,New,Digital
INV100779,10/24/2024 4:07,S004,SH0010,Shoes,9,100.39,14.29,56.01,New,Card
INV102964,10/24/2024 4:30,S013,A0056,Accessories,7,25.8,27.37,12.44,New,Cash
INV103037,10/24/2024 4:45,S019,A0007,Accessories,7,68.78,22.71,43.29,New,Cash
INV100931,10/24/2024 6:28,S018,C0005,Clothing,10,108.55,8.5,70.4,Returning,Card
INV108215,10/24/2024 8:09,S017,SH0014,Shoes,5,187.35,14.96,116.83,Returning,Card
INV109576,10/24/2024 9:55,S004,C0081,Clothing,4,21.5,18.4,16.69,Returning,Cash
INV108242,10/24/2024 10:27,S020,A0025,Accessories,9,16.66,27.33,8.33,Returning,Card
INV102262,10/24/2024 10:55,S020,A0006,Accessories,5,74.63,26.07,45.15,Returning,Card
INV108268,10/24/2024 11:42,S020,A0045,Accessories,7,10.56,17.59,7.58,Returning,Card
INV102536,10/24/2024 12:47,S012,C0043,Clothing,7,54.17,14.48,38.61,Returning,Cash
INV106883,10/24/2024 15:43,S013,SH0012,Shoes,4,150.02,12.7,109.11,New,Cash
INV102911,10/24/2024 18:51,S015,A0038,Accessories,3,16.5,20.79,7.45,New,Cash
INV107809,10/24/2024 20:12,S006,C0036,Clothing,8,110.9,28.69,55.51,Returning,Digital
INV107375,10/24/2024 21:22,S009,A0002,Accessories,4,24.17,18.37,11.83,Returning,Cash
INV105539,10/25/2024 0:13,S005,A0041,Accessories,5,54.44,8.1,32.67,New,Digital
INV101405,10/25/2024 3:28,S012,A0034,Accessories,10,45.92,29.31,33.27,Returning,Cash
INV109917,10/25/2024 4:56,S007,SH0003,Shoes,7,178.33,16.95,113.25,New,Digital
INV102952,10/25/2024 5:04,S003,C0033,Clothing,9,22.77,18.35,17.5,New,Card
INV102424,10/25/2024 5:07,S017,C0026,Clothing,9,57.89,6.52,38.01,New,Card
INV102104,10/25/2024 6:17,S012,C0100,Clothing,3,73.1,12.71,48.74,New,Digital
INV102491,10/25/2024 6:47,S005,C0027,Clothing,9,106.75,29.5,83.63,Returning,Digital
INV105944,10/25/2024 6:49,S006,SH0014,Shoes,4,167.69,12.55,92.84,New,Cash
INV104004,10/25/2024 7:35,S013,C0075,Clothing,7,101.7,22.5,72.86,New,Card
INV100104,10/25/2024 8:18,S008,C0001,Clothing,5,69.74,14.51,43.88,Returning,Cash
INV107141,10/25/2024 8:37,S003,A0051,Accessories,4,47.72,19.9,30.54,New,Cash
INV107525,10/25/2024 8:50,S018,SH0004,Shoes,7,106.37,26.35,64.04,Returning,Cash
INV102956,10/25/2024 8:52,S014,A0045,Accessories,9,38.48,16.62,26.11,New,Digital
INV108087,10/25/2024 9:04,S001,A0048,Accessories,3,56.68,27.72,24.97,Returning,Cash
INV102466,10/25/2024 11:09,S003,SH0040,Shoes,5,162.17,6.4,101.74,Returning,Card
INV108747,10/25/2024 14:31,S019,C0042,Clothing,8,44.96,8.99,34.86,Returning,Card
INV104068,10/25/2024 15:20,S015,SH0017,Shoes,8,133.63,6.54,93.33,Returning,Card
INV103466,10/25/2024 15:38,S017,C0033,Clothing,6,93.87,16.02,48.06,Returning,Card
INV108754,10/25/2024 19:47,S003,A0052,Accessories,10,79.82,7.52,42.57,Returning,Digital
INV100172,10/25/2024 20:46,S018,A0024,Accessories,9,79.5,14.39,42.44,New,Digital
INV104456,10/25/2024 22:48,S001,A0047,Accessories,8,19.61,22.45,9.98,Returning,Digital
INV108395,10/26/2024 0:34,S005,C0066,Clothing,5,61.71,17.43,41.73,Returning,Cash
INV100680,10/26/2024 2:42,S002,C0087,Clothing,5,47.33,10.42,29.92,New,Card
INV108084,10/26/2024 2:55,S019,A0008,Accessories,5,37.89,18.47,15.25,Returning,Card
INV102033,10/26/2024 4:01,S009,C0093,Clothing,7,87.59,8.16,51.47,New,Cash
INV101934,10/26/2024 4:08,S007,SH0015,Shoes,3,82.99,6.81,60.29,Returning,Card
INV100631,10/26/2024 7:34,S006,SH0029,Shoes,7,46.69,21.33,37.06,New,Cash
INV106468,10/26/2024 10:49,S012,A0050,Accessories,8,13.37,21.4,6.04,New,Card
INV101773,10/26/2024 11:19,S019,C0100,Clothing,8,83.76,7,49.89,Returning,Cash
INV102528,10/26/2024 12:21,S006,SH0032,Shoes,6,86.9,20.58,70.78,New,Card
INV105457,10/26/2024 12:40,S014,SH0014,Shoes,7,54.53,19.63,33.62,New,Card
INV106670,10/26/2024 13:27,S016,A0035,Accessories,10,12.84,10.74,7.57,Returning,Digital
INV104801,10/26/2024 14:23,S017,C0033,Clothing,4,20.9,22.73,13.95,New,Digital
INV103589,10/26/2024 14:29,S008,C0091,Clothing,8,61.6,21.02,44.81,Returning,Digital
INV102545,10/26/2024 16:00,S015,C0054,Clothing,4,116.68,21.21,84.33,New,Card
INV107105,10/26/2024 17:50,S018,SH0018,Shoes,8,113.88,16.26,88.91,Returning,Cash
INV108836,10/26/2024 20:05,S006,A0004,Accessories,10,33.6,20.29,21.3,Returning,Cash
INV109500,10/26/2024 20:24,S010,A0060,Accessories,7,12.39,26.71,5.39,New,Digital
INV105913,10/26/2024 20:25,S012,SH0023,Shoes,9,96.79,8.94,57.17,New,Card
INV104220,10/26/2024 21:14,S006,A0060,Accessories,4,64.17,25.87,28.65,New,Card
INV102627,10/26/2024 21:36,S020,C0040,Clothing,10,36.26,17.98,22.57,Returning,Cash
INV106394,10/26/2024 21:55,S011,A0011,Accessories,4,26.6,24.55,11.41,New,Cash
INV100829,10/27/2024 0:08,S012,A0056,Accessories,5,58.13,7.2,32.12,New,Digital
INV104415,10/27/2024 5:01,S008,SH0037,Shoes,8,146.3,18.22,95.31,New,Cash
INV101593,10/27/2024 5:50,S018,A0048,Accessories,4,30.73,22.78,19.42,New,Card
INV102796,10/27/2024 6:45,S007,SH0021,Shoes,4,137.97,19.55,90.41,Returning,Cash
INV101979,10/27/2024 7:41,S011,C0045,Clothing,6,48.4,7.06,24.9,New,Card
INV102826,10/27/2024 8:59,S012,SH0025,Shoes,4,170.49,9.15,98.73,New,Card
INV105815,10/27/2024 9:46,S012,SH0005,Shoes,6,77.87,16.23,43.74,Returning,Card
INV108270,10/27/2024 9:58,S009,C0075,Clothing,5,64.09,18.95,36.84,New,Digital
INV105326,10/27/2024 10:08,S008,C0006,Clothing,4,26.85,27.21,14.14,New,Card
INV102011,10/27/2024 10:24,S020,SH0018,Shoes,8,152,13.85,86.52,Returning,Cash
INV101348,10/27/2024 11:13,S007,A0006,Accessories,8,32.77,25.69,18.31,New,Cash
INV100551,10/27/2024 11:22,S014,SH0038,Shoes,8,44.3,14.51,36.21,Returning,Card
INV107048,10/27/2024 13:49,S020,C0068,Clothing,3,107.11,26.91,71.94,Returning,Cash
INV104617,10/27/2024 14:23,S011,C0071,Clothing,10,65.28,9.11,48.58,Returning,Digital
INV103059,10/27/2024 15:32,S019,C0044,Clothing,10,63.77,17.33,40.48,New,Digital
INV102778,10/27/2024 16:23,S006,SH0026,Shoes,4,184.2,12.11,133.42,Returning,Card
INV106935,10/27/2024 16:43,S009,C0071,Clothing,8,91.37,12.39,54.3,Returning,Cash
INV105601,10/27/2024 20:01,S005,A0042,Accessories,6,70.57,19.54,29.07,New,Card
INV102437,10/27/2024 21:51,S010,A0013,Accessories,8,21.1,25.22,10.2,Returning,Cash
INV109645,10/27/2024 21:54,S017,A0003,Accessories,9,29.96,23.06,12.49,New,Card
INV102779,10/27/2024 22:01,S014,A0020,Accessories,7,72.3,22.55,32.77,Returning,Card
INV106038,10/27/2024 22:32,S017,SH0032,Shoes,6,133.35,26.02,91.5,Returning,Digital
INV100208,10/27/2024 23:09,S004,A0022,Accessories,10,41.87,13.71,19.78,Returning,Digital
INV108049,10/28/2024 1:29,S020,A0044,Accessories,8,60.78,11.47,44.68,New,Card
INV102100,10/28/2024 2:42,S009,A0024,Accessories,5,77.43,24.03,50.46,New,Cash
INV107893,10/28/2024 3:40,S009,SH0036,Shoes,6,65.52,17.73,47.31,New,Card
INV102132,10/28/2024 4:32,S015,A0031,Accessories,4,18.69,18.41,8.74,Returning,Digital
INV109827,10/28/2024 5:00,S002,SH0018,Shoes,6,165.36,8.75,137.09,New,Card
INV100960,10/28/2024 6:27,S006,SH0016,Shoes,8,64.66,5.12,46.34,Returning,Cash
INV104086,10/28/2024 9:09,S004,SH0009,Shoes,8,107.03,9.49,66.74,Returning,Digital
INV100304,10/28/2024 9:23,S005,SH0021,Shoes,3,108.16,5.24,63.25,New,Card
INV103183,10/28/2024 9:49,S002,A0025,Accessories,6,39.62,24.57,24.95,New,Cash
INV100408,10/28/2024 10:01,S015,SH0018,Shoes,5,187.06,7.36,131.57,Returning,Cash
INV109274,10/28/2024 10:13,S008,A0035,Accessories,6,16.94,28.2,10.39,New,Card
INV108501,10/28/2024 11:23,S019,A0012,Accessories,5,73.66,19.04,47.59,New,Card
INV100994,10/28/2024 11:41,S017,SH0033,Shoes,10,90.29,21.21,59.8,Returning,Cash
INV107573,10/28/2024 12:18,S019,A0039,Accessories,6,78.41,15.62,51.85,Returning,Digital
INV105209,10/28/2024 12:36,S018,C0041,Clothing,8,102.36,10.63,58.02,Returning,Cash
INV104122,10/28/2024 12:47,S014,C0013,Clothing,3,71.79,22.89,44.36,New,Cash
INV106313,10/28/2024 12:49,S018,SH0009,Shoes,4,108.68,25.98,87.11,Returning,Card
INV107971,10/28/2024 13:27,S001,A0005,Accessories,8,74.38,14.94,39.32,Returning,Digital
INV104306,10/28/2024 14:06,S017,SH0011,Shoes,3,131.26,8.55,107.11,Returning,Digital
INV108744,10/28/2024 14:28,S017,C0050,Clothing,10,112.44,6.66,77.84,Returning,Digital
INV101643,10/28/2024 17:58,S005,A0053,Accessories,8,64.26,23.86,36.73,New,Digital
INV100503,10/28/2024 18:35,S015,C0012,Clothing,6,61.17,19.79,40.16,Returning,Cash
INV105392,10/28/2024 19:27,S017,A0052,Accessories,5,52.17,17.82,27.63,New,Cash
INV105060,10/28/2024 21:12,S009,C0028,Clothing,9,116.07,27.71,66.55,New,Card
INV102089,10/28/2024 21:51,S014,A0024,Accessories,7,46.72,11.09,18.76,New,Digital
INV101631,10/28/2024 21:53,S011,C0092,Clothing,4,105.92,29.44,56.18,Returning,Card
INV109178,10/28/2024 22:42,S012,SH0002,Shoes,10,152.06,16.29,112.27,Returning,Card
INV102305,10/28/2024 23:25,S019,A0035,Accessories,6,73.6,10.04,38.24,Returning,Digital
INV107389,10/29/2024 3:04,S012,C0035,Clothing,9,69.47,24.33,53.07,Returning,Cash
INV109799,10/29/2024 4:39,S017,SH0008,Shoes,7,179.94,22.68,150.56,Returning,Card
INV106442,10/29/2024 5:26,S020,SH0013,Shoes,6,100.63,25.42,65.59,Returning,Cash
INV107351,10/29/2024 15:47,S013,A0005,Accessories,4,18.58,22.97,11.93,New,Card
INV106705,10/30/2024 4:25,S015,SH0035,Shoes,8,58.38,29.55,47.41,New,Cash
INV101774,10/30/2024 5:55,S010,C0097,Clothing,9,30.63,9.2,17,Returning,Cash
INV109542,10/30/2024 5:57,S013,C0074,Clothing,9,62.65,29.12,33.07,Returning,Cash
INV101388,10/30/2024 7:16,S002,C0018,Clothing,9,103.68,5.07,59.65,New,Cash
INV109544,10/30/2024 8:07,S017,SH0034,Shoes,8,47.58,27.15,38.48,New,Cash
INV107823,10/30/2024 16:16,S020,C0085,Clothing,10,29.27,6.07,17.76,New,Digital
INV105225,10/30/2024 16:58,S020,C0045,Clothing,6,61.56,29.98,43.95,Returning,Card
INV105446,10/30/2024 17:01,S009,SH0015,Shoes,9,70.22,11.44,54.22,Returning,Digital
INV109762,10/30/2024 21:53,S017,C0072,Clothing,9,117.53,25.06,59.44,New,Card
INV102512,10/30/2024 23:59,S006,C0095,Clothing,7,119.2,5.24,91,New,Card
INV101178,10/31/2024 3:46,S016,A0041,Accessories,8,27.29,9.58,16.63,Returning,Cash
INV104466,10/31/2024 5:01,S010,C0085,Clothing,4,103.27,11.48,65.38,Returning,Cash
INV100258,10/31/2024 5:15,S012,A0052,Accessories,3,61.67,22.59,32.41,New,Digital
INV108078,10/31/2024 5:30,S019,A0056,Accessories,6,44.82,26.23,21.42,New,Card
INV106341,10/31/2024 7:49,S007,SH0026,Shoes,8,159.1,7.24,107.47,Returning,Card
INV102385,10/31/2024 12:03,S002,C0086,Clothing,4,28.02,21.68,22.07,New,Card
INV103526,10/31/2024 13:54,S008,SH0032,Shoes,6,198.97,26.6,160.39,New,Digital
INV108801,11/1/2024 0:01,S004,A0019,Accessories,3,72.56,22.18,38.02,Returning,Card
INV106091,11/1/2024 0:08,S014,SH0020,Shoes,10,147.93,26.95,100.73,New,Digital
INV101024,11/1/2024 0:24,S003,A0026,Accessories,8,77.31,28.64,33.63,Returning,Digital
INV106217,11/1/2024 5:18,S010,SH0001,Shoes,6,96.48,22.77,69.25,Returning,Cash
INV107456,11/1/2024 5:26,S017,SH0029,Shoes,9,194.3,6.04,162.46,New,Cash
INV104223,11/1/2024 5:31,S006,A0031,Accessories,6,23.14,16.14,11.74,New,Digital
INV102939,11/1/2024 9:54,S003,SH0016,Shoes,10,81.15,7.84,49.96,Returning,Card
INV104013,11/1/2024 10:21,S019,SH0024,Shoes,4,89.73,20.16,58.36,New,Card
INV103856,11/1/2024 11:31,S012,C0024,Clothing,4,30.24,27.75,23.12,Returning,Digital
INV109390,11/1/2024 12:29,S004,C0007,Clothing,4,86.79,14.59,43.88,New,Digital
INV102693,11/1/2024 14:59,S007,A0039,Accessories,8,75.12,20.03,39.16,Returning,Card
INV104962,11/1/2024 15:27,S006,SH0018,Shoes,4,67.31,16.48,39,New,Digital
INV103628,11/1/2024 15:28,S011,SH0037,Shoes,6,158.84,10.66,96.77,Returning,Digital
INV106977,11/1/2024 15:50,S006,A0013,Accessories,6,40.75,13.15,26.47,New,Card
INV101380,11/1/2024 17:43,S011,SH0034,Shoes,3,62.5,19.41,40.7,New,Cash
INV100014,11/1/2024 18:35,S002,SH0015,Shoes,3,41.15,10.72,31.37,Returning,Cash
INV107432,11/1/2024 18:48,S008,A0022,Accessories,10,79.77,28.8,33.83,New,Card
INV106609,11/1/2024 18:49,S018,A0020,Accessories,7,21.19,29.35,13.3,New,Cash
INV106969,11/1/2024 19:32,S018,A0048,Accessories,8,16.38,22.26,11.24,New,Cash
INV100813,11/1/2024 20:49,S001,C0004,Clothing,4,81.81,19.29,54.25,New,Card
INV109258,11/1/2024 21:25,S003,A0023,Accessories,4,72.21,28.84,34.04,New,Cash
INV108564,11/1/2024 23:23,S012,C0021,Clothing,3,52.02,16.28,30.66,New,Card
INV106972,11/1/2024 23:27,S008,SH0013,Shoes,8,49.98,18.8,41.7,Returning,Digital
INV101364,11/2/2024 2:29,S019,C0026,Clothing,6,64.29,28.14,45.98,New,Cash
INV105021,11/2/2024 8:37,S003,A0032,Accessories,10,20.43,23,10.31,New,Card
INV107382,11/2/2024 14:10,S014,C0004,Clothing,7,119.38,15.07,85.39,New,Digital
INV109413,11/2/2024 15:26,S017,A0051,Accessories,5,60.71,17.42,42.68,New,Digital
INV107695,11/2/2024 15:49,S006,SH0027,Shoes,8,185.51,28.12,147.5,New,Digital
INV101636,11/2/2024 17:04,S014,C0062,Clothing,7,74.33,25.68,41.54,New,Card
INV102992,11/2/2024 19:17,S019,SH0028,Shoes,9,92.44,17.41,55.34,New,Cash
INV106592,11/2/2024 23:00,S018,A0033,Accessories,9,68.54,7,44.32,New,Cash
INV106359,11/2/2024 23:20,S016,A0025,Accessories,7,36.35,28.76,19.5,Returning,Digital
INV106132,11/2/2024 23:48,S004,C0084,Clothing,4,69.88,28.8,51.2,Returning,Cash
INV101701,11/3/2024 0:05,S003,SH0012,Shoes,9,72.08,6.72,59.19,New,Cash
INV109433,11/3/2024 0:23,S011,A0059,Accessories,4,41.02,5.17,20.29,New,Digital
INV101741,11/3/2024 1:44,S020,A0050,Accessories,3,26.47,22.18,10.64,New,Card
INV106496,11/3/2024 4:23,S006,SH0027,Shoes,9,150.14,5.01,95.73,Returning,Cash
INV103254,11/3/2024 4:25,S004,C0040,Clothing,6,23.26,17.22,16.26,New,Cash
INV106460,11/3/2024 5:21,S007,A0016,Accessories,6,45.63,7.33,23.36,Returning,Digital
INV108745,11/3/2024 7:02,S020,C0028,Clothing,6,60.41,29.5,45.49,New,Digital
INV105977,11/3/2024 10:34,S018,A0008,Accessories,7,45.47,5.26,19.76,Returning,Digital
INV106556,11/3/2024 11:48,S008,SH0038,Shoes,8,81.9,6.35,66.03,Returning,Cash
INV106385,11/3/2024 12:03,S012,SH0017,Shoes,10,157.36,21.95,93.43,New,Card
INV109733,11/3/2024 12:34,S001,A0043,Accessories,6,55.76,21.85,26.25,Returning,Cash
INV105632,11/3/2024 13:09,S012,SH0010,Shoes,9,183.08,21.9,120.28,Returning,Digital
INV107058,11/3/2024 13:13,S017,A0052,Accessories,8,67.58,17.1,45.24,Returning,Cash
INV100783,11/3/2024 16:24,S018,SH0014,Shoes,9,104.06,9.59,58.98,New,Digital
INV104725,11/3/2024 17:27,S005,SH0035,Shoes,9,43.41,24.57,27.59,New,Card
INV100362,11/3/2024 19:02,S020,A0060,Accessories,7,78.91,22.79,48.52,New,Cash
INV102721,11/3/2024 20:36,S014,SH0034,Shoes,3,95.62,25.11,79.67,Returning,Digital
INV107137,11/3/2024 20:41,S018,C0023,Clothing,7,29.49,8.23,17.12,New,Digital
INV108292,11/3/2024 21:08,S009,A0055,Accessories,4,76.61,7.46,50.05,Returning,Digital
INV104307,11/3/2024 21:24,S017,C0088,Clothing,7,116.16,25.77,86.27,Returning,Cash
INV102805,11/3/2024 22:16,S003,SH0006,Shoes,7,111.64,29.31,65.91,Returning,Digital
INV105946,11/3/2024 22:32,S009,A0028,Accessories,8,10.81,7.75,4.42,New,Digital
INV103374,11/3/2024 22:57,S008,A0052,Accessories,7,17.16,11.23,7.28,Returning,Cash
INV107798,11/3/2024 23:14,S004,C0077,Clothing,9,26.11,14.63,20.4,New,Digital
INV108994,11/4/2024 0:15,S019,A0019,Accessories,3,37.97,28.06,27.91,Returning,Card
INV102331,11/4/2024 0:31,S019,C0047,Clothing,10,114.72,6.35,68.52,Returning,Digital
INV108705,11/4/2024 0:33,S004,SH0013,Shoes,6,164.05,23.57,131.2,New,Cash
INV107028,11/4/2024 0:41,S009,A0058,Accessories,6,69.83,10.42,29.22,Returning,Card
INV100655,11/4/2024 0:53,S010,C0049,Clothing,8,85.49,28.4,65.44,Returning,Cash
INV107762,11/4/2024 2:40,S015,SH0009,Shoes,8,62,16.66,36.83,New,Cash
INV105159,11/4/2024 3:16,S019,C0023,Clothing,8,36.68,27.36,20.7,Returning,Cash
INV102414,11/4/2024 3:22,S014,A0053,Accessories,9,11.27,20.38,6.91,New,Digital
INV106448,11/4/2024 3:45,S011,C0066,Clothing,8,110.07,10.2,74.9,Returning,Cash
INV109949,11/4/2024 3:55,S018,SH0038,Shoes,3,170.27,10.8,128.28,New,Cash
INV107415,11/4/2024 4:14,S011,A0011,Accessories,6,47.77,10.7,22.42,Returning,Card
INV107963,11/4/2024 4:20,S010,SH0028,Shoes,6,40.74,11,23.57,Returning,Digital
INV101537,11/4/2024 4:25,S018,A0042,Accessories,6,69.17,27.32,47.61,New,Digital
INV105188,11/4/2024 5:09,S007,A0042,Accessories,4,12.48,10.92,5.73,Returning,Digital
INV101462,11/4/2024 5:09,S009,A0022,Accessories,3,45.86,25.28,19.54,Returning,Card
INV106902,11/4/2024 5:30,S009,A0032,Accessories,3,79.09,7.45,48.85,Returning,Cash
INV106629,11/4/2024 6:12,S001,SH0009,Shoes,4,91.2,26.67,61.64,Returning,Digital
INV104846,11/4/2024 7:56,S020,A0044,Accessories,6,50.64,5.37,33.44,Returning,Cash
INV109308,11/4/2024 8:06,S019,SH0005,Shoes,3,114.37,27.35,86.23,New,Digital
INV102728,11/4/2024 9:28,S008,C0006,Clothing,5,48.34,16.09,25.37,New,Cash
INV108794,11/4/2024 9:46,S017,SH0010,Shoes,6,75.63,6.72,58.7,New,Digital
INV108920,11/4/2024 9:54,S018,C0060,Clothing,9,89.29,7.45,68.43,New,Cash
INV100540,11/4/2024 10:07,S002,C0067,Clothing,7,33.59,18.93,24.48,New,Card
INV104255,11/4/2024 10:41,S015,A0021,Accessories,10,18.72,18.59,11.54,Returning,Digital
INV105819,11/4/2024 14:01,S007,A0059,Accessories,4,17.76,16.69,9.05,Returning,Card
INV106293,11/4/2024 14:38,S008,A0041,Accessories,7,75.78,13.43,56.07,Returning,Digital
INV108854,11/4/2024 16:04,S008,C0023,Clothing,3,57.39,18.56,39.85,New,Cash
INV101329,11/4/2024 17:43,S001,A0002,Accessories,10,33.69,28.99,20.23,Returning,Digital
INV103395,11/4/2024 17:48,S019,A0038,Accessories,3,70.49,28.77,34.58,New,Cash
INV108568,11/4/2024 18:05,S010,A0058,Accessories,4,70.53,12.23,50.03,Returning,Card
INV103348,11/4/2024 18:06,S014,SH0030,Shoes,10,59.62,12.67,35.06,Returning,Card
INV108491,11/4/2024 18:26,S015,A0029,Accessories,7,60.29,11.47,36.05,Returning,Card
INV104408,11/4/2024 19:14,S015,A0048,Accessories,3,29.59,6.64,15.18,New,Cash
INV108545,11/4/2024 19:51,S020,C0025,Clothing,6,60.32,12.48,42.9,New,Card
INV109270,11/4/2024 20:05,S001,C0055,Clothing,6,81.31,19.02,52.36,Returning,Digital
INV105324,11/4/2024 20:56,S015,C0096,Clothing,4,63.08,22.5,43.7,Returning,Cash
INV107885,11/4/2024 22:51,S019,SH0020,Shoes,9,97.6,9,75.55,New,Cash
INV109541,11/5/2024 1:39,S010,SH0010,Shoes,7,82.02,22.38,62.64,New,Card
INV109703,11/5/2024 3:11,S014,C0054,Clothing,7,26.55,21.9,14.33,New,Cash
INV106506,11/5/2024 3:42,S006,A0030,Accessories,3,22.47,26.64,10.85,Returning,Cash
INV106002,11/5/2024 4:21,S006,C0042,Clothing,8,68.09,24.59,44.63,Returning,Card
INV108887,11/5/2024 5:00,S015,A0025,Accessories,8,47.73,11.29,23.83,New,Digital
INV105511,11/5/2024 6:21,S015,C0063,Clothing,6,87.51,12.07,61.45,New,Digital
INV107125,11/5/2024 7:19,S010,SH0019,Shoes,4,110.81,8.66,85.94,Returning,Card
INV100963,11/5/2024 7:23,S008,A0033,Accessories,9,67.63,27.86,41.5,New,Card
INV102621,11/5/2024 8:11,S011,A0010,Accessories,3,33.91,5.02,22.38,Returning,Digital
INV106241,11/5/2024 10:36,S001,C0033,Clothing,10,55.95,8.48,35.61,New,Card
INV107723,11/5/2024 12:12,S015,SH0004,Shoes,5,84.46,29.99,69.69,Returning,Card
INV105859,11/5/2024 14:17,S012,SH0019,Shoes,5,112.86,16.68,82.22,Returning,Card
INV108648,11/5/2024 15:58,S014,A0059,Accessories,4,49.96,15.23,37.28,New,Digital
INV101113,11/5/2024 17:36,S008,SH0008,Shoes,5,152.46,26.22,87.32,New,Card
INV108170,11/5/2024 18:26,S005,A0014,Accessories,8,16.59,7.81,7.31,New,Digital
INV105585,11/5/2024 19:23,S015,C0051,Clothing,10,51.24,24.87,26.75,Returning,Card
INV106296,11/5/2024 20:03,S013,C0053,Clothing,3,88.26,21.12,49.47,New,Cash
INV106633,11/5/2024 20:50,S009,SH0035,Shoes,5,154.74,17.3,87.95,Returning,Digital
INV103509,11/5/2024 21:45,S019,C0036,Clothing,4,43.47,23.47,30.85,Returning,Digital
INV100315,11/5/2024 22:47,S013,A0007,Accessories,4,27.8,28.26,13.03,New,Card
INV101610,11/5/2024 23:43,S006,SH0010,Shoes,9,152.24,18.35,100.94,Returning,Digital
INV106339,11/5/2024 23:51,S004,A0006,Accessories,8,61.51,12.13,28.76,Returning,Digital
INV102137,11/5/2024 23:55,S018,A0007,Accessories,9,39.3,10.45,19.92,New,Cash
INV101496,11/6/2024 0:56,S015,C0059,Clothing,4,57,11.4,37.4,New,Digital
INV108788,11/6/2024 2:30,S015,A0041,Accessories,5,48.16,8.49,34.98,Returning,Card
INV102144,11/6/2024 3:52,S013,C0091,Clothing,4,38.79,22.41,28.83,New,Digital
INV106664,11/6/2024 4:36,S017,A0009,Accessories,4,79.53,28.82,34.71,Returning,Card
INV106268,11/6/2024 5:03,S012,SH0024,Shoes,3,126.03,21.41,69.71,New,Card
INV103277,11/6/2024 5:51,S005,C0088,Clothing,9,76.7,23.58,40.13,Returning,Card
INV109694,11/6/2024 6:30,S006,C0079,Clothing,5,47.44,7.59,37.01,New,Card
INV101337,11/6/2024 7:57,S020,A0029,Accessories,5,37.33,5.66,17.49,Returning,Card
INV103133,11/6/2024 8:10,S008,SH0008,Shoes,7,150.66,10.53,101.48,New,Digital
INV106472,11/6/2024 8:49,S018,C0034,Clothing,3,66.77,11.64,36.74,Returning,Card
INV100880,11/6/2024 9:02,S013,A0039,Accessories,7,55.86,8.24,27.12,Returning,Digital
INV108737,11/6/2024 9:40,S007,SH0013,Shoes,3,128.99,20.5,84.86,New,Cash
INV107420,11/6/2024 10:43,S011,SH0022,Shoes,6,111.51,12.47,79.23,Returning,Cash
INV107531,11/6/2024 12:51,S004,C0043,Clothing,6,63.16,21.97,41.93,Returning,Card
INV104352,11/6/2024 17:13,S016,SH0002,Shoes,4,91.27,23.61,62.78,Returning,Digital
INV102477,11/6/2024 18:15,S006,A0007,Accessories,7,43.72,22.05,25.87,New,Card
INV106369,11/6/2024 18:21,S012,SH0032,Shoes,6,43.98,13.67,28.13,New,Card
INV103658,11/6/2024 19:01,S004,SH0017,Shoes,3,115.35,23.16,91.47,Returning,Cash
INV109224,11/6/2024 21:12,S018,SH0030,Shoes,5,64.81,6.84,51.08,New,Cash
INV102550,11/6/2024 21:34,S018,A0046,Accessories,10,35.14,19.34,19.04,New,Digital
INV100267,11/6/2024 23:04,S014,C0044,Clothing,10,79.4,22.61,54.32,New,Digital
INV108701,11/6/2024 23:15,S008,C0017,Clothing,8,59.76,20.97,44.01,Returning,Cash
INV100558,11/7/2024 0:40,S018,SH0012,Shoes,10,132.29,11.7,81.21,Returning,Digital
INV109548,11/7/2024 1:14,S003,C0036,Clothing,8,102.99,26.86,72.28,New,Cash
INV101591,11/7/2024 1:27,S018,C0043,Clothing,3,86.32,21.16,59.31,Returning,Cash
INV105001,11/7/2024 1:32,S009,A0006,Accessories,10,29.42,13.95,21.54,Returning,Digital
INV101895,11/7/2024 1:56,S014,A0052,Accessories,6,75.56,17.82,34.29,New,Cash
INV100568,11/7/2024 5:58,S009,SH0021,Shoes,9,180.71,24.73,140.96,New,Card
INV103072,11/7/2024 6:40,S015,C0027,Clothing,7,88.45,16.74,53.37,New,Card
INV109152,11/7/2024 9:08,S019,C0005,Clothing,4,82.76,28.88,52.55,Returning,Card
INV101570,11/7/2024 10:03,S018,C0069,Clothing,3,99.39,9.08,74.58,Returning,Card
INV101744,11/7/2024 12:47,S005,C0059,Clothing,5,92.86,9.39,51.45,Returning,Cash
INV103375,11/7/2024 13:23,S003,SH0007,Shoes,8,86.58,12.95,57.9,New,Card
INV105723,11/7/2024 14:25,S001,C0056,Clothing,9,91.01,8.63,57.95,New,Digital
INV108019,11/7/2024 15:55,S008,SH0021,Shoes,3,172.45,7.76,117.99,Returning,Cash
INV105796,11/7/2024 16:03,S006,A0045,Accessories,8,33.68,15.46,17.09,Returning,Card
INV106172,11/7/2024 16:26,S016,SH0034,Shoes,3,60.06,14.44,35.69,Returning,Digital
INV106994,11/7/2024 17:25,S008,C0086,Clothing,6,73.01,8.04,57.63,New,Digital
INV108130,11/7/2024 20:09,S009,A0056,Accessories,7,46.89,27,28.58,New,Cash
INV105104,11/7/2024 20:15,S001,SH0017,Shoes,7,179.29,20.42,142.65,Returning,Digital
INV102807,11/7/2024 20:19,S002,A0017,Accessories,7,24.91,8.24,11.75,Returning,Card
INV107364,11/7/2024 21:26,S015,SH0018,Shoes,6,41.13,18.9,29.54,Returning,Card
INV107616,11/7/2024 21:48,S008,SH0019,Shoes,8,119.23,23.61,76.56,Returning,Digital
INV100203,11/7/2024 21:49,S003,C0094,Clothing,10,66.16,24.94,47.14,Returning,Digital
INV103821,11/7/2024 23:20,S007,SH0025,Shoes,9,154.08,26.47,114.9,New,Card
INV101767,11/7/2024 23:49,S015,C0075,Clothing,3,83.98,17.94,49.54,Returning,Digital
INV106053,11/8/2024 0:49,S010,SH0021,Shoes,9,170.58,22.71,94.63,New,Cash
INV108207,11/8/2024 2:28,S018,C0076,Clothing,10,31.48,21.2,20.41,Returning,Digital
INV103843,11/8/2024 2:35,S001,SH0022,Shoes,3,53.48,16.27,30.89,Returning,Card
INV101833,11/8/2024 2:42,S016,A0043,Accessories,4,53.31,5.32,37.19,Returning,Card
INV103340,11/8/2024 3:21,S014,A0056,Accessories,10,68.67,11.42,47.9,Returning,Card
INV109486,11/8/2024 5:03,S006,A0005,Accessories,4,44.09,5.28,25.47,Returning,Digital
INV106847,11/8/2024 6:43,S003,C0020,Clothing,10,53.92,28.84,32.19,Returning,Digital
INV101185,11/8/2024 7:29,S010,C0023,Clothing,3,111.76,10.97,65.25,Returning,Digital
INV104542,11/8/2024 8:43,S014,A0047,Accessories,6,28.09,16.63,15.46,Returning,Digital
INV103381,11/8/2024 10:34,S002,C0036,Clothing,3,102.87,29.85,54.01,Returning,Card
INV108067,11/8/2024 10:36,S007,A0052,Accessories,7,20.82,23.93,13.85,Returning,Card
INV106666,11/8/2024 10:54,S017,A0051,Accessories,4,61.03,28.39,42.45,Returning,Digital
INV108992,11/8/2024 12:01,S008,SH0034,Shoes,4,94.95,22.14,68.42,New,Cash
INV101945,11/8/2024 13:30,S018,A0011,Accessories,3,54.19,17.15,39.6,New,Digital
INV102827,11/8/2024 14:17,S011,SH0010,Shoes,10,96.66,12.4,64.22,New,Card
INV107911,11/8/2024 14:28,S001,C0065,Clothing,7,73.94,26.94,40.97,Returning,Cash
INV102418,11/8/2024 14:28,S015,SH0036,Shoes,6,126.13,7.06,84.58,Returning,Digital
INV101571,11/8/2024 14:48,S008,SH0011,Shoes,5,71.84,20.59,42.39,New,Cash
INV108717,11/8/2024 15:04,S014,C0081,Clothing,8,62.54,9.96,40.93,New,Card
INV105655,11/8/2024 15:54,S017,SH0011,Shoes,6,156.88,27.54,129.15,Returning,Cash
INV102352,11/8/2024 16:14,S006,SH0004,Shoes,7,44.4,10.59,32.15,Returning,Digital
INV104970,11/8/2024 19:24,S017,C0062,Clothing,7,24.59,16.85,18.69,New,Digital
INV100307,11/8/2024 19:24,S016,A0040,Accessories,5,12.02,17.08,7.69,New,Card
INV100727,11/8/2024 19:44,S007,C0072,Clothing,3,64.72,8.22,38.46,New,Cash
INV109800,11/8/2024 21:27,S014,A0042,Accessories,8,73.99,24.89,42.89,Returning,Cash
INV101369,11/8/2024 21:57,S011,A0049,Accessories,4,46.89,10.36,26.92,New,Digital
INV101269,11/8/2024 22:52,S006,A0046,Accessories,8,46.42,27.16,27.59,New,Card
INV107128,11/8/2024 23:15,S006,SH0035,Shoes,10,99.89,18.4,84.39,Returning,Digital
INV105890,11/8/2024 23:15,S018,SH0023,Shoes,10,94.93,10.14,63.39,New,Card
INV105772,11/9/2024 0:20,S015,C0047,Clothing,5,33.52,8.37,22.77,Returning,Digital
INV108213,11/9/2024 3:31,S001,A0057,Accessories,10,79.87,16.5,38.96,Returning,Cash
INV103450,11/9/2024 5:09,S014,A0059,Accessories,7,65.23,24.07,31.69,Returning,Cash
INV104084,11/9/2024 9:50,S006,SH0025,Shoes,5,90.58,22.65,50.8,New,Digital
INV105648,11/9/2024 10:23,S005,SH0019,Shoes,6,51.49,8.72,37.03,New,Cash
INV108784,11/9/2024 11:24,S003,SH0024,Shoes,9,63.51,10.33,40.92,Returning,Card
INV106067,11/9/2024 14:10,S014,A0056,Accessories,3,22.97,18.92,11.11,New,Cash
INV104462,11/9/2024 14:18,S012,C0057,Clothing,7,62.43,6.95,35.24,Returning,Digital
INV102532,11/9/2024 14:23,S009,A0027,Accessories,9,39.48,23.45,26.84,New,Card
INV107172,11/9/2024 14:34,S016,A0005,Accessories,9,13.97,26.74,6.51,Returning,Digital
INV101102,11/9/2024 14:57,S003,A0043,Accessories,4,49.67,27.16,35.26,New,Cash
INV101003,11/9/2024 15:00,S004,SH0031,Shoes,9,119.33,21.82,72.03,Returning,Card
INV109026,11/9/2024 15:04,S017,SH0039,Shoes,4,68.21,20.81,40.31,Returning,Card
INV101201,11/9/2024 15:25,S002,SH0030,Shoes,5,99.45,15.4,60.8,New,Cash
INV104139,11/9/2024 17:44,S008,A0012,Accessories,6,47.45,12.18,33.4,Returning,Cash
INV108312,11/9/2024 21:49,S004,A0013,Accessories,10,52,16.76,38.05,Returning,Card
INV100949,11/9/2024 23:05,S007,A0038,Accessories,5,53.86,24.72,21.92,Returning,Card
INV103454,11/9/2024 23:14,S009,SH0016,Shoes,10,140.35,16.45,119.14,Returning,Digital
INV109306,11/9/2024 23:43,S010,A0027,Accessories,3,54.17,16.19,30.96,New,Card
INV105847,11/10/2024 0:10,S013,A0023,Accessories,5,20.72,13.14,8.43,New,Cash
INV107250,11/10/2024 1:08,S006,A0010,Accessories,8,73.08,17,51,New,Card
INV101826,11/10/2024 1:41,S010,SH0030,Shoes,4,188.79,28.91,112.15,New,Cash
INV102320,11/10/2024 2:16,S017,A0027,Accessories,3,50.01,20.85,33.8,Returning,Cash
INV109816,11/10/2024 4:15,S002,A0039,Accessories,7,25.42,17.89,18.17,Returning,Card
INV105276,11/10/2024 4:17,S005,SH0032,Shoes,4,187.68,7.57,157.28,Returning,Digital
INV109966,11/10/2024 5:09,S011,A0056,Accessories,7,36.03,10.02,25.43,Returning,Digital
INV103417,11/10/2024 6:27,S020,SH0013,Shoes,8,53.45,22.32,34.31,Returning,Card
INV107127,11/10/2024 7:41,S002,A0010,Accessories,8,29.27,8.97,14.43,New,Digital
INV107694,11/10/2024 9:00,S005,SH0026,Shoes,4,78.99,15.86,55.68,Returning,Digital
INV106113,11/10/2024 14:25,S015,SH0018,Shoes,8,125.89,27.17,96.62,Returning,Cash
INV105768,11/10/2024 15:08,S004,A0021,Accessories,10,56.68,12.81,30.4,Returning,Digital
INV106862,11/10/2024 16:13,S002,SH0017,Shoes,10,55.98,9.01,38.38,Returning,Cash
INV102687,11/10/2024 16:18,S007,A0014,Accessories,10,74.07,20,38.93,New,Card
INV103360,11/10/2024 18:04,S016,C0050,Clothing,8,39.3,5.54,27.67,New,Card
INV108033,11/10/2024 19:30,S003,A0028,Accessories,9,50.88,12.11,33.71,Returning,Digital
INV101685,11/10/2024 19:54,S017,C0011,Clothing,9,63.72,19.28,32.69,New,Card
INV106035,11/10/2024 20:52,S019,SH0033,Shoes,6,62.66,22.8,44.7,Returning,Card
INV104274,11/10/2024 22:40,S011,C0048,Clothing,9,87.27,18.2,67.96,New,Card
INV109207,11/10/2024 22:40,S011,C0067,Clothing,8,92.11,15.13,51.63,Returning,Cash
INV102588,11/10/2024 22:42,S016,A0041,Accessories,7,76.47,13.75,33.46,New,Digital
INV109439,11/10/2024 22:43,S019,SH0034,Shoes,9,119.4,26.58,88.89,Returning,Card
INV108943,11/10/2024 23:04,S008,SH0007,Shoes,5,112.46,20.79,78.59,New,Digital
INV109587,11/10/2024 23:24,S005,C0078,Clothing,9,37.14,7.71,21.49,Returning,Cash
INV100904,11/10/2024 23:49,S015,SH0006,Shoes,8,64.36,21.85,35.55,Returning,Card
INV100932,11/10/2024 23:59,S006,SH0018,Shoes,8,123.6,19.1,90.79,New,Card
INV105516,11/11/2024 0:21,S006,SH0019,Shoes,9,73.53,5.25,61.5,Returning,Digital
INV105096,11/11/2024 1:53,S007,SH0037,Shoes,10,107.62,24.62,81.38,Returning,Card
INV103756,11/11/2024 5:11,S019,C0033,Clothing,3,101.1,18.06,62.31,New,Digital
INV108985,11/11/2024 6:24,S020,C0076,Clothing,9,30.04,27.6,16.61,New,Card
INV103216,11/11/2024 7:12,S019,C0092,Clothing,8,56.84,28.32,44.53,New,Digital
INV100860,11/11/2024 7:53,S001,SH0017,Shoes,4,171.47,15.81,129.36,New,Cash
INV102080,11/11/2024 8:17,S015,SH0012,Shoes,10,123.66,13.74,84.6,New,Digital
INV104775,11/11/2024 9:09,S018,A0028,Accessories,6,67.03,24.02,45.98,Returning,Cash
INV105897,11/11/2024 10:43,S011,C0060,Clothing,5,89.2,23.86,53.52,New,Digital
INV102551,11/11/2024 12:17,S005,A0046,Accessories,8,43.06,17.94,29.7,New,Digital
INV100921,11/11/2024 13:13,S017,SH0016,Shoes,3,190.4,23.88,106.78,New,Digital
INV101984,11/11/2024 14:40,S001,C0059,Clothing,8,35.61,15.13,22.12,Returning,Card
INV106986,11/11/2024 14:46,S013,C0035,Clothing,7,68.29,6.61,45.7,Returning,Cash
INV106524,11/11/2024 18:22,S011,C0028,Clothing,6,110.32,28.45,81.31,New,Cash
INV108255,11/11/2024 20:33,S014,C0015,Clothing,9,87.04,12.41,65.87,New,Cash
INV105056,11/11/2024 20:37,S007,A0060,Accessories,4,42.3,8.8,18.22,New,Digital
INV104966,11/11/2024 20:47,S002,SH0022,Shoes,7,59.19,11.2,37.35,Returning,Cash
INV109905,11/11/2024 21:21,S006,A0034,Accessories,8,43.28,5.62,30.95,Returning,Card
INV100121,11/12/2024 0:26,S001,A0033,Accessories,4,36.18,14.37,19.36,Returning,Cash
INV102707,11/12/2024 0:42,S003,C0070,Clothing,5,76.05,28.59,48.24,New,Digital
INV109141,11/12/2024 0:50,S016,A0025,Accessories,10,41.9,11.06,26.16,Returning,Cash
INV109750,11/12/2024 1:47,S007,C0033,Clothing,9,29.18,14.31,19.48,Returning,Digital
INV104064,11/12/2024 2:06,S001,SH0021,Shoes,3,84.79,7.33,51.3,Returning,Cash
INV103687,11/12/2024 4:18,S008,SH0035,Shoes,6,58.99,27,47.89,Returning,Cash
INV109730,11/12/2024 7:11,S007,C0046,Clothing,7,73.72,18.62,48.77,New,Cash
INV101372,11/12/2024 7:40,S009,A0060,Accessories,3,14.26,10.05,9.89,Returning,Cash
INV105057,11/12/2024 9:12,S013,SH0025,Shoes,4,100.73,29,67.13,New,Cash
INV105824,11/12/2024 10:33,S012,A0023,Accessories,3,16.62,10.95,8.66,Returning,Digital
INV104777,11/12/2024 10:35,S008,SH0012,Shoes,3,81.97,9.14,58.85,New,Cash
INV104541,11/12/2024 11:42,S012,SH0023,Shoes,5,134.6,7.27,103.54,Returning,Cash
INV105976,11/12/2024 16:55,S007,SH0031,Shoes,5,41.85,13.73,23.22,Returning,Cash
INV104917,11/12/2024 18:49,S016,SH0012,Shoes,5,90.55,24.74,50.5,New,Digital
INV106675,11/12/2024 19:27,S015,SH0035,Shoes,9,112.34,17.41,67.68,New,Cash
INV102972,11/12/2024 20:04,S008,SH0015,Shoes,5,177.06,27.94,122.89,New,Card
INV107134,11/12/2024 20:40,S012,C0089,Clothing,10,73.24,26.22,46.89,New,Card
INV101439,11/12/2024 22:00,S002,SH0004,Shoes,9,168.19,29.06,95.9,Returning,Card
INV102151,11/12/2024 23:15,S010,A0020,Accessories,4,73.13,21.22,31.66,Returning,Card
INV108096,11/13/2024 1:21,S019,SH0013,Shoes,4,110.56,27.55,77.79,Returning,Cash
INV101495,11/13/2024 2:10,S008,SH0038,Shoes,9,163.37,6.16,105.13,Returning,Digital
INV100628,11/13/2024 3:20,S008,A0058,Accessories,4,32.7,6.3,17.38,New,Card
INV107474,11/13/2024 4:22,S009,C0072,Clothing,7,67.03,11.46,35.38,New,Digital
INV101223,11/13/2024 5:52,S011,A0043,Accessories,8,77.66,16.24,52.37,Returning,Digital
INV101762,11/13/2024 6:04,S013,A0020,Accessories,4,51.16,27.66,25.44,New,Digital
INV103964,11/13/2024 6:07,S010,C0080,Clothing,6,81.97,27.35,51.5,New,Card
INV108756,11/13/2024 6:49,S016,A0040,Accessories,9,14.94,16.06,9.72,Returning,Cash
INV105565,11/13/2024 7:09,S008,C0039,Clothing,8,83.43,26.84,61.2,New,Card
INV101868,11/13/2024 7:47,S001,A0055,Accessories,7,43.18,11.11,28.32,New,Digital
INV104040,11/13/2024 9:30,S010,C0030,Clothing,5,117.47,6.09,88.88,New,Digital
INV104174,11/13/2024 9:48,S011,SH0024,Shoes,7,156.95,25.96,86.46,Returning,Digital
INV103671,11/13/2024 10:11,S008,A0029,Accessories,10,74.78,22.94,44,Returning,Cash
INV101379,11/13/2024 10:13,S004,C0085,Clothing,7,37.88,24.42,26.33,New,Card
INV107248,11/13/2024 11:03,S004,C0039,Clothing,9,104.17,15.89,68.94,New,Card
INV101893,11/13/2024 11:16,S017,C0020,Clothing,7,37.51,11.5,21.64,Returning,Card
INV106388,11/13/2024 12:02,S009,C0067,Clothing,6,106.8,18.89,63.9,Returning,Cash
INV101054,11/13/2024 12:12,S006,SH0032,Shoes,8,96.1,23.87,76.09,Returning,Cash
INV104835,11/13/2024 12:30,S004,SH0022,Shoes,6,138.14,11.7,107.24,New,Digital
INV104330,11/13/2024 13:11,S008,SH0022,Shoes,4,61.96,13.74,42.64,New,Card
INV104674,11/13/2024 13:32,S013,SH0008,Shoes,7,96.98,9.65,65.15,New,Card
INV103130,11/13/2024 14:57,S004,C0084,Clothing,3,24.48,14.77,13.74,Returning,Digital
INV107655,11/13/2024 14:58,S011,C0035,Clothing,7,81.44,17.72,47.25,Returning,Cash
INV105502,11/13/2024 15:06,S012,A0005,Accessories,9,40.35,21.6,23.85,Returning,Cash
INV101361,11/13/2024 16:45,S011,SH0030,Shoes,8,68.31,17,41.27,Returning,Digital
INV109502,11/13/2024 17:34,S009,SH0022,Shoes,7,75.65,26.39,55.31,New,Cash
INV108514,11/13/2024 19:44,S009,SH0010,Shoes,8,71.74,9.98,58.61,New,Digital
INV106734,11/14/2024 1:10,S011,SH0017,Shoes,6,41.48,29.11,31.38,Returning,Digital
INV102337,11/14/2024 2:20,S012,A0010,Accessories,9,13.83,17.52,8.47,Returning,Digital
INV100964,11/14/2024 2:21,S016,SH0012,Shoes,9,108.11,21.88,68.7,New,Card
INV102701,11/14/2024 3:27,S014,SH0014,Shoes,10,72.57,22.48,57.21,Returning,Digital
INV108934,11/14/2024 3:42,S014,A0051,Accessories,8,26.99,27.71,14.59,New,Cash
INV103553,11/14/2024 5:11,S002,C0074,Clothing,10,54.64,14.25,42.5,New,Card
INV100823,11/14/2024 5:22,S011,C0028,Clothing,8,85.7,8.06,52.41,New,Digital
INV108708,11/14/2024 6:02,S020,C0037,Clothing,9,83.04,11.57,50.21,Returning,Card
INV105764,11/14/2024 6:35,S015,C0065,Clothing,7,68.87,14.58,42.64,Returning,Card
INV102444,11/14/2024 6:36,S006,SH0004,Shoes,3,82.06,5.73,65.41,New,Card
INV101195,11/14/2024 7:50,S002,A0055,Accessories,3,22.03,17.52,10.91,Returning,Cash
INV107239,11/14/2024 8:15,S009,SH0038,Shoes,10,134.92,13.93,75.53,Returning,Digital
INV106462,11/14/2024 9:21,S003,A0041,Accessories,10,71.29,9.8,40.2,New,Digital
INV106907,11/14/2024 10:11,S016,A0035,Accessories,6,72.14,29.26,48.68,New,Card
INV108875,11/14/2024 10:57,S010,SH0033,Shoes,4,108.81,9.53,78.65,Returning,Digital
INV101517,11/14/2024 11:42,S002,A0035,Accessories,6,26.51,28.73,12.88,New,Cash
INV106000,11/14/2024 12:55,S020,A0033,Accessories,4,36.21,14.57,19,New,Cash
INV103025,11/14/2024 15:13,S020,SH0023,Shoes,7,118.45,9.16,78.43,Returning,Cash
INV105179,11/14/2024 15:59,S020,SH0013,Shoes,10,102.18,19.54,78.11,New,Digital
INV109462,11/14/2024 16:09,S008,SH0036,Shoes,8,102.64,22.33,85.34,New,Digital
INV104412,11/14/2024 17:36,S012,C0091,Clothing,9,21.74,12.61,14.01,New,Cash
INV108897,11/14/2024 18:23,S019,C0052,Clothing,5,74.23,9.14,50.81,Returning,Digital
INV107133,11/14/2024 18:32,S008,A0050,Accessories,5,35.7,22.24,17.85,New,Card
INV109872,11/14/2024 19:58,S006,A0049,Accessories,8,60.84,28.62,34.91,Returning,Digital
INV100913,11/14/2024 23:31,S003,C0026,Clothing,6,83.48,5.08,43.96,Returning,Digital
INV102744,11/15/2024 0:42,S001,A0056,Accessories,9,35.81,9.5,21.55,Returning,Digital
INV104258,11/15/2024 2:02,S018,A0029,Accessories,5,15.8,10.01,8.84,New,Card
INV102905,11/15/2024 3:11,S019,A0027,Accessories,6,39.96,19.5,20.73,New,Digital
INV104953,11/15/2024 3:24,S002,A0052,Accessories,5,71.7,14.15,34.59,New,Cash
INV103402,11/15/2024 4:51,S018,SH0010,Shoes,8,68.45,6.15,55.58,New,Card
INV109171,11/15/2024 6:33,S014,C0019,Clothing,7,90.48,5.67,56.1,Returning,Digital
INV103797,11/15/2024 8:36,S012,SH0006,Shoes,9,195.85,15.97,152.77,New,Digital
INV105519,11/15/2024 9:06,S001,SH0025,Shoes,5,119.23,12.17,76.96,Returning,Digital
INV107472,11/15/2024 9:16,S015,C0038,Clothing,3,79.74,29.46,59.38,Returning,Digital
INV102148,11/15/2024 10:41,S020,C0054,Clothing,6,60.05,10.39,31.18,Returning,Cash
INV106451,11/15/2024 11:18,S011,A0028,Accessories,6,51.81,13.62,29.17,New,Digital
INV106039,11/15/2024 11:30,S013,C0086,Clothing,5,39.96,24.34,21,New,Card
INV104337,11/15/2024 12:08,S016,SH0027,Shoes,9,52.72,28.84,40.07,New,Card
INV101284,11/15/2024 16:41,S020,A0018,Accessories,5,26.96,22.42,17.13,Returning,Digital
INV102944,11/15/2024 18:22,S013,A0011,Accessories,6,47.04,9.19,33.72,Returning,Digital
INV101155,11/15/2024 22:00,S013,SH0007,Shoes,7,119.23,11.05,98.34,Returning,Cash
INV101052,11/15/2024 22:40,S012,C0027,Clothing,8,75.85,23.52,57.57,New,Card
INV102623,11/15/2024 23:07,S005,A0024,Accessories,6,74.3,12.2,30.15,New,Cash
INV108657,11/16/2024 1:37,S011,C0046,Clothing,6,84.6,12.62,53.42,New,Card
INV103776,11/16/2024 1:43,S011,C0044,Clothing,4,97.84,7.62,64.77,New,Cash
INV108625,11/16/2024 2:07,S016,A0029,Accessories,8,19.91,28.24,10.72,New,Card
INV103181,11/16/2024 2:40,S019,SH0012,Shoes,9,178.79,7.13,99.94,New,Card
INV109971,11/16/2024 2:42,S015,C0063,Clothing,4,104.54,29.81,54.09,New,Card
INV108472,11/16/2024 4:14,S005,A0033,Accessories,5,58.71,14.56,38.41,New,Digital
INV107778,11/16/2024 5:32,S015,C0011,Clothing,6,28.24,20.28,22.17,Returning,Card
INV103651,11/16/2024 5:39,S014,SH0005,Shoes,7,157.6,28.2,115.92,New,Digital
INV104601,11/16/2024 6:24,S018,C0042,Clothing,3,44.14,27.85,33.02,New,Cash
INV103822,11/16/2024 8:05,S003,C0056,Clothing,8,93.46,15.92,50.93,Returning,Digital
INV100755,11/16/2024 11:21,S012,C0013,Clothing,5,86.89,13.28,61.25,Returning,Cash
INV105450,11/16/2024 11:38,S004,A0003,Accessories,3,78.58,9.56,53.59,Returning,Digital
INV106237,11/16/2024 12:24,S001,A0018,Accessories,8,48.37,20.37,26.65,New,Card
INV101892,11/16/2024 13:17,S005,C0007,Clothing,9,58.64,25.21,37.17,Returning,Digital
INV108833,11/16/2024 15:18,S011,SH0029,Shoes,4,56.43,21.57,47.02,Returning,Card
INV101588,11/16/2024 15:20,S013,C0021,Clothing,3,111.2,15.46,74.52,Returning,Digital
INV109804,11/16/2024 18:09,S011,A0049,Accessories,9,70.38,14.34,39.02,New,Digital
INV109363,11/16/2024 18:14,S015,SH0012,Shoes,9,113.69,5.26,68.43,Returning,Cash
INV103290,11/16/2024 18:24,S011,A0017,Accessories,4,10.86,21.64,4.59,Returning,Cash
INV101775,11/16/2024 18:48,S008,C0083,Clothing,5,21.27,24.82,16.07,Returning,Cash
INV100071,11/16/2024 22:15,S013,A0015,Accessories,8,69.92,23.62,38.02,Returning,Digital
INV100232,11/16/2024 23:25,S004,SH0004,Shoes,6,165.41,17.37,130.37,New,Card
INV103387,11/16/2024 23:35,S010,A0057,Accessories,7,13.26,7.29,6.56,Returning,Digital
INV108068,11/17/2024 2:46,S019,C0008,Clothing,9,74.21,6.17,51.32,New,Card
INV102633,11/17/2024 3:23,S010,SH0009,Shoes,3,103.38,17.02,59.81,New,Card
INV104681,11/17/2024 3:35,S019,C0013,Clothing,10,34.86,5.09,20.49,Returning,Cash
INV108639,11/17/2024 4:04,S006,C0018,Clothing,4,41.91,18.3,31.25,Returning,Digital
INV109863,11/17/2024 4:51,S017,SH0003,Shoes,8,92.06,23.15,53.12,New,Cash
INV107442,11/17/2024 6:10,S012,A0056,Accessories,7,75.1,28.42,41.18,New,Cash
INV104824,11/17/2024 7:16,S003,A0034,Accessories,5,14.69,27.43,7.05,Returning,Card
INV106119,11/17/2024 8:20,S006,SH0024,Shoes,5,127.25,21.63,102.2,Returning,Card
INV106791,11/17/2024 8:23,S007,C0019,Clothing,3,64.3,14.26,45.74,New,Card
INV108173,11/17/2024 8:30,S004,SH0032,Shoes,6,170.37,20.01,136.4,Returning,Card
INV109612,11/17/2024 10:50,S015,SH0024,Shoes,5,95.89,14.26,73.56,New,Card
INV102901,11/17/2024 11:03,S008,A0024,Accessories,6,11.01,23.44,8.08,New,Digital
INV109743,11/17/2024 11:07,S002,A0006,Accessories,5,38.91,5.06,27.41,Returning,Digital
INV100715,11/17/2024 12:27,S001,A0052,Accessories,6,57.55,7.66,39.06,Returning,Card
INV100864,11/17/2024 16:13,S019,SH0034,Shoes,5,102.5,13.8,58.31,Returning,Card
INV108428,11/17/2024 22:56,S013,SH0022,Shoes,8,105.2,6.93,61.15,New,Card
INV103427,11/18/2024 2:43,S015,SH0009,Shoes,10,65.09,29.84,41.37,New,Cash
INV103696,11/18/2024 4:34,S007,SH0031,Shoes,5,140.74,6.28,110.59,New,Card
INV108809,11/18/2024 4:57,S013,C0057,Clothing,5,44.35,23.16,30.34,Returning,Cash
INV106256,11/18/2024 6:00,S011,SH0013,Shoes,7,44.51,11.29,29.4,Returning,Digital
INV105373,11/18/2024 6:27,S004,A0018,Accessories,7,30.75,13.29,14.32,Returning,Card
INV101952,11/18/2024 9:13,S013,SH0007,Shoes,8,70.79,9.54,52.56,New,Cash
INV105680,11/18/2024 10:45,S009,SH0031,Shoes,3,65.67,25.33,39.45,New,Card
INV100210,11/18/2024 13:29,S020,A0041,Accessories,9,22.91,14.89,14.3,New,Card
INV103079,11/18/2024 14:11,S003,SH0019,Shoes,6,103.21,14.82,85.65,Returning,Cash
INV100778,11/18/2024 15:08,S005,C0008,Clothing,5,111.14,12.37,67.6,Returning,Cash
INV105350,11/18/2024 15:36,S008,A0049,Accessories,3,26.04,13.22,15.59,New,Cash
INV102252,11/18/2024 19:52,S002,C0003,Clothing,3,27.78,21.48,16.79,New,Card
INV109892,11/18/2024 20:38,S009,C0042,Clothing,4,51.9,23.45,36.3,New,Digital
INV102292,11/18/2024 20:58,S005,A0013,Accessories,6,21.48,6.3,10.04,New,Digital
INV101153,11/18/2024 21:10,S012,C0088,Clothing,4,90.98,13.14,54.63,Returning,Digital
INV105405,11/18/2024 21:42,S011,C0090,Clothing,3,112.59,26.19,84.8,New,Cash
INV100316,11/18/2024 22:21,S015,A0003,Accessories,4,74.86,24.3,51.89,Returning,Digital
INV105773,11/18/2024 22:42,S008,A0051,Accessories,9,41.84,11.98,18.48,New,Digital
INV103383,11/18/2024 22:55,S017,A0032,Accessories,8,52.49,11.42,28.66,Returning,Card
INV103758,11/18/2024 23:56,S003,C0027,Clothing,8,91.57,24.69,58.06,New,Card
INV100870,11/19/2024 2:37,S014,SH0007,Shoes,3,72.57,13.99,57.55,New,Card
INV100937,11/19/2024 3:08,S020,SH0038,Shoes,7,143.17,29.17,95.19,Returning,Cash
INV109490,11/19/2024 3:12,S009,SH0033,Shoes,10,165.59,10.63,110.92,New,Card
INV103288,11/19/2024 8:00,S003,C0084,Clothing,10,118.05,15.08,62.24,Returning,Cash
INV102734,11/19/2024 9:12,S009,C0091,Clothing,7,72.8,9.42,37.1,Returning,Digital
INV107836,11/19/2024 10:12,S011,C0023,Clothing,5,45.58,19.59,36.03,Returning,Digital
INV107410,11/19/2024 11:22,S014,A0038,Accessories,10,42.95,8.77,19.38,New,Digital
INV108321,11/19/2024 12:21,S011,SH0039,Shoes,8,182.94,29.31,128.33,New,Card
INV109986,11/19/2024 12:21,S001,A0002,Accessories,9,10.92,16.71,8,New,Digital
INV107635,11/19/2024 12:35,S019,A0046,Accessories,6,37.87,18.58,21.8,New,Card
INV105047,11/19/2024 13:23,S008,A0026,Accessories,4,50.69,18.42,26,Returning,Card
INV102283,11/19/2024 13:47,S009,SH0029,Shoes,10,93.33,27.4,72.47,Returning,Cash
INV108898,11/19/2024 15:02,S012,A0030,Accessories,4,34.98,10.32,20.13,New,Digital
INV105857,11/19/2024 17:44,S013,A0036,Accessories,9,14.86,10.1,7.73,New,Cash
INV105375,11/19/2024 18:53,S007,A0018,Accessories,6,31.7,19.56,19.85,New,Card
INV105336,11/19/2024 20:24,S011,A0054,Accessories,8,12.46,18.19,7.73,New,Cash
INV100983,11/19/2024 20:26,S017,A0013,Accessories,5,54.55,20.24,33.64,New,Digital
INV104212,11/19/2024 20:59,S018,C0029,Clothing,3,114.84,20.3,84.6,New,Cash
INV102187,11/19/2024 21:23,S003,A0005,Accessories,9,15.51,25.84,9.95,New,Digital
INV103271,11/19/2024 21:54,S012,C0071,Clothing,7,88.39,17.23,66.62,Returning,Cash
INV106065,11/20/2024 1:02,S020,A0029,Accessories,5,38.2,23.49,28.23,Returning,Card
INV105589,11/20/2024 1:34,S002,SH0030,Shoes,10,187.6,26.73,157.64,New,Card
INV107219,11/20/2024 3:18,S007,A0031,Accessories,6,26.72,27.14,12.56,Returning,Card
INV109253,11/20/2024 3:20,S005,A0008,Accessories,10,63.87,12.65,38.28,New,Cash
INV108969,11/20/2024 4:00,S020,SH0002,Shoes,7,50.91,13.22,28.7,Returning,Card
INV100274,11/20/2024 4:02,S009,C0088,Clothing,5,63.54,25.85,50.78,Returning,Digital
INV100985,11/20/2024 5:29,S010,SH0016,Shoes,6,68.03,13.07,56.54,New,Cash
INV100164,11/20/2024 5:39,S004,SH0026,Shoes,4,172.32,15.02,121.41,New,Cash
INV103093,11/20/2024 13:10,S005,C0042,Clothing,6,95.92,29.67,61.69,Returning,Digital
INV101062,11/20/2024 14:31,S002,A0005,Accessories,10,76.72,18.97,35.29,Returning,Card
INV104996,11/20/2024 14:40,S010,C0036,Clothing,9,50.61,26.97,29.95,Returning,Card
INV108074,11/20/2024 15:16,S002,SH0011,Shoes,7,98.29,22.63,63.72,New,Digital
INV102619,11/20/2024 16:08,S002,A0057,Accessories,9,48.39,17.08,34.9,New,Card
INV100890,11/20/2024 17:20,S005,A0012,Accessories,7,28.06,26.73,18.95,New,Digital
INV103850,11/20/2024 18:08,S019,C0049,Clothing,7,102.07,8.52,75.05,Returning,Cash
INV103938,11/20/2024 18:12,S013,C0073,Clothing,8,113.23,7.42,71.65,Returning,Digital
INV109154,11/20/2024 18:33,S015,C0048,Clothing,6,25.86,14.67,19.35,Returning,Card
INV108210,11/20/2024 20:02,S006,SH0024,Shoes,8,167.98,26.92,118.4,Returning,Cash
INV103533,11/20/2024 21:53,S018,A0005,Accessories,5,25.79,8.9,18.15,New,Cash
INV103483,11/20/2024 23:08,S014,SH0031,Shoes,3,116.75,13.44,74.75,Returning,Digital
INV107989,11/21/2024 2:27,S008,A0034,Accessories,8,73.34,20.27,45.39,Returning,Cash
INV108222,11/21/2024 2:54,S018,SH0003,Shoes,10,167,7.66,133.25,New,Cash
INV108197,11/21/2024 3:52,S004,A0054,Accessories,5,18.41,22.62,12.25,New,Cash
INV105064,11/21/2024 3:58,S013,C0097,Clothing,5,80.18,22.25,49.82,New,Cash
INV102922,11/21/2024 4:19,S010,SH0013,Shoes,8,136.98,5.82,82.17,Returning,Cash
INV107745,11/21/2024 5:06,S020,C0071,Clothing,7,98.3,10.72,69.05,Returning,Digital
INV107023,11/21/2024 5:32,S015,A0019,Accessories,8,49.08,20.43,29.59,New,Cash
INV106149,11/21/2024 6:23,S001,A0057,Accessories,8,65.04,12.19,32.51,Returning,Card
INV107218,11/21/2024 6:59,S002,A0010,Accessories,5,22.1,11.32,15.57,New,Card
INV100388,11/21/2024 7:33,S003,SH0018,Shoes,7,85.55,15.32,66.12,New,Cash
INV102645,11/21/2024 8:13,S017,SH0018,Shoes,4,132.52,7.81,112.63,Returning,Card
INV101758,11/21/2024 10:22,S002,C0015,Clothing,8,81.82,12.09,58.81,New,Card
INV106748,11/21/2024 10:27,S003,A0035,Accessories,4,61.59,21.17,32.89,Returning,Cash
INV102098,11/21/2024 13:02,S010,SH0006,Shoes,4,133.54,16.92,86.43,Returning,Card
INV102358,11/21/2024 13:05,S005,C0061,Clothing,7,59.09,12.57,35.27,New,Cash
INV102249,11/21/2024 13:10,S010,C0095,Clothing,7,93.61,16.1,68.91,New,Card
INV101075,11/21/2024 13:25,S020,A0006,Accessories,8,44.33,19.03,25.35,Returning,Card
INV105744,11/21/2024 13:40,S019,C0094,Clothing,3,53.23,7.43,26.65,Returning,Cash
INV106942,11/21/2024 15:26,S017,C0073,Clothing,5,111.73,28.37,72.62,New,Digital
INV105261,11/21/2024 16:34,S018,SH0017,Shoes,7,67.51,10.84,38.08,New,Card
INV107080,11/21/2024 16:37,S009,C0056,Clothing,5,62.8,22.89,34.31,New,Card
INV102217,11/21/2024 17:24,S003,A0031,Accessories,10,68.15,27.56,33.87,New,Cash
INV100648,11/21/2024 18:08,S005,SH0017,Shoes,10,96.86,9.65,67.26,New,Cash
INV100478,11/21/2024 18:25,S006,SH0016,Shoes,6,157.49,18,114.43,Returning,Digital
INV103045,11/21/2024 18:26,S008,A0003,Accessories,10,32.24,10.03,17.31,New,Card
INV107702,11/21/2024 20:24,S007,C0022,Clothing,9,60.92,10.72,32.74,Returning,Cash
INV107333,11/22/2024 0:30,S004,SH0033,Shoes,6,159.38,6.88,108.98,Returning,Cash
INV103057,11/22/2024 0:33,S015,SH0013,Shoes,6,105.19,20.84,62.94,New,Cash
INV104305,11/22/2024 0:40,S010,C0059,Clothing,8,95.3,6.32,55.64,Returning,Cash
INV108260,11/22/2024 0:52,S001,C0004,Clothing,8,42.02,14.11,26.09,New,Card
INV101440,11/22/2024 1:24,S008,C0042,Clothing,5,91.92,11.67,59.83,Returning,Cash
INV108105,11/22/2024 1:40,S020,C0019,Clothing,9,93.18,19.52,63.63,New,Cash
INV105031,11/22/2024 1:51,S004,C0082,Clothing,4,47.05,25.85,35.52,New,Digital
INV101108,11/22/2024 2:51,S004,A0056,Accessories,5,45.62,25.16,20.06,New,Cash
INV102415,11/22/2024 3:21,S005,C0091,Clothing,6,53.14,22.41,29.12,New,Card
INV109229,11/22/2024 3:25,S010,SH0031,Shoes,8,156.61,7.96,120.48,Returning,Cash
INV101531,11/22/2024 3:27,S007,SH0020,Shoes,4,76.27,24.23,55.07,Returning,Digital
INV107839,11/22/2024 4:07,S014,C0055,Clothing,7,36.38,9.25,21.5,Returning,Cash
INV107994,11/22/2024 4:29,S010,A0040,Accessories,8,36.17,10.8,23.28,New,Cash
INV106544,11/22/2024 4:47,S014,A0030,Accessories,4,73.98,15.12,33.52,New,Card
INV107339,11/22/2024 5:06,S013,SH0035,Shoes,6,140.32,27.71,115.56,New,Card
INV108798,11/22/2024 5:09,S001,SH0014,Shoes,10,125.23,6.54,76.46,New,Card
INV109208,11/22/2024 6:24,S019,A0050,Accessories,4,62.2,9.59,32.84,Returning,Card
INV105284,11/22/2024 9:53,S002,SH0007,Shoes,7,136.11,19.05,87.08,New,Cash
INV106565,11/22/2024 10:26,S019,C0024,Clothing,9,67.53,6.74,34.72,New,Cash
INV108617,11/22/2024 10:32,S019,A0030,Accessories,6,11.98,6.2,5.46,Returning,Card
INV104010,11/22/2024 10:38,S009,A0041,Accessories,10,69.47,27.5,42.83,New,Cash
INV108554,11/22/2024 11:35,S002,SH0027,Shoes,8,141.35,16.72,98.05,New,Digital
INV108820,11/22/2024 11:51,S019,SH0027,Shoes,7,118.03,22.09,79.35,New,Digital
INV100678,11/22/2024 12:02,S003,A0008,Accessories,10,59.64,17.12,26.7,New,Digital
INV108131,11/22/2024 12:09,S020,SH0037,Shoes,3,197.07,25.58,155.36,New,Digital
INV103250,11/22/2024 13:00,S009,A0019,Accessories,9,56.19,11.54,24.86,New,Cash
INV106365,11/22/2024 13:44,S013,C0091,Clothing,10,22.78,8.53,11.94,New,Card
INV102075,11/22/2024 14:41,S020,C0051,Clothing,5,118.95,18.76,71.07,New,Card
INV108365,11/22/2024 15:28,S016,A0015,Accessories,5,26.4,18.79,10.59,New,Digital
INV104629,11/22/2024 15:37,S014,SH0031,Shoes,4,199.09,15.65,165.23,New,Digital
INV100671,11/22/2024 16:04,S004,C0048,Clothing,9,71.85,14.78,39.63,New,Digital
INV107122,11/22/2024 16:30,S007,A0009,Accessories,5,62.09,20.12,34.96,New,Card
INV107439,11/22/2024 16:40,S013,SH0011,Shoes,3,180.62,5.54,134.92,New,Cash
INV103098,11/22/2024 16:54,S005,SH0007,Shoes,8,93.53,7.95,52.22,New,Card
INV109033,11/22/2024 19:29,S018,SH0032,Shoes,3,166.03,24.08,105.36,Returning,Card
INV109869,11/22/2024 20:02,S014,A0054,Accessories,7,57.91,18.91,27.61,Returning,Digital
INV103518,11/22/2024 20:31,S013,A0018,Accessories,5,66.45,20.66,34.31,New,Cash
INV106890,11/22/2024 23:33,S013,A0022,Accessories,9,13.19,20.89,9.26,Returning,Digital
INV101977,11/23/2024 2:49,S010,SH0014,Shoes,8,195.16,17.27,135.23,Returning,Cash
INV107484,11/23/2024 3:06,S012,C0019,Clothing,6,101.47,13.32,54.82,Returning,Cash
INV107511,11/23/2024 3:19,S012,C0004,Clothing,9,55.55,5.47,34.38,New,Card
INV107562,11/23/2024 3:50,S019,SH0009,Shoes,6,189.47,25.56,121.3,Returning,Digital
INV104757,11/23/2024 7:13,S012,C0079,Clothing,9,107.17,23.53,76,Returning,Card
INV100053,11/23/2024 7:19,S018,SH0024,Shoes,9,115.72,29.92,82.08,Returning,Card
INV106198,11/23/2024 7:20,S013,C0047,Clothing,7,43.7,8.88,22.03,Returning,Digital
INV102178,11/23/2024 7:23,S008,SH0027,Shoes,3,54.2,16.21,41.42,New,Card
INV103440,11/23/2024 7:35,S018,SH0035,Shoes,5,124.1,25.09,105.08,Returning,Cash
INV104081,11/23/2024 8:46,S016,C0001,Clothing,9,98.29,20.4,76.15,New,Cash
INV107901,11/23/2024 9:49,S009,A0033,Accessories,4,19.13,12.02,12.16,New,Digital
INV104158,11/23/2024 10:19,S004,A0026,Accessories,6,62.54,29.68,46.75,Returning,Digital
INV103784,11/23/2024 10:52,S014,C0052,Clothing,10,62.64,11.07,43.44,Returning,Card
INV108768,11/23/2024 14:05,S002,A0022,Accessories,9,70.05,10.7,48.01,Returning,Card
INV106833,11/23/2024 16:03,S015,C0098,Clothing,8,116.4,23.68,76.11,Returning,Card
INV106980,11/23/2024 16:04,S002,C0073,Clothing,10,46.67,26.45,28.48,New,Card
INV102524,11/23/2024 21:31,S015,SH0005,Shoes,3,54.85,12.89,46.17,New,Cash
INV100721,11/23/2024 23:41,S014,A0047,Accessories,5,69.93,14.41,30.47,New,Cash
INV105321,11/24/2024 0:02,S006,SH0014,Shoes,9,189.09,12.31,113.31,New,Card
INV106660,11/24/2024 0:43,S020,C0096,Clothing,5,88.83,24.86,58.1,Returning,Card
INV104396,11/24/2024 3:27,S007,C0045,Clothing,8,25.32,5.39,17.89,New,Digital
INV108350,11/24/2024 3:43,S019,C0085,Clothing,7,41.23,21.43,30.26,Returning,Card
INV108739,11/24/2024 4:50,S011,SH0003,Shoes,10,151.16,7.38,104.51,New,Cash
INV109810,11/24/2024 5:06,S019,SH0031,Shoes,10,126.31,15.07,88.04,New,Cash
INV107131,11/24/2024 8:33,S018,C0029,Clothing,4,109.35,17.3,60.06,Returning,Digital
INV107749,11/24/2024 8:47,S005,C0013,Clothing,9,45.47,7.49,30.36,Returning,Cash
INV105361,11/24/2024 8:59,S011,A0020,Accessories,8,24.5,22.19,10.33,New,Cash
INV100070,11/24/2024 9:53,S018,SH0032,Shoes,10,178.44,13.63,122.05,Returning,Card
INV100063,11/24/2024 10:38,S009,C0012,Clothing,3,42.89,29.99,30.12,New,Cash
INV103591,11/24/2024 11:26,S016,C0065,Clothing,10,47.24,16.32,26.76,Returning,Digital
INV101674,11/24/2024 13:34,S004,C0002,Clothing,8,53.9,5.75,34.64,Returning,Cash
INV102753,11/24/2024 15:16,S020,A0019,Accessories,8,44.94,26.58,27.53,Returning,Digital
INV109165,11/24/2024 15:16,S020,A0022,Accessories,9,32.98,7.45,21.08,New,Digital
INV104099,11/24/2024 16:06,S006,A0054,Accessories,6,20.76,20.24,8.81,New,Cash
INV102789,11/24/2024 21:34,S008,SH0014,Shoes,9,134.96,23.81,93.88,Returning,Digital
INV103920,11/24/2024 21:37,S003,A0004,Accessories,7,19.26,21.76,13.69,Returning,Digital
INV104968,11/24/2024 22:03,S016,SH0025,Shoes,10,132.64,13.3,82.83,New,Cash
INV107759,11/24/2024 22:36,S013,C0091,Clothing,7,93.89,7.05,68.86,New,Digital
INV103515,11/25/2024 3:53,S018,A0060,Accessories,8,76.02,23.93,43.09,Returning,Cash
INV104823,11/25/2024 4:13,S013,C0002,Clothing,9,23.36,14.11,18.47,New,Digital
INV101309,11/25/2024 4:49,S001,A0037,Accessories,9,49.19,20.56,35.82,Returning,Cash
INV100901,11/25/2024 5:56,S005,C0022,Clothing,10,32.08,23.57,18.57,New,Card
INV109708,11/25/2024 6:19,S019,C0077,Clothing,7,29.62,6.95,16.79,Returning,Cash
INV107859,11/25/2024 6:36,S018,SH0027,Shoes,9,82.05,17.14,65.71,Returning,Digital
INV104975,11/25/2024 9:38,S007,A0025,Accessories,8,70.62,17.32,37.49,New,Card
INV105836,11/25/2024 9:40,S008,C0094,Clothing,10,44.24,17.81,31.12,Returning,Cash
INV109452,11/25/2024 9:50,S019,C0078,Clothing,10,66.05,20.54,36.15,Returning,Digital
INV100962,11/25/2024 10:57,S019,SH0028,Shoes,8,135.51,17.21,96.24,New,Cash
INV103398,11/25/2024 12:51,S018,C0069,Clothing,3,41.62,26.49,22.01,New,Cash
INV104321,11/25/2024 12:54,S013,C0062,Clothing,4,20.42,14.69,14.52,Returning,Card
INV102831,11/25/2024 13:07,S005,A0007,Accessories,7,77.43,11.75,39.45,Returning,Digital
INV104686,11/25/2024 13:55,S009,C0043,Clothing,7,37.68,11.36,25.52,Returning,Cash
INV100336,11/25/2024 14:24,S018,SH0002,Shoes,5,115.84,23.67,82.25,Returning,Digital
INV103135,11/25/2024 14:54,S004,SH0036,Shoes,8,101.58,8.33,66.75,Returning,Cash
INV106402,11/25/2024 15:01,S001,SH0024,Shoes,7,61.18,15.09,35.9,Returning,Digital
INV107636,11/25/2024 16:26,S019,A0025,Accessories,9,35.73,5.17,17.66,New,Cash
INV102818,11/25/2024 16:45,S005,SH0027,Shoes,5,112.97,21.11,85.81,New,Cash
INV101371,11/25/2024 17:31,S007,SH0030,Shoes,10,122.98,13.73,86.3,Returning,Digital
INV103195,11/25/2024 17:54,S003,A0005,Accessories,5,35.18,23.55,20.01,Returning,Cash
INV107599,11/25/2024 19:42,S003,SH0018,Shoes,8,188.93,7.84,137.89,Returning,Cash
INV105520,11/25/2024 20:53,S019,A0058,Accessories,9,11.19,11.47,5.78,Returning,Digital
INV107498,11/25/2024 21:02,S014,SH0012,Shoes,4,65.23,28.12,48.78,Returning,Digital
INV102862,11/25/2024 22:08,S011,A0051,Accessories,7,77.74,24.14,37.24,New,Digital
INV100667,11/25/2024 22:26,S005,A0029,Accessories,5,69.71,19.44,28.62,Returning,Digital
INV109980,11/25/2024 22:34,S014,C0009,Clothing,3,80.94,6.59,52.91,New,Digital
INV101131,11/25/2024 22:38,S011,A0011,Accessories,3,51.05,8.1,26.19,Returning,Card
INV105352,11/25/2024 23:18,S007,A0054,Accessories,9,44.19,13.95,30.9,Returning,Cash
INV107920,11/26/2024 1:44,S013,C0021,Clothing,10,113.05,10.2,65.18,Returning,Card
INV100449,11/26/2024 1:49,S016,C0057,Clothing,5,70.6,9.76,52.22,Returning,Card
INV103000,11/26/2024 2:14,S008,SH0035,Shoes,4,47.72,5.79,28.51,Returning,Card
INV101140,11/26/2024 3:47,S007,C0026,Clothing,7,95.98,25.82,69.17,Returning,Card
INV104868,11/26/2024 4:32,S016,SH0031,Shoes,7,120.19,16.61,97.85,New,Cash
INV109497,11/26/2024 4:49,S012,A0003,Accessories,9,55.37,13.2,38.18,Returning,Digital
INV103448,11/26/2024 5:06,S015,A0024,Accessories,4,67.47,6.15,48.26,New,Digital
INV101476,11/26/2024 7:24,S002,SH0020,Shoes,3,104.94,13.27,62.06,Returning,Card
INV100573,11/26/2024 8:44,S012,C0007,Clothing,7,60.1,8.73,37.78,New,Digital
INV108064,11/26/2024 9:13,S007,A0007,Accessories,8,66.73,21.32,29.46,Returning,Digital
INV104154,11/26/2024 10:03,S009,C0007,Clothing,7,107.82,7.34,83.53,New,Cash
INV104096,11/26/2024 10:46,S017,C0045,Clothing,5,58.76,29.65,38.45,Returning,Card
INV105918,11/26/2024 10:59,S007,A0033,Accessories,6,20.68,29.41,14.55,New,Cash
INV106311,11/26/2024 12:09,S007,C0082,Clothing,4,49.2,16.58,26.35,Returning,Digital
INV107591,11/26/2024 12:10,S020,SH0021,Shoes,10,134.52,13.19,78.08,Returning,Card
INV108487,11/26/2024 12:45,S012,C0086,Clothing,7,93.53,25.2,71.01,New,Digital
INV102985,11/26/2024 13:47,S013,C0068,Clothing,9,55.56,20.47,36.97,Returning,Digital
INV104279,11/26/2024 14:05,S001,C0005,Clothing,6,88.47,10.68,52.82,New,Cash
INV102887,11/26/2024 15:08,S003,A0056,Accessories,3,77.21,11.14,36.35,Returning,Cash
INV109808,11/26/2024 16:20,S008,C0019,Clothing,7,73.79,25.7,50.36,New,Card
INV109430,11/26/2024 17:04,S001,SH0002,Shoes,8,108.16,22.26,69.21,New,Digital
INV102636,11/26/2024 18:59,S002,C0080,Clothing,3,63.21,7.31,43.27,New,Digital
INV101863,11/26/2024 21:00,S004,A0015,Accessories,4,57.56,15.58,35.81,Returning,Card
INV102560,11/26/2024 22:02,S014,SH0016,Shoes,5,83.67,21.81,52.83,Returning,Digital
INV106414,11/26/2024 22:19,S009,SH0017,Shoes,9,81.16,23.82,62.93,Returning,Cash
INV102542,11/26/2024 22:50,S007,C0031,Clothing,7,47.51,19.05,31.28,Returning,Card
INV103815,11/26/2024 23:16,S017,A0039,Accessories,7,62.88,12.36,36.67,Returning,Cash
INV100046,11/27/2024 0:39,S009,C0017,Clothing,6,67.36,16.63,35.99,Returning,Cash
INV106781,11/27/2024 0:40,S020,A0057,Accessories,8,61.69,24.93,37.06,Returning,Card
INV107792,11/27/2024 1:18,S005,SH0028,Shoes,10,158.45,6.92,100.74,Returning,Digital
INV109563,11/27/2024 1:26,S011,C0048,Clothing,6,67.99,29.26,54.36,Returning,Digital
INV104892,11/27/2024 2:36,S002,SH0012,Shoes,4,88.73,23.86,59.99,New,Card
INV104239,11/27/2024 4:10,S019,SH0024,Shoes,8,81.63,26.53,49.94,Returning,Cash
INV105973,11/27/2024 8:05,S005,A0054,Accessories,5,47.74,7.22,22.65,Returning,Digital
INV105168,11/27/2024 9:08,S013,SH0006,Shoes,5,54.45,16.75,36.8,New,Digital
INV107623,11/27/2024 11:15,S016,A0056,Accessories,7,16.13,9.18,11.67,Returning,Digital
INV101745,11/27/2024 11:41,S002,A0028,Accessories,4,52.47,15.57,38.78,Returning,Cash
INV101216,11/27/2024 11:43,S011,SH0023,Shoes,5,146.57,27.32,84.46,New,Cash
INV109292,11/27/2024 11:52,S020,A0027,Accessories,8,66.29,17.06,37.19,Returning,Digital
INV106599,11/27/2024 12:16,S015,SH0036,Shoes,3,47.57,17.49,40.39,Returning,Cash
INV109347,11/27/2024 12:28,S009,A0010,Accessories,6,31.74,12.53,14.8,Returning,Cash
INV101452,11/27/2024 12:58,S019,C0048,Clothing,8,101.74,28.81,59.38,Returning,Card
INV109586,11/27/2024 13:28,S018,SH0036,Shoes,9,99.39,29.05,77.21,New,Cash
INV103933,11/27/2024 13:47,S019,C0079,Clothing,6,44.64,28.5,32.08,New,Cash
INV100810,11/27/2024 16:52,S013,SH0021,Shoes,9,93.61,11.05,78.42,New,Digital
INV108178,11/27/2024 17:40,S018,SH0008,Shoes,8,65.82,29.88,37.22,New,Digital
INV100822,11/27/2024 18:22,S010,SH0005,Shoes,7,111.9,19.67,91.4,Returning,Card
INV104545,11/27/2024 19:18,S002,A0001,Accessories,6,34.68,23.18,20.22,Returning,Cash
INV106983,11/27/2024 20:42,S002,SH0006,Shoes,10,89.2,20.66,72.39,New,Cash
INV105658,11/27/2024 20:49,S010,A0031,Accessories,7,53.28,29.05,28.68,New,Cash
INV108976,11/27/2024 21:50,S005,A0030,Accessories,4,28.87,8.46,16.68,Returning,Digital
INV105595,11/28/2024 0:28,S013,A0052,Accessories,6,66.54,18.46,43.56,Returning,Card
INV106346,11/28/2024 1:27,S012,A0057,Accessories,5,44.04,19,30.7,New,Cash
INV109256,11/28/2024 1:45,S008,A0001,Accessories,4,44.06,10.16,28.49,New,Card
INV103919,11/28/2024 3:59,S010,SH0011,Shoes,8,106.9,13.12,71.5,New,Card
INV103731,11/28/2024 4:31,S003,C0020,Clothing,3,40.55,8.24,25.93,New,Card
INV106837,11/28/2024 4:42,S019,C0073,Clothing,4,58.2,22.83,43.3,New,Digital
INV109643,11/28/2024 7:57,S002,A0041,Accessories,9,59.57,26.2,31.54,New,Cash
INV105552,11/28/2024 17:11,S008,C0044,Clothing,6,60.64,27.92,48.18,New,Cash
INV102722,11/28/2024 17:20,S019,SH0006,Shoes,5,140.15,25.82,118.66,Returning,Card
INV103184,11/28/2024 18:23,S011,C0047,Clothing,9,52.59,17.24,33.32,New,Card
INV104855,11/28/2024 18:45,S001,C0078,Clothing,6,36.57,8.46,19.24,Returning,Cash
INV101394,11/28/2024 19:25,S005,A0060,Accessories,9,27.8,15.92,15.38,New,Card
INV103434,11/28/2024 22:04,S009,C0016,Clothing,9,104.07,29.55,72.91,Returning,Digital
INV104932,11/29/2024 2:26,S003,SH0006,Shoes,8,169.04,21.95,137.18,Returning,Card
INV105998,11/29/2024 2:45,S005,A0058,Accessories,8,56.57,19.14,36.25,Returning,Card
INV104118,11/29/2024 3:27,S016,C0001,Clothing,9,84.41,21.52,57.81,Returning,Cash
INV100260,11/29/2024 4:21,S017,C0042,Clothing,5,25.96,24.36,14.13,Returning,Cash
INV108822,11/29/2024 5:22,S012,A0024,Accessories,3,55.57,20.01,22.79,Returning,Cash
INV104176,11/29/2024 17:09,S009,SH0033,Shoes,3,49.5,6.22,41.51,Returning,Digital
INV107072,11/29/2024 19:30,S012,SH0025,Shoes,6,90.29,28.47,61.86,New,Card
INV105832,11/29/2024 20:12,S010,SH0011,Shoes,4,149.81,28.07,91.86,New,Cash
INV104106,11/29/2024 23:32,S020,SH0005,Shoes,5,106.08,22.26,67.91,Returning,Card
INV102047,11/30/2024 0:09,S013,SH0022,Shoes,10,72.72,9.47,59.65,Returning,Digital
INV109964,11/30/2024 2:01,S012,SH0009,Shoes,7,157.83,20.71,89.82,New,Digital
INV108385,11/30/2024 5:01,S015,C0009,Clothing,3,42.37,11.14,24.15,New,Digital
INV102737,11/30/2024 7:00,S002,A0046,Accessories,6,64.06,16.64,41.32,New,Digital
INV105738,11/30/2024 9:26,S003,SH0003,Shoes,9,101.07,13.67,79.82,New,Cash
INV104678,11/30/2024 9:32,S003,SH0004,Shoes,6,91.94,29.85,70.23,Returning,Cash
INV109821,11/30/2024 12:53,S001,SH0036,Shoes,5,48.62,19.86,36.29,New,Card
INV105583,11/30/2024 13:28,S012,C0091,Clothing,7,113.79,22.11,88.48,New,Cash
INV102071,11/30/2024 19:28,S005,SH0019,Shoes,4,196.6,23.67,113.71,Returning,Digital
INV100325,11/30/2024 19:55,S018,A0054,Accessories,8,25.79,23.88,16.04,New,Digital
INV108318,11/30/2024 20:14,S015,A0050,Accessories,7,60.39,17.12,28.66,New,Cash
INV109115,12/1/2024 0:10,S015,A0031,Accessories,10,51.72,5.78,24.33,Returning,Digital
INV101689,12/1/2024 0:33,S001,SH0037,Shoes,4,199.88,15.15,117.21,New,Digital
INV107535,12/1/2024 0:48,S006,A0029,Accessories,5,22.93,29.63,17.01,Returning,Card
INV101077,12/1/2024 1:19,S017,C0046,Clothing,9,116.42,23.46,60.04,New,Digital
INV108135,12/1/2024 1:42,S012,A0016,Accessories,9,43.57,13.2,27.49,New,Card
INV108654,12/1/2024 2:02,S020,C0099,Clothing,10,75.88,24.88,58.96,New,Cash
INV100364,12/1/2024 5:05,S003,A0023,Accessories,6,56.88,17.94,30.82,New,Digital
INV104389,12/1/2024 5:15,S014,A0053,Accessories,3,21.37,17.22,14.94,Returning,Digital
INV107943,12/1/2024 6:25,S018,SH0018,Shoes,7,40.95,8.05,32.69,New,Digital
INV101802,12/1/2024 7:29,S010,A0048,Accessories,9,74.01,25.56,29.76,Returning,Cash
INV103125,12/1/2024 8:03,S007,C0045,Clothing,3,57.7,12.34,42.58,New,Card
INV103662,12/1/2024 9:20,S018,C0025,Clothing,7,46.46,20.3,26.19,New,Cash
INV104950,12/1/2024 11:57,S011,SH0006,Shoes,9,82.44,21.69,70.03,Returning,Cash
INV107850,12/1/2024 12:36,S003,SH0020,Shoes,4,141.25,5.49,84.71,New,Digital
INV108533,12/1/2024 12:58,S019,A0054,Accessories,6,70.93,27.88,44.88,Returning,Cash
INV107894,12/1/2024 14:26,S013,SH0029,Shoes,5,40.72,19.42,27.67,Returning,Card
INV109716,12/1/2024 16:15,S007,C0074,Clothing,5,52.45,14.35,36.66,New,Cash
INV108217,12/1/2024 17:17,S004,C0057,Clothing,6,42.04,19.04,21.35,Returning,Cash
INV109352,12/1/2024 19:27,S017,C0012,Clothing,10,116.89,26.41,70.39,New,Digital
INV101251,12/1/2024 20:13,S005,C0090,Clothing,6,21.38,16.18,11.38,New,Card
INV108101,12/1/2024 20:22,S017,SH0013,Shoes,8,111.4,15.04,88.93,Returning,Card
INV101564,12/1/2024 23:55,S019,A0055,Accessories,9,37.54,9.76,19.7,Returning,Digital
INV109078,12/2/2024 5:24,S002,SH0002,Shoes,4,136.85,24.7,93.45,New,Digital
INV106243,12/2/2024 5:31,S016,SH0016,Shoes,9,103.54,13.81,65.54,Returning,Cash
INV102723,12/2/2024 5:54,S007,SH0038,Shoes,7,150.69,8.22,85.03,New,Cash
INV108366,12/2/2024 7:56,S017,A0013,Accessories,7,72.83,23.49,45.25,Returning,Cash
INV107669,12/2/2024 7:57,S012,SH0024,Shoes,5,158.23,17.93,99.42,Returning,Cash
INV104332,12/2/2024 8:09,S004,SH0039,Shoes,8,179.88,10.42,144.31,New,Cash
INV100646,12/2/2024 9:54,S015,A0007,Accessories,3,53.21,16.34,28.94,Returning,Digital
INV106933,12/2/2024 11:03,S010,A0058,Accessories,3,27.36,26.1,11.62,Returning,Digital
INV104206,12/2/2024 11:25,S004,SH0020,Shoes,4,83.55,14.02,55.76,New,Digital
INV106118,12/2/2024 13:43,S015,A0043,Accessories,4,43.25,27.61,30.48,New,Digital
INV104977,12/2/2024 17:07,S018,SH0003,Shoes,6,74.7,28.22,52.05,New,Cash
INV108546,12/2/2024 17:12,S016,C0021,Clothing,9,84.65,27.91,62.08,New,Card
INV106478,12/2/2024 18:26,S020,C0059,Clothing,8,93.25,25.62,54.81,Returning,Digital
INV105959,12/2/2024 19:22,S006,C0028,Clothing,4,102.67,21.98,70.02,New,Cash
INV109397,12/2/2024 19:43,S005,C0048,Clothing,10,77.27,14.59,55.21,Returning,Card
INV100933,12/2/2024 19:45,S005,SH0039,Shoes,8,80.2,28.18,55.25,New,Digital
INV103245,12/2/2024 20:36,S003,SH0040,Shoes,6,165.38,21.3,96.9,Returning,Card
INV108416,12/2/2024 21:33,S010,SH0030,Shoes,5,100.99,29.94,84.67,Returning,Digital
INV106650,12/2/2024 22:28,S002,A0021,Accessories,6,72.92,16.29,46.62,New,Card
INV106399,12/2/2024 23:58,S010,C0019,Clothing,8,106.91,18.49,77.71,Returning,Cash
INV109480,12/3/2024 0:28,S011,A0048,Accessories,4,50.7,8.92,27.34,Returning,Digital
INV103376,12/3/2024 0:56,S003,SH0021,Shoes,10,121.79,26.08,80.48,New,Card
INV108620,12/3/2024 2:42,S004,A0033,Accessories,5,56.78,17.68,23.44,Returning,Cash
INV107855,12/3/2024 3:18,S019,C0060,Clothing,4,73.63,20.16,50.27,New,Cash
INV107844,12/3/2024 4:53,S019,C0070,Clothing,9,21.87,17.94,12.68,New,Cash
INV101885,12/3/2024 5:43,S007,A0048,Accessories,5,58.93,8.44,42.53,Returning,Card
INV102403,12/3/2024 6:01,S017,C0070,Clothing,6,24.3,5.8,15.05,New,Digital
INV106681,12/3/2024 6:55,S018,C0084,Clothing,7,25.01,8.74,18.48,Returning,Digital
INV101094,12/3/2024 7:13,S018,C0073,Clothing,8,39.46,27.51,30.07,Returning,Card
INV105068,12/3/2024 7:21,S010,SH0011,Shoes,5,138.86,11.7,100.9,New,Cash
INV106373,12/3/2024 9:12,S009,SH0017,Shoes,3,193.48,27.39,114.86,New,Cash
INV109873,12/3/2024 10:07,S011,SH0001,Shoes,9,67.63,23.37,41.4,Returning,Cash
INV105438,12/3/2024 10:40,S011,A0016,Accessories,4,56.78,9.65,32.95,Returning,Digital
INV108912,12/3/2024 12:23,S016,A0054,Accessories,5,51.77,25.59,21.71,Returning,Digital
INV108525,12/3/2024 13:28,S007,C0069,Clothing,10,36.1,8.73,18.81,Returning,Cash
INV104134,12/3/2024 14:47,S014,A0027,Accessories,3,62.11,29.13,27.07,Returning,Digital
INV101327,12/3/2024 15:57,S014,SH0035,Shoes,6,172.37,11.53,100.1,New,Digital
INV107606,12/3/2024 16:21,S019,A0033,Accessories,5,36.95,12.55,16.22,New,Digital
INV106096,12/3/2024 16:36,S002,A0031,Accessories,8,56.63,12.49,41.96,Returning,Digital
INV101016,12/3/2024 18:05,S015,C0069,Clothing,4,35.82,19.35,23.43,New,Cash
INV109946,12/3/2024 20:04,S003,C0006,Clothing,6,73.62,11.37,58.58,New,Card
INV100833,12/3/2024 22:04,S007,A0004,Accessories,10,24.87,25.46,15.78,Returning,Cash
INV101323,12/4/2024 2:38,S011,C0049,Clothing,6,31.26,25.63,22.67,New,Card
INV105894,12/4/2024 3:17,S001,SH0034,Shoes,9,136.28,18.87,79.74,Returning,Card
INV106624,12/4/2024 4:43,S014,C0052,Clothing,10,84.37,20.46,67.24,New,Card
INV106957,12/4/2024 6:16,S016,C0094,Clothing,10,68.7,12.25,51.19,Returning,Card
INV106106,12/4/2024 7:12,S018,SH0019,Shoes,3,78.56,7.99,65.32,New,Digital
INV102652,12/4/2024 10:19,S016,C0040,Clothing,9,48.31,29.3,35.02,New,Cash
INV103226,12/4/2024 10:24,S017,C0071,Clothing,5,64.99,17.09,33.04,Returning,Cash
INV108715,12/4/2024 11:09,S014,C0002,Clothing,9,78.84,13.66,42.11,Returning,Card
INV109392,12/4/2024 11:38,S014,SH0006,Shoes,8,84.37,18.24,54.66,Returning,Cash
INV102764,12/4/2024 13:34,S019,A0001,Accessories,8,66.46,5.41,39.08,Returning,Cash
INV105199,12/4/2024 13:44,S010,C0011,Clothing,3,86.77,28.48,46.24,New,Cash
INV100859,12/4/2024 16:06,S004,C0014,Clothing,10,67.37,14.77,50.52,Returning,Card
INV109728,12/4/2024 17:22,S008,SH0020,Shoes,10,46.82,26.83,27.87,Returning,Card
INV107212,12/4/2024 18:21,S002,C0047,Clothing,6,37.11,23.05,22.29,New,Cash
INV102308,12/4/2024 18:27,S019,SH0031,Shoes,5,147.09,13.76,82.12,New,Cash
INV105466,12/4/2024 18:29,S003,A0041,Accessories,10,55.2,17.27,36.01,New,Card
INV100575,12/4/2024 19:13,S001,A0047,Accessories,9,57.4,24.81,31.36,Returning,Card
INV100424,12/4/2024 20:08,S005,SH0013,Shoes,5,178.01,15.75,114.41,New,Card
INV103289,12/4/2024 20:56,S017,C0014,Clothing,6,87.21,26.43,55.43,New,Card
INV102519,12/4/2024 21:36,S013,SH0003,Shoes,6,122.1,9.8,69.72,New,Cash
INV103121,12/4/2024 23:17,S012,SH0032,Shoes,5,132.12,27.4,102.03,New,Digital
INV104559,12/5/2024 1:51,S016,SH0030,Shoes,4,169.96,29.88,117.31,Returning,Cash
INV101163,12/5/2024 2:12,S002,A0016,Accessories,5,10.4,24.31,6.98,Returning,Cash
INV108959,12/5/2024 3:57,S016,SH0013,Shoes,7,88.51,28.28,58.69,Returning,Digital
INV100702,12/5/2024 6:31,S006,SH0008,Shoes,5,112.11,10.02,89.05,New,Card
INV104253,12/5/2024 6:37,S008,A0007,Accessories,9,22.52,19.91,15.79,New,Cash
INV108859,12/5/2024 8:27,S003,C0049,Clothing,3,42.42,21.22,33.74,New,Digital
INV108560,12/5/2024 8:30,S014,SH0026,Shoes,7,198.17,8.11,109.27,Returning,Cash
INV104373,12/5/2024 8:58,S013,A0055,Accessories,3,52.71,20.05,26.19,Returning,Cash
INV100762,12/5/2024 8:59,S007,A0056,Accessories,6,65.34,29.74,40.83,New,Cash
INV109602,12/5/2024 9:25,S013,C0069,Clothing,5,71.84,13.2,44.98,Returning,Card
INV102218,12/5/2024 10:07,S018,SH0017,Shoes,8,177.09,23.25,125.08,New,Digital
INV106230,12/5/2024 11:10,S020,C0067,Clothing,4,75.06,7.13,47.76,Returning,Card
INV104283,12/5/2024 12:19,S006,SH0013,Shoes,7,92.59,13.12,71.67,New,Cash
INV101809,12/5/2024 13:40,S003,C0058,Clothing,3,107.98,17.94,60.59,Returning,Cash
INV107488,12/5/2024 15:41,S012,SH0018,Shoes,10,55.15,13.9,30.37,New,Card
INV109086,12/5/2024 16:21,S018,A0036,Accessories,10,22.03,6.86,11.9,New,Digital
INV105622,12/5/2024 17:07,S007,C0085,Clothing,10,72.18,10.96,49.4,New,Card
INV103316,12/5/2024 18:53,S015,C0032,Clothing,8,68,19.05,54.07,New,Card
INV109045,12/5/2024 19:06,S005,SH0028,Shoes,8,58.18,16.7,33.75,Returning,Card
INV107449,12/5/2024 21:26,S018,A0043,Accessories,3,18.42,27.38,13.1,Returning,Digital
INV103995,12/5/2024 22:01,S018,C0021,Clothing,9,54.9,15.92,35.14,New,Cash
INV104198,12/6/2024 1:15,S012,C0041,Clothing,3,63.4,17.04,37.92,Returning,Digital
INV106335,12/6/2024 1:56,S009,SH0021,Shoes,3,172.4,20.52,140.57,New,Card
INV105167,12/6/2024 2:02,S017,SH0034,Shoes,8,175.71,16.74,129.69,Returning,Card
INV105845,12/6/2024 3:13,S008,A0048,Accessories,6,24.27,26.96,10.79,New,Cash
INV102685,12/6/2024 5:01,S010,C0081,Clothing,8,80.93,5.11,45.69,New,Cash
INV103754,12/6/2024 5:11,S011,SH0015,Shoes,4,71.49,9.92,54.78,New,Digital
INV107666,12/6/2024 5:25,S007,A0023,Accessories,6,36.17,16.81,17.28,Returning,Card
INV101750,12/6/2024 5:26,S015,A0012,Accessories,6,27.77,26.32,13.83,New,Digital
INV103595,12/6/2024 5:37,S016,C0029,Clothing,3,103.4,12.6,67.46,Returning,Cash
INV100499,12/6/2024 5:50,S011,A0033,Accessories,10,18.12,19.82,12.92,Returning,Cash
INV108590,12/6/2024 8:30,S015,SH0018,Shoes,6,80.01,11.09,60.87,New,Cash
INV101784,12/6/2024 8:38,S016,C0080,Clothing,9,117.47,25.22,87.59,Returning,Card
INV101940,12/6/2024 8:49,S018,SH0017,Shoes,5,180,9.51,120.56,New,Digital
INV109831,12/6/2024 8:54,S006,A0023,Accessories,4,59.46,10.26,32.34,Returning,Card
INV102650,12/6/2024 9:05,S018,A0039,Accessories,3,15.11,29,7.87,Returning,Cash
INV104937,12/6/2024 10:42,S008,SH0024,Shoes,4,186.51,10.89,157.16,New,Digital
INV105994,12/6/2024 12:30,S016,C0041,Clothing,7,73.71,5.28,55.37,Returning,Cash
INV102123,12/6/2024 14:27,S017,C0031,Clothing,4,63.92,22.2,46.04,Returning,Cash
INV107579,12/6/2024 15:20,S004,A0045,Accessories,10,75.32,28.55,54.5,Returning,Digital
INV107897,12/6/2024 15:40,S013,C0068,Clothing,7,83.41,19.55,44.37,New,Cash
INV105761,12/6/2024 15:50,S014,SH0017,Shoes,4,166.93,7.75,136.56,Returning,Card
INV103410,12/6/2024 16:20,S005,C0057,Clothing,5,36.38,5.33,21.63,Returning,Cash
INV107279,12/6/2024 18:05,S003,A0039,Accessories,7,74.2,19.45,43.91,New,Card
INV101167,12/6/2024 18:26,S013,SH0003,Shoes,5,77.16,23.67,45.85,New,Card
INV103412,12/6/2024 19:47,S003,C0068,Clothing,3,83.51,13.97,43.95,Returning,Cash
INV102500,12/6/2024 19:54,S015,SH0011,Shoes,8,85.35,18.37,62.36,New,Cash
INV105674,12/6/2024 20:38,S017,A0021,Accessories,6,66.53,24.73,34.85,New,Card
INV101926,12/6/2024 22:02,S008,SH0006,Shoes,7,93.03,21.06,61.45,New,Cash
INV106154,12/6/2024 22:44,S004,SH0002,Shoes,3,56.86,25.64,35.16,New,Digital
INV109198,12/7/2024 0:46,S020,C0087,Clothing,7,50.46,17.3,29.42,New,Digital
INV102474,12/7/2024 1:52,S002,A0047,Accessories,3,58.61,26.94,36.79,New,Cash
INV107378,12/7/2024 2:51,S018,C0035,Clothing,9,30.79,8.8,16.3,Returning,Card
INV106124,12/7/2024 2:59,S010,SH0017,Shoes,9,86.8,19.99,55.76,New,Card
INV106605,12/7/2024 5:11,S002,C0075,Clothing,3,49.98,25.59,32.37,New,Card
INV101359,12/7/2024 5:45,S005,C0095,Clothing,5,33.37,10,25.06,New,Digital
INV106163,12/7/2024 6:20,S017,SH0023,Shoes,10,54.37,11.5,31.78,New,Card
INV109609,12/7/2024 6:57,S004,SH0013,Shoes,10,88.37,11.32,53.17,New,Digital
INV103179,12/7/2024 8:13,S016,C0042,Clothing,8,43.2,21.89,27.2,Returning,Card
INV107417,12/7/2024 8:21,S018,C0029,Clothing,7,81.49,14.76,49.79,Returning,Digital
INV101708,12/7/2024 11:00,S005,A0060,Accessories,10,17.62,29.84,10.19,New,Cash
INV101989,12/7/2024 11:38,S018,SH0020,Shoes,3,45.11,23.16,28.5,Returning,Card
INV104719,12/7/2024 12:05,S016,C0067,Clothing,3,99.53,22.69,65.7,New,Card
INV105812,12/7/2024 14:52,S020,A0002,Accessories,5,26.96,17.02,16.67,New,Card
INV103301,12/7/2024 15:01,S001,SH0008,Shoes,10,122.93,11.72,90.53,Returning,Cash
INV100171,12/7/2024 18:04,S003,A0023,Accessories,3,59.03,28.36,34.79,Returning,Cash
INV107883,12/7/2024 18:23,S008,SH0038,Shoes,6,156.77,13.02,116.88,Returning,Cash
INV107309,12/7/2024 21:06,S013,C0079,Clothing,5,39.95,20.46,29.26,New,Card
INV102899,12/7/2024 21:22,S008,SH0010,Shoes,9,86.07,8.21,66.23,New,Card
INV106332,12/7/2024 21:36,S010,C0080,Clothing,5,107.28,13.79,64.4,New,Digital
INV105607,12/7/2024 21:42,S004,SH0031,Shoes,9,148.86,9.44,104.96,Returning,Cash
INV105335,12/7/2024 23:42,S018,A0031,Accessories,4,33.63,27.34,22.93,New,Card
INV101089,12/8/2024 0:24,S002,SH0004,Shoes,4,170.19,26.43,132.85,New,Cash
INV102607,12/8/2024 1:24,S004,A0005,Accessories,4,40.05,9.2,22.89,Returning,Cash
INV103318,12/8/2024 2:59,S007,SH0020,Shoes,6,83.19,18.51,60.69,Returning,Digital
INV106025,12/8/2024 3:16,S007,C0078,Clothing,5,33.42,24.47,24.08,Returning,Digital
INV102943,12/8/2024 4:43,S002,A0012,Accessories,8,59.8,8.69,31.97,New,Cash
INV101867,12/8/2024 6:56,S001,SH0039,Shoes,10,119.18,14.9,87.97,Returning,Digital
INV105389,12/8/2024 7:19,S005,C0021,Clothing,6,83.28,9.51,42.74,Returning,Card
INV107851,12/8/2024 7:30,S006,C0091,Clothing,3,64.02,10.24,47.52,New,Card
INV103420,12/8/2024 7:52,S013,SH0034,Shoes,4,124.02,21.54,96.45,New,Cash
INV105903,12/8/2024 11:42,S011,A0045,Accessories,7,47.93,24.65,30.12,Returning,Card
INV104694,12/8/2024 11:53,S007,C0017,Clothing,9,29.7,11,20.76,Returning,Card
INV107094,12/8/2024 12:15,S017,SH0032,Shoes,9,111.16,5.12,67.16,New,Card
INV103660,12/8/2024 12:40,S020,SH0021,Shoes,7,141.32,24.21,109.54,New,Cash
INV107529,12/8/2024 13:06,S018,SH0034,Shoes,7,81.66,23.3,54.74,Returning,Card
INV108056,12/8/2024 15:38,S015,C0003,Clothing,9,35.03,25.75,27.68,New,Card
INV106864,12/8/2024 16:09,S007,SH0040,Shoes,7,64.73,15.79,43.54,Returning,Digital
INV104908,12/8/2024 16:34,S016,SH0004,Shoes,4,136.43,14.87,86.11,New,Digital
INV107376,12/8/2024 16:45,S002,A0058,Accessories,7,78.5,29,41.15,Returning,Digital
INV100756,12/8/2024 18:24,S007,C0017,Clothing,3,82.96,19.66,56.46,New,Digital
INV103617,12/8/2024 19:07,S001,A0025,Accessories,5,65.85,29.54,31.85,New,Card
INV108776,12/8/2024 21:11,S018,SH0015,Shoes,6,57.18,13.44,43.43,Returning,Cash
INV101401,12/8/2024 23:44,S015,SH0038,Shoes,4,135.22,29.89,98.02,New,Cash
INV103327,12/9/2024 0:26,S012,SH0038,Shoes,3,61.94,12.17,35.01,New,Cash
INV103478,12/9/2024 0:36,S015,SH0010,Shoes,4,162.71,26.09,111.3,New,Digital
INV104453,12/9/2024 0:56,S020,A0012,Accessories,4,70.97,17.81,47.22,New,Card
INV107030,12/9/2024 1:33,S019,A0056,Accessories,9,79.6,11.08,44.81,Returning,Card
INV103570,12/9/2024 6:18,S018,C0045,Clothing,4,105.95,25.12,68.28,New,Card
INV107983,12/9/2024 6:25,S009,C0052,Clothing,10,110.18,13.52,56.31,Returning,Card
INV103767,12/9/2024 6:50,S001,C0078,Clothing,9,26.5,18.34,18.62,Returning,Cash
INV104995,12/9/2024 6:57,S006,SH0034,Shoes,5,116.26,22.61,71.68,Returning,Digital
INV103163,12/9/2024 7:47,S016,SH0012,Shoes,10,103.08,16.72,81.2,Returning,Digital
INV105715,12/9/2024 8:28,S003,A0040,Accessories,5,12.03,11.22,6.33,New,Digital
INV107817,12/9/2024 9:19,S004,A0017,Accessories,7,13.65,12.44,7.4,New,Card
INV109295,12/9/2024 10:38,S013,SH0019,Shoes,8,110.95,5.56,79.42,New,Cash
INV108948,12/9/2024 11:01,S014,SH0026,Shoes,9,132.38,8.4,84.95,Returning,Cash
INV103557,12/9/2024 11:03,S019,SH0005,Shoes,7,143.8,11.2,122.18,New,Card
INV100224,12/9/2024 15:17,S002,A0022,Accessories,10,48.31,24.71,21.53,New,Cash
INV109049,12/9/2024 16:32,S008,A0047,Accessories,7,47.36,20.95,29.75,New,Digital
INV102138,12/9/2024 16:54,S006,SH0038,Shoes,3,143.72,14.8,117.29,New,Cash
INV106128,12/9/2024 18:40,S018,SH0038,Shoes,4,131.68,6.47,103.54,New,Card
INV102177,12/9/2024 20:38,S018,A0033,Accessories,6,64.66,10.82,34.41,New,Digital
INV100465,12/9/2024 21:11,S005,C0025,Clothing,8,75.54,26,56.88,Returning,Digital
INV107948,12/10/2024 0:09,S019,SH0014,Shoes,7,73.32,7.94,55.21,New,Digital
INV106737,12/10/2024 1:49,S002,C0011,Clothing,10,104.86,15.03,53.9,New,Cash
INV104920,12/10/2024 2:02,S007,C0054,Clothing,6,36.2,5.33,18.28,New,Cash
INV101302,12/10/2024 3:11,S006,C0033,Clothing,9,109.75,17.73,66.59,Returning,Digital
INV105039,12/10/2024 5:29,S010,SH0015,Shoes,10,156.35,6.42,92.7,New,Cash
INV100591,12/10/2024 7:33,S017,A0037,Accessories,3,13.34,17.84,5.69,Returning,Card
INV103631,12/10/2024 8:40,S005,A0045,Accessories,9,72.52,23.69,38.2,New,Cash
INV106112,12/10/2024 9:06,S007,A0044,Accessories,4,12.61,10.19,5.35,Returning,Cash
INV105933,12/10/2024 10:50,S015,SH0008,Shoes,8,73.05,25.58,52.73,Returning,Cash
INV106390,12/10/2024 11:53,S016,A0023,Accessories,4,56.38,9.14,27.47,New,Cash
INV105088,12/10/2024 13:25,S015,SH0028,Shoes,9,146.85,20.66,83.14,New,Digital
INV102034,12/10/2024 13:54,S018,SH0037,Shoes,5,100.96,28.46,84.21,Returning,Card
INV103571,12/10/2024 14:24,S008,C0004,Clothing,10,64.52,27.15,37.2,Returning,Card
INV105022,12/10/2024 14:44,S006,SH0002,Shoes,10,45.71,8.65,35.5,New,Cash
INV106443,12/10/2024 17:34,S017,A0010,Accessories,4,36.6,23.43,23.32,Returning,Cash
INV109876,12/10/2024 21:41,S003,SH0021,Shoes,9,193.74,22.99,127.02,New,Cash
INV108411,12/10/2024 22:51,S012,SH0039,Shoes,9,57.59,29.99,47.61,Returning,Cash
INV108378,12/11/2024 0:25,S016,SH0019,Shoes,6,106.59,6.61,73.11,New,Digital
INV100493,12/11/2024 1:37,S012,A0005,Accessories,9,18.45,9.2,8.29,New,Card
INV104703,12/11/2024 1:38,S012,A0032,Accessories,9,38.08,16.19,19.79,Returning,Cash
INV102265,12/11/2024 4:03,S014,SH0035,Shoes,10,56.04,25.94,40.79,Returning,Cash
INV104790,12/11/2024 9:09,S018,A0009,Accessories,4,68.18,28.87,38.12,New,Card
INV108827,12/11/2024 9:50,S002,SH0017,Shoes,4,188.98,9.93,127.08,New,Cash
INV101095,12/11/2024 12:09,S007,C0070,Clothing,9,85.22,6.27,50.29,Returning,Digital
INV104667,12/11/2024 12:09,S015,C0009,Clothing,8,111.99,10.1,67.35,New,Digital
INV107175,12/11/2024 12:32,S014,SH0015,Shoes,4,47.28,29.74,35.51,New,Card
INV105272,12/11/2024 13:53,S006,C0029,Clothing,4,112.09,20.96,85.15,Returning,Card
INV106510,12/11/2024 16:00,S006,SH0007,Shoes,6,188.76,23.55,105.27,Returning,Digital
INV108613,12/11/2024 16:10,S014,SH0015,Shoes,8,116.24,19,67.43,Returning,Digital
INV104042,12/11/2024 16:12,S008,A0024,Accessories,5,34.95,29.23,25.34,New,Cash
INV106508,12/11/2024 16:37,S005,C0004,Clothing,3,91.89,21.14,59.08,Returning,Digital
INV108140,12/11/2024 16:45,S019,SH0024,Shoes,10,43.28,15.65,24.5,New,Cash
INV106644,12/11/2024 17:40,S008,SH0039,Shoes,7,158.46,25.13,92.27,Returning,Digital
INV101231,12/11/2024 17:42,S011,A0050,Accessories,9,18.11,19.02,8.73,New,Digital
INV100826,12/11/2024 18:24,S010,SH0002,Shoes,3,85.61,27.79,63.62,New,Card
INV109465,12/11/2024 18:42,S009,SH0021,Shoes,4,149.44,19.03,109.64,Returning,Cash
INV105253,12/11/2024 18:49,S004,A0024,Accessories,4,76.72,15.16,55.72,Returning,Digital
INV104277,12/11/2024 19:04,S012,A0022,Accessories,10,55.46,6.37,26.76,New,Cash
INV106440,12/11/2024 19:11,S011,SH0016,Shoes,6,181.96,9.49,140.25,Returning,Digital
INV107037,12/11/2024 19:16,S020,SH0010,Shoes,3,192.06,24.1,159.38,New,Digital
INV103471,12/11/2024 20:19,S015,A0022,Accessories,9,72.77,23.74,51.52,Returning,Card
INV107811,12/11/2024 21:40,S005,C0026,Clothing,4,61.98,10.62,42.71,Returning,Cash
INV103127,12/11/2024 23:20,S020,A0056,Accessories,10,65.77,8.93,33.11,New,Digital
INV101474,12/11/2024 23:23,S005,A0034,Accessories,8,63.48,26.78,43.7,Returning,Digital
INV106143,12/11/2024 23:32,S006,C0042,Clothing,6,24.99,11.97,14.68,New,Digital
INV103443,12/12/2024 0:41,S010,C0007,Clothing,9,92.97,15.31,50.63,Returning,Digital
INV100438,12/12/2024 1:09,S002,C0086,Clothing,8,77.81,28.01,52.99,New,Card
INV100742,12/12/2024 1:27,S004,A0011,Accessories,6,36.13,25.79,15.88,Returning,Card
INV102220,12/12/2024 2:47,S005,A0014,Accessories,8,54.77,23.22,37.63,Returning,Card
INV104288,12/12/2024 4:24,S005,SH0026,Shoes,7,72.16,9.18,59.79,New,Cash
INV109431,12/12/2024 5:02,S006,C0061,Clothing,3,72.85,7.8,45.79,New,Digital
INV105688,12/12/2024 6:15,S013,A0016,Accessories,8,37.76,23.99,17.73,New,Digital
INV105797,12/12/2024 7:27,S001,A0021,Accessories,8,39.54,11.52,17.2,Returning,Digital
INV107937,12/12/2024 9:55,S014,C0076,Clothing,4,75.55,17.87,43.63,New,Digital
INV106005,12/12/2024 10:49,S005,A0007,Accessories,6,71.95,27.41,40.19,New,Card
INV100133,12/12/2024 11:24,S003,C0078,Clothing,8,35.34,14.3,22.44,New,Digital
INV101486,12/12/2024 13:02,S011,SH0019,Shoes,4,50.31,28.89,35.86,New,Digital
INV101869,12/12/2024 13:31,S005,C0025,Clothing,10,105.03,10.32,57.04,New,Digital
INV105508,12/12/2024 13:32,S013,A0011,Accessories,5,18.23,22.68,7.72,New,Cash
INV109638,12/12/2024 13:36,S015,SH0017,Shoes,5,86.91,17.88,60.08,Returning,Digital
INV107949,12/12/2024 14:36,S016,C0025,Clothing,4,52.18,24.02,39.37,Returning,Cash
INV107412,12/12/2024 16:13,S013,C0086,Clothing,3,27.38,11.14,15.45,New,Card
INV103948,12/12/2024 17:15,S004,SH0021,Shoes,6,42.36,9.21,32.65,New,Card
INV108900,12/12/2024 18:45,S016,A0042,Accessories,7,52.12,29.48,29.61,New,Digital
INV100135,12/12/2024 19:18,S015,A0013,Accessories,10,18.58,9.32,12.98,New,Digital
INV105529,12/12/2024 20:08,S002,A0008,Accessories,9,21.52,22.42,11.8,Returning,Digital
INV103136,12/12/2024 21:23,S013,C0047,Clothing,8,116.4,5.9,63.66,Returning,Card
INV109216,12/12/2024 22:10,S015,C0075,Clothing,8,69.15,27.85,39.82,New,Cash
INV107132,12/12/2024 23:03,S002,A0036,Accessories,9,61.68,28.53,27.65,Returning,Card
INV105034,12/12/2024 23:57,S019,C0086,Clothing,9,54.4,12.13,34.31,Returning,Digital
INV102535,12/13/2024 2:04,S013,SH0025,Shoes,3,58.92,26.49,37.83,New,Cash
INV104723,12/13/2024 2:55,S018,SH0037,Shoes,3,73.37,11.2,48.68,Returning,Cash
INV109608,12/13/2024 3:03,S019,C0035,Clothing,5,75.06,11.46,44.56,New,Cash
INV105222,12/13/2024 3:51,S015,A0059,Accessories,9,67.31,23.78,36.73,Returning,Card
INV105543,12/13/2024 4:24,S002,A0049,Accessories,8,67.69,23.33,44.32,New,Cash
INV104772,12/13/2024 8:32,S009,SH0019,Shoes,6,77.48,12.53,43.99,Returning,Card
INV108138,12/13/2024 8:45,S005,C0093,Clothing,5,30.65,17.84,23.9,Returning,Digital
INV104083,12/13/2024 8:49,S004,SH0022,Shoes,9,121.1,16.15,80.63,New,Card
INV108494,12/13/2024 10:24,S010,C0068,Clothing,10,50.64,15.71,33.36,Returning,Card
INV106016,12/13/2024 13:38,S006,SH0020,Shoes,8,158.12,25.25,128.82,New,Cash
INV108243,12/13/2024 13:41,S007,SH0004,Shoes,5,184.26,23.05,114.03,New,Digital
INV103828,12/13/2024 15:23,S010,C0059,Clothing,7,56.98,5.35,32.79,New,Digital
INV103853,12/13/2024 16:09,S001,SH0040,Shoes,3,120.84,7.62,87.76,Returning,Digital
INV100701,12/13/2024 22:19,S010,C0063,Clothing,9,20.16,18.12,10.5,Returning,Cash
INV109894,12/13/2024 22:19,S003,A0023,Accessories,3,34.18,25.97,21.86,New,Digital
INV103861,12/14/2024 1:07,S006,C0043,Clothing,3,40.15,13.97,27.67,Returning,Card
INV108630,12/14/2024 3:31,S003,A0007,Accessories,8,12.55,12.6,8.17,Returning,Digital
INV101058,12/14/2024 4:00,S018,C0003,Clothing,10,105.75,15.36,68.21,New,Card
INV108454,12/14/2024 5:31,S009,SH0036,Shoes,10,188.38,27.85,140.63,New,Cash
INV107406,12/14/2024 6:19,S006,A0022,Accessories,7,74.07,16.19,52.04,New,Digital
INV104324,12/14/2024 6:41,S009,C0004,Clothing,9,90.72,5.19,61.22,Returning,Cash
INV106699,12/14/2024 10:46,S013,SH0006,Shoes,9,168.51,8.53,131.94,Returning,Card
INV103791,12/14/2024 13:01,S020,SH0027,Shoes,6,76.56,25.41,60.58,Returning,Cash
INV101122,12/14/2024 13:31,S020,A0041,Accessories,9,21.1,20.29,13.1,New,Digital
INV104041,12/14/2024 15:03,S007,C0055,Clothing,10,43.62,28.45,24.88,New,Card
INV103932,12/14/2024 15:18,S014,C0064,Clothing,5,102.78,20.77,58.41,Returning,Digital
INV106070,12/14/2024 16:24,S018,C0034,Clothing,5,66.57,6.08,33.9,Returning,Card
INV102754,12/14/2024 17:15,S005,A0039,Accessories,4,50.51,9.44,28.51,New,Cash
INV103725,12/14/2024 20:20,S001,SH0005,Shoes,3,184.83,21,126.44,Returning,Cash
INV103495,12/14/2024 21:06,S004,SH0027,Shoes,4,142.19,24.91,98.22,New,Card
INV107783,12/14/2024 22:06,S011,SH0012,Shoes,7,80.05,7.05,57.25,New,Cash
INV106135,12/14/2024 23:43,S002,SH0015,Shoes,7,42.17,19.13,28.16,Returning,Cash
INV108341,12/15/2024 1:29,S001,A0042,Accessories,6,42.76,14.7,21.31,New,Card
INV104755,12/15/2024 1:42,S017,SH0022,Shoes,4,127.6,14.01,73.29,Returning,Cash
INV107915,12/15/2024 5:59,S011,SH0021,Shoes,5,185.37,28.55,105.52,New,Cash
INV103915,12/15/2024 8:39,S010,SH0022,Shoes,9,186.01,17.17,133.91,New,Digital
INV109342,12/15/2024 10:14,S002,C0044,Clothing,8,83.65,28.43,54.2,New,Digital
INV102820,12/15/2024 11:42,S010,SH0001,Shoes,3,182.8,28.81,115.87,Returning,Card
INV106401,12/15/2024 11:42,S009,SH0030,Shoes,4,153.01,10.38,109.95,New,Cash
INV105118,12/15/2024 14:26,S019,SH0027,Shoes,8,116.56,27.2,72.84,Returning,Card
INV102454,12/15/2024 14:35,S001,SH0017,Shoes,7,115.08,5.35,82.19,Returning,Card
INV103464,12/15/2024 14:40,S012,C0063,Clothing,10,25.82,5.63,19.54,New,Digital
INV106689,12/15/2024 15:31,S017,A0009,Accessories,4,35.6,15.82,14.79,Returning,Digital
INV105904,12/15/2024 16:19,S012,A0025,Accessories,6,11.97,9.67,8.03,Returning,Digital
INV102811,12/15/2024 16:30,S019,SH0005,Shoes,4,60.61,18.33,37.21,New,Digital
INV104796,12/15/2024 17:57,S011,C0095,Clothing,10,58.4,15.94,35.91,New,Cash
INV101794,12/15/2024 20:53,S014,SH0025,Shoes,8,43.27,15.3,36.47,New,Card
INV100390,12/15/2024 23:00,S016,C0020,Clothing,9,21.47,12.79,12.13,Returning,Card
INV109606,12/15/2024 23:10,S003,SH0034,Shoes,10,181.92,27.58,106.78,Returning,Cash
INV107497,12/16/2024 0:07,S016,SH0009,Shoes,8,143.41,16.13,88.57,New,Digital
INV100603,12/16/2024 3:50,S009,A0020,Accessories,3,26.43,13.97,15.72,Returning,Digital
INV102809,12/16/2024 4:43,S015,C0087,Clothing,9,43.2,23.88,34.04,New,Digital
INV103476,12/16/2024 4:54,S010,C0057,Clothing,4,52.52,12.76,35.75,Returning,Digital
INV105259,12/16/2024 6:30,S009,C0065,Clothing,7,115.73,26.18,85.47,New,Digital
INV106315,12/16/2024 7:12,S005,SH0040,Shoes,8,142.83,25.5,102.23,Returning,Digital
INV100168,12/16/2024 7:43,S019,SH0006,Shoes,8,124.08,6.95,87.9,New,Cash
INV102900,12/16/2024 10:20,S002,SH0034,Shoes,7,174.11,27.35,99.18,New,Card
INV104913,12/16/2024 12:44,S018,A0053,Accessories,6,47.83,23.72,20.23,New,Card
INV109259,12/16/2024 13:28,S008,C0006,Clothing,5,21.65,17.48,13.84,Returning,Cash
INV100020,12/16/2024 16:58,S003,SH0011,Shoes,5,49.1,6.71,34.49,New,Card
INV104080,12/16/2024 19:02,S018,C0096,Clothing,4,23.58,24.03,18.32,New,Digital
INV109875,12/16/2024 20:44,S012,C0097,Clothing,7,115.3,5.67,63.74,New,Cash
INV106167,12/16/2024 22:19,S001,C0069,Clothing,9,78.95,13.32,44.98,New,Digital
INV109546,12/17/2024 1:27,S014,A0056,Accessories,6,58.05,11.24,23.66,New,Cash
INV106555,12/17/2024 1:49,S015,C0077,Clothing,7,45.61,14.13,23,Returning,Digital
INV101962,12/17/2024 2:06,S007,SH0013,Shoes,6,151.14,5.58,87.13,Returning,Cash
INV108631,12/17/2024 2:55,S017,SH0004,Shoes,7,82.13,22.86,63.22,New,Cash
INV103796,12/17/2024 3:47,S020,A0040,Accessories,10,71.42,18.05,33.83,New,Cash
INV103458,12/17/2024 5:37,S005,C0009,Clothing,4,57.93,8.22,33.48,Returning,Card
INV100038,12/17/2024 5:51,S015,SH0030,Shoes,4,48.03,16.41,30.01,Returning,Card
INV101072,12/17/2024 5:57,S018,A0013,Accessories,8,52.25,28.45,39.14,Returning,Card
INV100098,12/17/2024 6:09,S009,A0015,Accessories,8,69.31,7.87,36.22,New,Card
INV106206,12/17/2024 6:40,S013,A0048,Accessories,10,57.18,9.24,28.18,New,Digital
INV106938,12/17/2024 8:08,S010,A0014,Accessories,7,75.2,17.8,49.07,Returning,Cash
INV102993,12/17/2024 10:17,S003,A0001,Accessories,4,14.12,13.56,6.94,New,Card
INV101204,12/17/2024 11:01,S002,A0022,Accessories,8,65.9,12.12,36.98,New,Card
INV104817,12/17/2024 11:33,S019,SH0019,Shoes,3,112.45,15.36,82.08,New,Digital
INV106077,12/17/2024 11:50,S008,SH0005,Shoes,9,62.21,15.09,45.07,New,Digital
INV100966,12/17/2024 12:43,S010,C0063,Clothing,9,85.38,24.28,59.86,Returning,Card
INV105526,12/17/2024 15:27,S018,C0087,Clothing,10,45.07,25.07,26.7,Returning,Digital
INV105108,12/17/2024 15:33,S009,C0015,Clothing,7,24.39,11.93,15.55,Returning,Card
INV101916,12/17/2024 15:49,S017,SH0036,Shoes,6,63.04,10.6,45.14,Returning,Digital
INV102639,12/17/2024 16:08,S006,A0038,Accessories,6,70.72,10.36,51.87,New,Cash
INV109332,12/17/2024 16:17,S012,A0040,Accessories,9,70.26,16.02,40.24,New,Cash
INV106802,12/17/2024 17:39,S017,C0091,Clothing,10,111.32,20.3,76.57,Returning,Digital
INV104333,12/17/2024 18:34,S014,C0002,Clothing,3,76.51,11.18,44.69,Returning,Digital
INV106482,12/17/2024 19:07,S015,SH0004,Shoes,4,175.33,25.28,119.64,Returning,Digital
INV106990,12/17/2024 19:55,S014,A0058,Accessories,8,29.9,13.88,16.94,New,Card
INV107414,12/17/2024 20:00,S010,C0025,Clothing,3,74.11,12.04,57.06,Returning,Digital
INV101798,12/17/2024 22:39,S011,SH0031,Shoes,8,197.99,24.97,110.32,New,Digital
INV108437,12/17/2024 22:44,S006,C0073,Clothing,9,80.76,14.78,60.43,New,Card
INV104994,12/17/2024 22:51,S012,A0057,Accessories,8,51.61,21.13,22.21,New,Digital
INV108338,12/18/2024 0:22,S010,C0023,Clothing,5,69.44,13.11,45.16,Returning,Card
INV102083,12/18/2024 0:24,S005,C0002,Clothing,6,98.25,5.5,63.82,Returning,Cash
INV108699,12/18/2024 0:32,S008,A0039,Accessories,7,14.72,19.62,6.9,New,Digital
INV106156,12/18/2024 0:44,S020,SH0037,Shoes,9,94.97,25.05,53.64,New,Card
INV109924,12/18/2024 0:47,S009,A0007,Accessories,5,13.64,6.33,5.56,New,Card
INV105169,12/18/2024 2:18,S003,A0052,Accessories,4,60.17,18.74,39.29,New,Card
INV108307,12/18/2024 2:24,S008,C0061,Clothing,5,44.01,16.34,22.23,Returning,Card
INV102390,12/18/2024 4:56,S004,C0053,Clothing,9,41.33,25.55,21.68,Returning,Card
INV107630,12/18/2024 5:25,S018,A0002,Accessories,9,28.74,19.75,14.96,Returning,Card
INV108685,12/18/2024 8:16,S015,C0049,Clothing,7,76.08,14.35,58.46,Returning,Digital
INV106836,12/18/2024 9:18,S009,C0091,Clothing,4,111.93,6.87,61.73,Returning,Cash
INV108360,12/18/2024 13:03,S020,A0002,Accessories,6,43.53,17.83,19.45,Returning,Cash
INV106086,12/18/2024 13:04,S012,A0002,Accessories,5,52.55,8.89,23.32,New,Card
INV104815,12/18/2024 13:19,S017,SH0021,Shoes,5,44.18,15.19,32.24,Returning,Card
INV109353,12/18/2024 14:22,S001,SH0026,Shoes,5,140.03,20.67,81.58,Returning,Digital
INV101790,12/18/2024 15:34,S010,A0044,Accessories,9,39.91,23.43,20.22,New,Card
INV109278,12/18/2024 16:49,S016,A0035,Accessories,4,39.53,17.12,22.9,New,Card
INV107173,12/18/2024 18:47,S008,SH0003,Shoes,3,138.85,12.48,95.83,New,Cash
INV108838,12/18/2024 19:17,S017,A0030,Accessories,9,20.45,27.77,12.18,Returning,Card
INV108324,12/18/2024 21:02,S006,SH0015,Shoes,10,98.63,7.18,72.49,New,Digital
INV100840,12/18/2024 23:52,S010,SH0018,Shoes,6,119.23,13.69,71.69,Returning,Digital
INV100502,12/19/2024 1:17,S010,C0060,Clothing,8,65.86,10.5,36.31,New,Digital
INV104376,12/19/2024 1:37,S003,C0088,Clothing,5,28,28.94,15.16,Returning,Digital
INV107318,12/19/2024 2:03,S017,C0094,Clothing,6,23.11,5.15,11.91,Returning,Digital
INV105686,12/19/2024 2:38,S012,C0005,Clothing,8,111.37,11.79,73.8,Returning,Card
INV101875,12/19/2024 3:01,S006,SH0026,Shoes,6,166.18,21.84,140.49,Returning,Digital
INV109159,12/19/2024 3:30,S006,SH0016,Shoes,7,51,21.42,36.88,Returning,Digital
INV101250,12/19/2024 3:42,S013,C0092,Clothing,3,24.02,23.28,19.2,New,Cash
INV107524,12/19/2024 3:45,S003,SH0010,Shoes,10,54.81,7.58,31.66,New,Card
INV107768,12/19/2024 4:29,S011,C0050,Clothing,9,100.17,25.07,78.9,Returning,Digital
INV100351,12/19/2024 5:08,S006,SH0003,Shoes,5,182.53,11.46,108.43,Returning,Digital
INV107286,12/19/2024 6:11,S020,SH0036,Shoes,7,176.38,13.02,146.93,New,Cash
INV100614,12/19/2024 8:15,S009,A0047,Accessories,3,39.59,26.04,22.84,Returning,Cash
INV109487,12/19/2024 9:30,S010,SH0035,Shoes,9,67.25,28.54,48.14,Returning,Card
INV108290,12/19/2024 9:44,S008,C0049,Clothing,7,50.21,28.76,35.96,Returning,Digital
INV108906,12/19/2024 9:52,S015,A0022,Accessories,6,65.42,17.88,46.83,New,Cash
INV104207,12/19/2024 10:03,S012,A0041,Accessories,3,36.25,26.16,19.27,New,Card
INV100654,12/19/2024 11:02,S011,C0026,Clothing,7,48.41,22.97,27.38,New,Cash
INV103523,12/19/2024 12:39,S018,C0018,Clothing,3,41.43,21.93,22.8,Returning,Cash
INV105778,12/19/2024 12:48,S016,A0059,Accessories,7,22.07,6.16,16.21,Returning,Digital
INV106064,12/19/2024 13:12,S014,SH0040,Shoes,3,144.02,7.58,104.16,Returning,Digital
INV105925,12/19/2024 13:56,S001,SH0020,Shoes,10,142.6,29.31,99.17,Returning,Card
INV109806,12/19/2024 14:15,S017,SH0030,Shoes,10,132.44,24.54,87.71,New,Card
INV107617,12/19/2024 17:43,S020,SH0027,Shoes,7,144.5,16.09,111.82,New,Card
INV109693,12/19/2024 18:33,S006,SH0027,Shoes,5,172.86,28.29,131.49,New,Cash
INV104273,12/19/2024 23:55,S010,A0022,Accessories,9,24.83,5.33,18,New,Card
INV100002,12/20/2024 0:35,S001,SH0035,Shoes,7,107.12,25.24,73.35,New,Digital
INV108583,12/20/2024 0:48,S020,A0013,Accessories,9,27.41,27.95,11.54,Returning,Digital
INV107715,12/20/2024 1:41,S015,C0055,Clothing,10,33.86,8.56,25.4,New,Cash
INV101020,12/20/2024 1:49,S007,SH0023,Shoes,8,192.75,28.21,124.95,New,Card
INV108165,12/20/2024 2:23,S018,SH0040,Shoes,8,55.92,15.39,46.77,Returning,Cash
INV103674,12/20/2024 4:14,S014,SH0020,Shoes,8,118.03,22.94,82.31,New,Digital
INV107100,12/20/2024 4:41,S013,C0064,Clothing,4,103.73,13.52,68.15,Returning,Cash
INV106692,12/20/2024 4:56,S013,C0038,Clothing,9,65.38,28.59,37.42,New,Cash
INV101343,12/20/2024 6:34,S011,SH0007,Shoes,4,94.43,22.11,56.59,New,Digital
INV104044,12/20/2024 8:11,S001,C0064,Clothing,6,101.79,12.13,72.6,Returning,Card
INV109710,12/20/2024 12:04,S006,SH0004,Shoes,6,197.3,17.98,129.9,Returning,Card
INV101779,12/20/2024 12:54,S002,SH0003,Shoes,5,107.18,16.54,59.63,Returning,Card
INV105810,12/20/2024 13:57,S020,C0019,Clothing,5,71.87,20.17,55.3,New,Cash
INV109746,12/20/2024 14:07,S010,C0026,Clothing,5,85.99,17.25,53.66,New,Card
INV107822,12/20/2024 14:44,S004,A0009,Accessories,5,25.7,17.83,14.36,Returning,Cash
INV107102,12/20/2024 15:24,S005,C0025,Clothing,6,80.49,8.66,62.83,Returning,Digital
INV107210,12/20/2024 16:16,S017,SH0027,Shoes,4,100.9,9.86,81.64,Returning,Card
INV108224,12/20/2024 16:20,S009,SH0026,Shoes,5,113.21,7.11,75.17,Returning,Card
INV101446,12/20/2024 17:47,S008,SH0017,Shoes,6,68,25.79,40.1,Returning,Cash
INV101728,12/20/2024 18:08,S004,SH0019,Shoes,3,120.54,12.54,74.27,Returning,Digital
INV101582,12/20/2024 19:16,S006,A0012,Accessories,4,51.87,17.35,34.1,New,Cash
INV106685,12/20/2024 19:24,S003,A0055,Accessories,9,26.83,7.95,11.3,New,Cash
INV104804,12/21/2024 0:08,S010,SH0002,Shoes,5,63.16,21.99,51.9,Returning,Card
INV109448,12/21/2024 0:21,S012,A0025,Accessories,5,72.16,15.74,35.87,Returning,Card
INV103169,12/21/2024 1:09,S010,A0020,Accessories,10,38.51,19.8,26.89,Returning,Digital
INV109840,12/21/2024 3:31,S001,C0030,Clothing,5,50.63,28.31,31.06,New,Digital
INV105934,12/21/2024 4:24,S006,C0005,Clothing,4,40.98,18.11,22.4,New,Card
INV102321,12/21/2024 6:21,S008,SH0018,Shoes,5,111.74,19.38,71.72,Returning,Digital
INV104948,12/21/2024 7:27,S003,SH0001,Shoes,6,192.67,13.39,156.64,Returning,Digital
INV105095,12/21/2024 7:38,S004,C0015,Clothing,8,27.46,20.89,17.3,Returning,Cash
INV103682,12/21/2024 8:00,S015,C0080,Clothing,7,64.23,11.53,48.82,Returning,Card
INV104481,12/21/2024 8:42,S004,SH0030,Shoes,8,49.04,12.6,28.59,New,Digital
INV100022,12/21/2024 9:29,S007,C0002,Clothing,4,65.83,6.83,52.63,Returning,Cash
INV105305,12/21/2024 9:37,S016,C0036,Clothing,10,87.45,26.62,44.06,Returning,Digital
INV105490,12/21/2024 9:46,S016,SH0036,Shoes,5,162.79,20.2,112.16,Returning,Digital
INV107805,12/21/2024 11:32,S015,C0053,Clothing,9,41.13,20.22,20.92,New,Cash
INV107454,12/21/2024 14:50,S013,C0068,Clothing,8,103.04,16.18,55.45,Returning,Digital
INV104818,12/21/2024 15:04,S014,A0020,Accessories,4,50.49,10.59,28.94,Returning,Card
INV106058,12/21/2024 15:09,S002,SH0035,Shoes,9,170.68,23.09,105.03,Returning,Digital
INV104426,12/21/2024 16:56,S019,SH0025,Shoes,10,95.61,18.37,56.06,Returning,Digital
INV107135,12/21/2024 18:19,S003,A0037,Accessories,10,37.03,12.33,24.78,New,Cash
INV105015,12/21/2024 19:52,S005,A0002,Accessories,7,13.18,13.69,7.22,New,Digital
INV101386,12/21/2024 20:00,S013,SH0019,Shoes,3,45.18,20.4,25.64,Returning,Digital
INV105792,12/21/2024 20:26,S019,A0013,Accessories,4,17.27,25.9,10.47,Returning,Digital
INV103759,12/21/2024 23:17,S016,SH0031,Shoes,5,97.83,13.63,63.95,New,Cash
INV100527,12/22/2024 0:50,S010,C0034,Clothing,10,50.02,8.1,34.62,Returning,Cash
INV106117,12/22/2024 1:00,S009,C0078,Clothing,6,78.25,19.19,49.65,New,Card
INV100642,12/22/2024 1:17,S019,A0035,Accessories,6,41.42,13.37,16.64,New,Digital
INV102828,12/22/2024 4:13,S001,C0044,Clothing,4,45.78,19.8,31.64,New,Cash
INV100450,12/22/2024 4:13,S002,C0059,Clothing,4,58.76,5.1,44.62,New,Card
INV109815,12/22/2024 4:20,S018,C0066,Clothing,8,35.26,7.83,24.28,New,Digital
INV102116,12/22/2024 4:28,S013,C0007,Clothing,6,107.13,11.11,63.64,New,Cash
INV103686,12/22/2024 7:07,S020,A0028,Accessories,6,13.25,9.91,7.78,Returning,Digital
INV100375,12/22/2024 7:52,S005,SH0018,Shoes,9,168.65,9.9,120.85,Returning,Cash
INV108206,12/22/2024 10:54,S020,C0079,Clothing,10,115.9,7.29,76.84,Returning,Digital
INV107813,12/22/2024 11:55,S012,A0009,Accessories,4,67.16,5.44,38.83,New,Cash
INV106099,12/22/2024 15:20,S009,C0095,Clothing,10,60.93,23.65,36.37,Returning,Digital
INV104377,12/22/2024 16:22,S013,C0050,Clothing,7,70.96,26.01,36.16,Returning,Cash
INV103092,12/22/2024 17:04,S015,SH0012,Shoes,8,47.61,8.47,34.56,Returning,Digital
INV108280,12/22/2024 17:06,S002,C0061,Clothing,7,95.57,29.15,70.55,New,Card
INV109538,12/22/2024 18:44,S004,SH0025,Shoes,3,101.49,24.28,77.37,New,Card
INV100075,12/23/2024 3:28,S012,SH0020,Shoes,3,184.55,12.33,104.05,Returning,Cash
INV100068,12/23/2024 3:29,S016,SH0010,Shoes,7,119.74,15.39,91.6,Returning,Cash
INV101756,12/23/2024 3:36,S010,C0077,Clothing,4,24.65,27.6,13.7,New,Digital
INV102888,12/23/2024 6:36,S017,C0031,Clothing,4,102.08,28.04,78.5,Returning,Digital
INV108148,12/23/2024 7:02,S002,C0019,Clothing,8,97.2,14.1,71.69,New,Cash
INV104572,12/23/2024 9:16,S018,A0005,Accessories,3,72.9,17.89,51.64,New,Card
INV105537,12/23/2024 9:18,S014,C0019,Clothing,4,82.17,22.65,41.89,New,Digital
INV107060,12/23/2024 9:56,S003,A0032,Accessories,6,42.15,9.99,25.03,Returning,Card
INV100007,12/23/2024 10:13,S008,A0026,Accessories,5,71.93,11.62,44.96,Returning,Digital
INV104059,12/23/2024 11:47,S009,A0011,Accessories,5,68.31,29.7,32.2,Returning,Card
INV102647,12/23/2024 12:16,S012,SH0007,Shoes,8,53.31,19.48,35.89,Returning,Digital
INV103492,12/23/2024 14:04,S007,A0017,Accessories,8,44.17,5.4,22.82,New,Card
INV103378,12/23/2024 14:13,S001,C0031,Clothing,3,103.38,7.09,66.61,New,Digital
INV100597,12/23/2024 14:31,S001,C0058,Clothing,9,78.52,6.27,44,New,Digital
INV108090,12/23/2024 15:38,S020,C0052,Clothing,9,40.04,19.63,20.33,Returning,Cash
INV101721,12/23/2024 16:07,S019,SH0031,Shoes,6,196.15,21.92,116.98,Returning,Card
INV108761,12/23/2024 16:41,S017,SH0038,Shoes,10,94.13,13.18,60.01,New,Digital
INV109801,12/23/2024 17:28,S007,SH0025,Shoes,4,80.37,9.85,68.13,Returning,Cash
INV100841,12/23/2024 19:30,S006,A0055,Accessories,8,73.47,22.04,35.52,New,Card
INV105224,12/23/2024 19:56,S010,A0058,Accessories,5,50.92,10.66,27.62,New,Card
INV108175,12/23/2024 20:43,S014,C0099,Clothing,4,41.71,12.43,22.86,Returning,Cash
INV105164,12/23/2024 21:29,S010,A0022,Accessories,6,33.61,10.16,13.79,New,Digital
INV103540,12/23/2024 21:33,S001,A0018,Accessories,8,24.04,26.84,14.71,New,Cash
INV103377,12/23/2024 22:04,S001,SH0030,Shoes,10,84.04,13.99,51.03,Returning,Cash
INV103937,12/23/2024 22:45,S008,C0024,Clothing,8,109.57,29.92,58.13,New,Card
INV103548,12/23/2024 23:30,S010,SH0038,Shoes,8,189.7,10.45,157.7,Returning,Digital
INV108793,12/24/2024 1:46,S019,SH0005,Shoes,4,111.34,7.93,68.08,New,Cash
INV108196,12/24/2024 3:43,S015,SH0010,Shoes,8,44.48,9.11,30.34,Returning,Cash
INV106630,12/24/2024 3:45,S009,SH0012,Shoes,8,135.09,5.87,111.2,New,Cash
INV101525,12/24/2024 3:58,S017,C0004,Clothing,4,73.42,17.39,51.83,Returning,Cash
INV105256,12/24/2024 8:08,S010,A0010,Accessories,3,45.53,11.86,27.94,Returning,Cash
INV109625,12/24/2024 8:08,S005,A0009,Accessories,6,17.33,12.2,7.23,Returning,Digital
INV102171,12/24/2024 8:57,S015,SH0028,Shoes,5,51.54,27.49,41.2,New,Card
INV101815,12/24/2024 9:51,S020,SH0010,Shoes,8,87.72,10.37,65.55,New,Digital
INV102195,12/24/2024 11:05,S004,SH0027,Shoes,10,106.18,16.98,87.89,New,Cash
INV108326,12/24/2024 11:28,S009,SH0034,Shoes,4,81.96,14.31,64.06,New,Card
INV109021,12/24/2024 13:33,S005,C0021,Clothing,3,23.46,23.53,18.6,Returning,Cash
INV101780,12/24/2024 13:53,S017,C0061,Clothing,9,117.56,12.03,89.47,Returning,Cash
INV105729,12/24/2024 18:55,S015,A0058,Accessories,3,78.02,26.71,53.59,Returning,Cash
INV100335,12/24/2024 19:04,S004,SH0038,Shoes,8,47.28,28.2,38.04,Returning,Digital
INV108314,12/24/2024 22:34,S007,A0009,Accessories,4,44.86,16.28,22.93,Returning,Digital
INV106985,12/24/2024 22:34,S016,C0024,Clothing,5,105.92,28.95,57.49,New,Digital
INV108252,12/24/2024 23:30,S020,C0030,Clothing,4,95.17,13.54,56.12,New,Digital
INV106085,12/24/2024 23:31,S009,SH0021,Shoes,8,93.89,7.6,61.7,New,Card
INV108645,12/25/2024 0:34,S005,C0008,Clothing,8,96.72,25.47,69.59,Returning,Digital
INV109244,12/25/2024 3:44,S020,A0021,Accessories,3,20.58,11.47,8.41,New,Card
INV101173,12/25/2024 4:49,S018,C0048,Clothing,8,47.74,12.59,27.89,Returning,Card
INV108089,12/25/2024 6:45,S019,SH0003,Shoes,9,47.81,22.25,31.9,New,Cash
INV103278,12/25/2024 7:07,S001,C0038,Clothing,5,25.25,9.76,16.79,New,Card
INV103455,12/25/2024 7:49,S016,C0076,Clothing,10,90.22,18.13,54.45,Returning,Digital
INV102565,12/25/2024 10:05,S016,SH0022,Shoes,10,63.46,14.99,37.73,Returning,Cash
INV105013,12/25/2024 10:07,S004,A0040,Accessories,10,72.68,14.36,51.06,Returning,Digital
INV105074,12/25/2024 12:19,S010,SH0029,Shoes,4,115.32,18.56,83.44,Returning,Cash
INV101550,12/25/2024 12:21,S004,C0004,Clothing,8,115.38,9.54,80.95,New,Cash
INV109928,12/25/2024 13:03,S001,SH0032,Shoes,4,112.37,17.71,63.18,New,Cash
INV100792,12/25/2024 14:16,S019,A0049,Accessories,5,71.37,28.5,44.79,Returning,Cash
INV106928,12/25/2024 17:04,S013,C0093,Clothing,5,96.31,26.12,66.87,New,Digital
INV100117,12/25/2024 17:53,S005,SH0003,Shoes,5,145.91,19.93,118.61,New,Cash
INV107879,12/25/2024 19:08,S013,C0072,Clothing,3,33.42,12.49,20.01,Returning,Cash
INV102516,12/25/2024 21:39,S016,SH0012,Shoes,9,182.8,7.18,123.99,New,Card
INV106746,12/25/2024 21:42,S016,SH0024,Shoes,9,54.55,7.9,43.91,New,Card
INV100455,12/25/2024 21:51,S015,C0097,Clothing,4,96.44,25.32,64.65,New,Card
INV108805,12/25/2024 22:48,S011,SH0003,Shoes,3,133.91,6.78,79.03,Returning,Digital
INV107731,12/25/2024 23:05,S003,SH0017,Shoes,10,193.92,5.73,135.91,Returning,Digital
INV101415,12/25/2024 23:15,S004,SH0039,Shoes,6,142.42,22.87,85.31,New,Cash
INV108085,12/26/2024 1:37,S012,C0056,Clothing,4,62.03,26.12,36.67,New,Card
INV103745,12/26/2024 2:54,S004,SH0010,Shoes,5,173.34,18.69,146.09,New,Cash
INV102854,12/26/2024 3:08,S017,A0013,Accessories,4,72.24,23.55,35.85,Returning,Cash
INV104714,12/26/2024 3:41,S002,C0066,Clothing,9,27.13,16.06,18.07,Returning,Digital
INV104231,12/26/2024 6:30,S016,SH0018,Shoes,6,41.15,11.68,30.28,New,Cash
INV100030,12/26/2024 7:01,S017,C0052,Clothing,7,52.83,13.78,40.11,Returning,Digital
INV109678,12/26/2024 8:33,S012,C0036,Clothing,5,43.55,16.27,31.69,Returning,Card
INV100658,12/26/2024 8:55,S020,SH0038,Shoes,4,181.73,24.62,111.36,New,Cash
INV101080,12/26/2024 11:58,S014,A0003,Accessories,7,20.92,27.05,12.75,Returning,Cash
INV104814,12/26/2024 12:21,S011,A0011,Accessories,10,33.05,24.41,16.84,Returning,Digital
INV100095,12/26/2024 13:21,S009,A0026,Accessories,9,39.12,12.81,16.95,Returning,Cash
INV106914,12/26/2024 15:40,S017,C0016,Clothing,6,24.55,10.28,15.26,New,Card
INV103566,12/26/2024 15:48,S013,C0087,Clothing,3,106.17,13.16,72.7,Returning,Digital
INV104806,12/26/2024 16:12,S019,SH0012,Shoes,7,71.63,5.63,60.22,New,Cash
INV104947,12/26/2024 16:19,S017,A0054,Accessories,5,30.53,9.13,16.36,Returning,Card
INV106520,12/26/2024 17:27,S009,SH0016,Shoes,3,115.94,26.38,94.52,New,Card
INV103468,12/26/2024 18:34,S013,C0065,Clothing,5,111.45,18.18,70.85,New,Digital
INV108481,12/26/2024 18:40,S018,A0053,Accessories,10,28.4,23.72,14.6,Returning,Digital
INV102393,12/26/2024 21:11,S004,C0069,Clothing,9,34.92,25.13,26.75,New,Card
INV105922,12/26/2024 21:13,S011,C0003,Clothing,4,99.05,13.82,61.16,New,Cash
INV101795,12/26/2024 22:15,S016,A0059,Accessories,6,39.74,5.68,22.98,Returning,Digital
INV101579,12/26/2024 22:21,S016,A0049,Accessories,5,47.36,28.68,30.76,New,Digital
INV104137,12/26/2024 23:31,S016,A0052,Accessories,8,22.77,20.42,15.5,Returning,Digital
INV109820,12/26/2024 23:35,S008,SH0038,Shoes,8,78.83,14.01,52.17,Returning,Digital
INV101429,12/27/2024 1:00,S006,SH0028,Shoes,5,65.64,8.8,39.78,Returning,Card
INV101529,12/27/2024 1:59,S012,SH0023,Shoes,4,170.45,5.61,135.35,Returning,Digital
INV104114,12/27/2024 3:04,S014,A0008,Accessories,8,44.34,18.93,28.09,New,Card
INV108666,12/27/2024 3:08,S019,C0042,Clothing,4,54.49,8.07,32.69,Returning,Cash
INV105758,12/27/2024 4:06,S010,SH0034,Shoes,10,57.56,25.2,38.17,New,Card
INV103960,12/27/2024 4:40,S001,A0016,Accessories,8,71.39,13.16,39.88,Returning,Card
INV101693,12/27/2024 7:28,S011,C0067,Clothing,8,108.24,22.36,64.46,New,Digital
INV108571,12/27/2024 7:42,S013,C0034,Clothing,6,35.2,19.31,22.27,New,Cash
INV104633,12/27/2024 10:27,S013,C0061,Clothing,8,65.39,25.42,50.62,New,Card
INV107003,12/27/2024 13:27,S005,A0012,Accessories,7,49.98,20.75,27.98,Returning,Card
INV106092,12/27/2024 14:25,S010,A0029,Accessories,10,33.9,20.57,23.44,New,Cash
INV109769,12/27/2024 15:51,S016,C0098,Clothing,3,102.07,9,81.1,New,Digital
INV109814,12/27/2024 16:49,S018,A0048,Accessories,3,35.97,15.5,17.69,New,Card
INV100461,12/27/2024 19:49,S005,A0021,Accessories,4,44.6,10.44,28.15,New,Cash
INV102850,12/27/2024 20:56,S019,C0094,Clothing,6,98.75,20.2,70.57,New,Cash
INV109018,12/27/2024 21:14,S010,C0100,Clothing,4,92.29,23.72,68.2,Returning,Cash
INV101125,12/27/2024 22:37,S004,C0032,Clothing,3,68.86,12.84,44.13,Returning,Cash
INV104554,12/28/2024 0:49,S011,SH0038,Shoes,4,89.58,12.62,70.08,New,Digital
INV104786,12/28/2024 1:38,S008,SH0014,Shoes,9,168.92,10.42,105.95,New,Cash
INV101660,12/28/2024 3:16,S007,A0044,Accessories,6,28.94,19.8,12.75,New,Digital
INV109424,12/28/2024 3:16,S019,SH0032,Shoes,5,49.92,21.13,31.69,New,Cash
INV101249,12/28/2024 3:45,S007,A0042,Accessories,4,52.37,15.14,20.97,Returning,Digital
INV102848,12/28/2024 4:34,S011,SH0011,Shoes,7,46.06,21.98,36.04,Returning,Cash
INV106896,12/28/2024 4:52,S010,A0051,Accessories,4,76.2,22.81,45.57,New,Cash
INV108624,12/28/2024 7:09,S012,A0047,Accessories,6,48.63,27.95,34.47,Returning,Cash
INV100327,12/28/2024 8:00,S020,A0046,Accessories,8,75.62,19.92,31.31,Returning,Card
INV102293,12/28/2024 8:17,S009,C0052,Clothing,9,101.44,19.15,77.79,New,Digital
INV103578,12/28/2024 8:36,S016,SH0006,Shoes,7,104.29,19.52,72.69,New,Digital
INV101736,12/28/2024 15:42,S006,C0028,Clothing,6,29.77,18.25,17.73,Returning,Card
INV105968,12/28/2024 15:49,S019,SH0006,Shoes,4,106.6,15.57,65.91,Returning,Digital
INV106364,12/28/2024 17:21,S011,SH0018,Shoes,8,116.11,14.27,83.56,New,Cash
INV107215,12/28/2024 17:24,S009,SH0007,Shoes,5,108.67,16.27,64.8,New,Digital
INV105556,12/28/2024 18:34,S004,SH0034,Shoes,8,190.15,19.88,129.09,New,Cash
INV103172,12/28/2024 20:21,S014,C0012,Clothing,10,81.88,17.19,52.25,New,Card
INV107192,12/28/2024 20:30,S008,C0029,Clothing,10,26.12,10.57,16.12,New,Cash
INV105109,12/28/2024 21:08,S011,A0031,Accessories,4,19.37,19.07,14.35,New,Cash
INV105751,12/28/2024 22:02,S019,C0045,Clothing,5,34.9,24.39,17.57,New,Card
INV102107,12/28/2024 22:12,S003,A0016,Accessories,6,40.51,27.88,24.92,New,Digital
INV101039,12/28/2024 22:33,S005,A0011,Accessories,6,17.01,26.08,7.79,Returning,Cash
INV102733,12/28/2024 22:58,S011,C0081,Clothing,7,106.5,23.35,61.96,New,Card
INV102387,12/29/2024 0:03,S010,SH0036,Shoes,6,121.92,18.27,91.02,Returning,Digital
INV107337,12/29/2024 2:14,S018,A0034,Accessories,8,60.46,5.47,27.91,Returning,Digital
INV107217,12/29/2024 5:22,S017,A0006,Accessories,6,20.66,29.25,9.74,New,Cash
INV100753,12/29/2024 7:21,S012,A0004,Accessories,7,45.69,7.75,28.57,Returning,Card
INV102067,12/29/2024 10:44,S002,C0043,Clothing,5,74.38,20.62,58.24,New,Cash
INV102770,12/29/2024 10:45,S001,A0040,Accessories,6,59.64,19.24,27.4,Returning,Cash
INV101189,12/29/2024 12:38,S001,A0002,Accessories,4,58.05,16.31,34.67,Returning,Digital
INV104785,12/29/2024 13:18,S010,C0048,Clothing,4,95.57,9.52,54.4,Returning,Cash
INV107144,12/29/2024 13:51,S019,C0029,Clothing,5,91.08,7.66,57.81,New,Cash
INV104988,12/29/2024 14:11,S009,A0023,Accessories,10,36.94,9.95,26.34,New,Card
INV109516,12/29/2024 17:46,S001,SH0037,Shoes,4,59.99,25.84,35.25,Returning,Digital
INV109717,12/30/2024 14:54,S001,A0032,Accessories,7,49.25,5.76,34.66,New,Card
INV108092,12/30/2024 18:07,S005,SH0016,Shoes,10,182.13,5.48,129.73,Returning,Card
INV107426,12/31/2024 2:36,S010,A0022,Accessories,4,61.99,15.49,34.67,Returning,Card
INV106435,12/31/2024 6:48,S005,A0059,Accessories,10,27.64,18.8,12.61,New,Digital
INV109494,12/31/2024 9:40,S011,SH0039,Shoes,6,148.45,9.89,113.98,Returning,Card
INV102963,12/31/2024 10:46,S018,A0051,Accessories,6,57.39,20.07,25.58,Returning,Digital
INV104057,12/31/2024 14:01,S006,C0050,Clothing,5,98.23,21.91,68.96,New,Digital
INV100443,12/31/2024 22:18,S007,C0016,Clothing,4,22.4,23.44,15.4,Returning,Card
INV108223,12/31/2024 22:44,S016,C0014,Clothing,5,27.85,16.57,20.35,New,Digital
INV109881,1/1/2025 0:58,S011,C0008,Clothing,1,94.32,2.02,52.88,New,Digital
INV106842,1/1/2025 7:04,S008,A0032,Accessories,3,70.54,15.01,38.88,New,Card
INV109313,1/1/2025 7:08,S007,SH0015,Shoes,1,82.96,11.61,52.68,Returning,Cash
INV109249,1/1/2025 12:38,S015,SH0026,Shoes,5,168.34,15.24,99.07,Returning,Cash
INV106027,1/1/2025 18:06,S007,A0058,Accessories,4,77.37,17.14,42.97,New,Digital
INV105624,1/1/2025 19:03,S004,C0097,Clothing,2,58.77,16.78,37.24,Returning,Digital
INV104684,1/1/2025 19:18,S015,SH0001,Shoes,1,164.59,16.37,131.54,Returning,Digital
INV106929,1/1/2025 23:19,S016,C0016,Clothing,2,65.3,4.96,44.68,New,Digital
INV105128,1/2/2025 0:48,S014,SH0029,Shoes,4,179.4,16.69,106.52,Returning,Card
INV101534,1/2/2025 4:10,S006,SH0029,Shoes,5,76.29,12.07,56.06,New,Card
INV107054,1/2/2025 4:12,S017,C0079,Clothing,6,54.78,6.59,29.98,Returning,Digital
INV108383,1/2/2025 4:47,S004,A0030,Accessories,3,55.26,5.74,26.03,Returning,Digital
INV105612,1/2/2025 5:40,S015,C0097,Clothing,4,93.55,19.5,53.62,New,Digital
INV101060,1/2/2025 10:34,S018,C0089,Clothing,6,33.45,4.94,25.35,New,Cash
INV103858,1/2/2025 12:18,S012,A0042,Accessories,5,39.14,2.58,28.73,Returning,Digital
INV109261,1/2/2025 12:23,S020,A0012,Accessories,5,69.29,18.9,49.42,Returning,Card
INV109437,1/2/2025 15:51,S020,A0035,Accessories,4,47.25,18.1,33.16,New,Cash
INV107812,1/2/2025 16:17,S020,SH0012,Shoes,1,87.13,0.04,50.09,Returning,Card
INV104219,1/2/2025 20:43,S020,C0064,Clothing,4,113.12,7.21,73.4,Returning,Digital
INV103837,1/2/2025 23:33,S003,A0013,Accessories,6,14.41,19.63,5.87,New,Card
INV102378,1/3/2025 3:29,S016,SH0020,Shoes,2,162.14,5.46,122.96,New,Cash
INV100563,1/3/2025 3:36,S003,SH0008,Shoes,5,123.51,5.04,98.65,New,Digital
INV108759,1/3/2025 9:04,S006,A0023,Accessories,3,33.12,3.31,14.74,Returning,Card
INV108527,1/3/2025 16:57,S003,A0030,Accessories,1,48,15.93,27.18,Returning,Card
INV104906,1/3/2025 18:59,S013,SH0024,Shoes,5,41.58,9.67,34.31,New,Cash
INV104903,1/3/2025 19:36,S009,A0036,Accessories,5,23.59,1.44,11.87,Returning,Cash
INV103650,1/3/2025 20:06,S004,A0006,Accessories,6,73.62,13.45,46.27,New,Cash
INV103187,1/4/2025 3:49,S010,A0012,Accessories,3,70.24,7.89,50.63,Returning,Cash
INV100018,1/4/2025 5:26,S013,A0014,Accessories,2,70.53,7.58,50.49,Returning,Card
INV100893,1/4/2025 6:20,S010,A0054,Accessories,6,67.59,8.53,36.88,New,Cash
INV100219,1/4/2025 6:51,S005,SH0023,Shoes,4,177.77,3.32,130.32,New,Cash
INV108924,1/4/2025 8:51,S004,SH0016,Shoes,3,151.48,0.27,119.37,New,Cash
INV105341,1/4/2025 18:16,S007,A0048,Accessories,2,52.15,8.28,28.16,Returning,Cash
INV100468,1/4/2025 22:32,S012,A0060,Accessories,1,48.23,11.36,25.49,New,Digital
INV102419,1/5/2025 0:16,S019,A0052,Accessories,5,73.17,0.14,52.08,Returning,Cash
INV109751,1/5/2025 0:41,S008,A0026,Accessories,5,25.44,6.27,12.38,Returning,Cash
INV108865,1/5/2025 4:31,S019,A0012,Accessories,2,46.7,15.45,30.59,Returning,Cash
INV101034,1/5/2025 5:25,S019,C0074,Clothing,2,68.08,12.57,51.56,Returning,Card
INV109007,1/5/2025 6:30,S011,SH0036,Shoes,6,48.1,7.23,30.23,New,Digital
INV105914,1/5/2025 10:13,S004,SH0024,Shoes,4,191.53,12.04,151.47,Returning,Cash
INV102459,1/5/2025 11:43,S003,A0006,Accessories,1,68.69,11.54,46.51,Returning,Digital
INV109807,1/5/2025 12:58,S012,C0023,Clothing,3,103.59,13.4,69.26,Returning,Cash
INV105555,1/5/2025 13:00,S012,SH0032,Shoes,5,46.31,12.4,28.11,New,Cash
INV107876,1/5/2025 17:55,S018,C0072,Clothing,5,92.55,12.14,50.09,Returning,Card
INV100091,1/5/2025 18:20,S003,C0034,Clothing,5,25.24,2.27,18.24,Returning,Card
INV101447,1/5/2025 18:50,S006,C0015,Clothing,4,118.53,0.6,82.72,New,Cash
INV109003,1/5/2025 19:30,S001,C0011,Clothing,1,109.94,6.46,57.4,New,Cash
INV104304,1/5/2025 20:13,S003,C0038,Clothing,5,109.84,2.32,74.01,Returning,Digital
INV108995,1/5/2025 21:22,S018,A0017,Accessories,4,49.16,13.83,30.72,Returning,Digital
INV102313,1/5/2025 22:04,S008,A0042,Accessories,4,50.26,14.55,37.29,Returning,Digital
INV102049,1/6/2025 0:51,S016,A0053,Accessories,5,23.33,18.32,16.81,New,Digital
INV106575,1/6/2025 2:37,S005,SH0024,Shoes,4,47.25,10.63,29.81,Returning,Card
INV104368,1/6/2025 4:00,S003,C0021,Clothing,1,99.81,1.65,63.77,New,Cash
INV105499,1/6/2025 5:02,S006,C0051,Clothing,2,104.12,3.88,76.26,New,Digital
INV105415,1/6/2025 5:30,S012,A0057,Accessories,2,70.41,12.87,47.28,New,Card
INV100040,1/6/2025 8:28,S005,SH0019,Shoes,5,77.52,1.61,50.45,New,Card
INV103462,1/6/2025 10:59,S004,SH0018,Shoes,6,177.1,9.45,130.31,New,Digital
INV104027,1/6/2025 15:31,S016,A0014,Accessories,1,28.02,16.79,13.41,New,Card
INV109423,1/6/2025 15:43,S010,SH0006,Shoes,6,196.6,1.91,127.07,Returning,Cash
INV101978,1/6/2025 17:50,S013,C0082,Clothing,1,69.93,13.15,47.86,New,Digital
INV104404,1/6/2025 19:13,S013,C0039,Clothing,3,70.82,1.12,47.69,Returning,Cash
INV108145,1/6/2025 20:53,S013,A0039,Accessories,3,49.91,15.05,23.81,Returning,Digital
INV102815,1/6/2025 21:25,S008,C0005,Clothing,3,56.17,12.02,32.79,New,Card
INV104934,1/6/2025 23:01,S016,SH0028,Shoes,5,50.43,0.27,39.88,Returning,Digital
INV102675,1/6/2025 23:25,S012,C0028,Clothing,4,77,9.23,41.44,Returning,Digital
INV109975,1/7/2025 4:17,S020,A0011,Accessories,1,47.17,12.18,24.46,Returning,Card
INV107951,1/7/2025 6:00,S013,A0024,Accessories,2,79.36,1.85,43.42,New,Cash
INV104957,1/7/2025 10:22,S010,A0028,Accessories,6,61.83,10.71,27.46,Returning,Card
INV107002,1/7/2025 10:42,S019,SH0032,Shoes,6,126.31,14.6,86.42,Returning,Cash
INV105359,1/7/2025 14:53,S012,C0054,Clothing,1,26.77,2.65,19.03,Returning,Digital
INV108863,1/7/2025 16:29,S007,C0025,Clothing,6,37.12,19.75,24.25,Returning,Card
INV101669,1/7/2025 17:41,S005,C0080,Clothing,1,68.27,19.1,46.75,New,Card
INV105840,1/8/2025 0:15,S008,SH0009,Shoes,1,169.11,3.38,132.8,New,Cash
INV100288,1/8/2025 1:51,S016,SH0026,Shoes,6,145.68,0.51,109.88,Returning,Card
INV106362,1/8/2025 2:44,S020,A0048,Accessories,5,38.68,17.63,17.02,Returning,Cash
INV106625,1/8/2025 4:12,S017,C0058,Clothing,5,117.61,14.13,68,Returning,Digital
INV100189,1/8/2025 6:39,S013,A0053,Accessories,1,34.81,7.46,23.61,Returning,Digital
INV109264,1/8/2025 13:21,S020,A0017,Accessories,5,24.72,3.2,18.46,Returning,Card
INV102394,1/8/2025 14:37,S011,SH0040,Shoes,2,130.83,18.73,105.15,New,Digital
INV105332,1/8/2025 15:58,S009,C0077,Clothing,1,29.32,6.06,17.09,Returning,Digital
INV109555,1/8/2025 18:00,S006,A0020,Accessories,5,53.91,16.76,26.87,New,Digital
INV101292,1/8/2025 18:05,S008,SH0013,Shoes,6,118.81,6.46,70.15,New,Card
INV102124,1/8/2025 18:22,S015,C0018,Clothing,4,94.22,18.47,68.73,New,Cash
INV104124,1/8/2025 19:32,S009,C0083,Clothing,6,87.02,6.43,56.85,Returning,Cash
INV102245,1/8/2025 21:04,S012,SH0017,Shoes,2,151.08,7.05,105.02,Returning,Digital
INV108957,1/9/2025 4:49,S013,A0035,Accessories,1,21.29,6.68,9.49,New,Cash
INV108181,1/9/2025 6:51,S014,A0007,Accessories,4,32.54,3.61,13.54,Returning,Cash
INV103355,1/9/2025 10:44,S011,C0001,Clothing,1,90.86,19.99,72.22,New,Cash
INV107178,1/9/2025 11:05,S018,SH0029,Shoes,5,128.47,6.77,87.08,Returning,Card
INV103344,1/9/2025 14:40,S020,A0048,Accessories,4,57.8,18.67,28.77,New,Digital
INV103728,1/9/2025 14:55,S004,C0067,Clothing,5,89.49,18.37,51.24,New,Digital
INV103297,1/9/2025 20:06,S016,SH0001,Shoes,6,191.44,0.91,136.5,Returning,Digital
INV108139,1/9/2025 22:03,S014,C0087,Clothing,1,55.75,9.37,33.36,New,Digital
INV107799,1/10/2025 2:54,S003,A0026,Accessories,6,50.28,18.54,28.47,Returning,Cash
INV107624,1/10/2025 13:10,S015,A0018,Accessories,2,25.53,19.81,17.49,Returning,Card
INV109283,1/11/2025 4:03,S017,SH0004,Shoes,1,104.1,19.87,70.59,Returning,Cash
INV101487,1/11/2025 11:43,S016,A0010,Accessories,1,13.2,1.19,7.07,New,Digital
INV100051,1/11/2025 14:36,S007,SH0025,Shoes,3,93.82,3.64,65.51,Returning,Card
INV105243,1/11/2025 16:29,S008,C0069,Clothing,4,80,11.36,58.2,Returning,Digital
INV103884,1/11/2025 23:16,S008,C0040,Clothing,5,82.51,15.07,62.07,New,Card
INV109239,1/12/2025 1:26,S005,A0020,Accessories,5,57.52,2.94,27.9,New,Cash
INV106286,1/12/2025 7:09,S007,C0029,Clothing,1,86.5,3.06,44.6,New,Digital
INV106234,1/12/2025 8:25,S001,A0016,Accessories,1,13.42,5.2,9.19,New,Cash
INV107919,1/12/2025 13:43,S011,SH0038,Shoes,3,177.25,18.04,119.72,Returning,Card
INV100846,1/12/2025 18:47,S009,A0024,Accessories,4,24.44,12.77,10.54,Returning,Digital
INV100244,1/13/2025 4:00,S011,A0002,Accessories,6,26.31,17.54,13.71,New,Digital
INV101210,1/13/2025 7:52,S013,A0031,Accessories,3,29.05,9.98,21.18,New,Digital
INV107169,1/13/2025 9:56,S008,C0008,Clothing,2,37.29,10.01,23.35,New,Digital
INV109759,1/13/2025 12:27,S014,A0014,Accessories,3,64.74,5.48,47.89,New,Digital
INV102020,1/13/2025 18:48,S009,SH0010,Shoes,1,179.79,4.14,136.8,Returning,Card
INV100254,1/13/2025 20:18,S014,A0057,Accessories,3,48.55,7.66,20.46,New,Digital
INV104023,1/13/2025 23:32,S006,SH0003,Shoes,2,174.67,13.5,134.04,New,Digital
INV109591,1/14/2025 2:38,S014,C0014,Clothing,1,82.05,14.28,57.48,Returning,Cash
INV104439,1/14/2025 4:54,S020,A0056,Accessories,1,69.71,1.26,38.23,New,Digital
INV100504,1/14/2025 7:20,S001,SH0015,Shoes,2,182.69,18.28,132.91,Returning,Cash
INV101973,1/14/2025 9:09,S009,C0034,Clothing,3,70.19,6.05,50.73,New,Cash
INV104370,1/14/2025 9:43,S005,C0020,Clothing,5,76.04,1.37,43.24,New,Digital
INV107512,1/14/2025 10:05,S001,SH0014,Shoes,1,196.4,5.79,149.64,New,Digital
INV100754,1/14/2025 10:57,S016,C0006,Clothing,3,20.05,4.24,14,Returning,Digital
INV107305,1/14/2025 14:53,S016,A0001,Accessories,2,40,15.61,21.17,New,Card
INV106790,1/14/2025 15:59,S015,C0065,Clothing,1,87.85,1.95,66.5,New,Card
INV104501,1/14/2025 17:57,S019,SH0030,Shoes,6,170.67,4.34,142.55,New,Card
INV103882,1/14/2025 20:20,S017,C0013,Clothing,3,68.39,2.83,36.83,Returning,Digital
INV105197,1/14/2025 20:20,S020,C0092,Clothing,6,85.26,14.13,59.2,Returning,Digital
INV102771,1/14/2025 21:18,S009,A0025,Accessories,5,36.81,18.52,15.52,Returning,Digital
INV108762,1/14/2025 23:01,S003,SH0019,Shoes,6,193.67,0.66,115.21,New,Cash
INV100616,1/15/2025 3:20,S014,SH0013,Shoes,1,171.65,2.93,113.01,Returning,Cash
INV108556,1/15/2025 11:03,S009,SH0015,Shoes,1,138.29,2.13,110.05,Returning,Card
INV106951,1/15/2025 18:04,S011,A0012,Accessories,6,21.64,16.49,10.41,New,Digital
INV107136,1/15/2025 18:20,S020,C0014,Clothing,3,60.05,18.22,33.66,Returning,Card
INV107262,1/15/2025 19:51,S011,A0036,Accessories,1,48.9,19.43,20.61,Returning,Digital
INV102934,1/15/2025 20:39,S001,C0012,Clothing,2,97.59,18.61,74.46,New,Card
INV107500,1/15/2025 21:12,S015,SH0032,Shoes,5,93.72,5.51,53.7,Returning,Cash
INV100165,1/16/2025 0:16,S019,C0058,Clothing,3,95.38,11.65,74.99,New,Card
INV105544,1/16/2025 0:32,S016,C0031,Clothing,2,42.69,5.53,32.21,Returning,Card
INV102347,1/16/2025 2:32,S005,SH0029,Shoes,1,73.52,14.4,60.99,Returning,Digital
INV101308,1/16/2025 4:21,S007,C0038,Clothing,3,22.13,11.39,14.39,New,Cash
INV104843,1/16/2025 4:44,S001,SH0036,Shoes,6,121.48,15.61,76.29,Returning,Cash
INV103508,1/16/2025 5:57,S008,C0061,Clothing,2,56.16,12.2,36.58,New,Card
INV109453,1/16/2025 7:43,S013,A0059,Accessories,5,21.77,5.39,9.4,Returning,Digital
INV100029,1/16/2025 8:10,S015,SH0007,Shoes,4,101.21,4.45,56.84,Returning,Card
INV102522,1/16/2025 8:51,S017,SH0024,Shoes,1,108.78,5.12,91.1,Returning,Card
INV101042,1/16/2025 11:04,S005,A0009,Accessories,6,72.48,11.72,32.12,New,Card
INV105151,1/16/2025 11:32,S019,SH0001,Shoes,4,97.97,9.72,69.84,Returning,Digital
INV101424,1/16/2025 13:45,S013,C0013,Clothing,3,71.47,11.99,41.31,Returning,Cash
INV107908,1/16/2025 15:26,S006,C0089,Clothing,1,45.47,7.97,27.1,Returning,Cash
INV106168,1/17/2025 2:39,S017,SH0021,Shoes,5,113.08,3.18,92.82,Returning,Cash
INV106771,1/17/2025 4:22,S006,A0020,Accessories,5,65.85,9.67,40.47,Returning,Digital
INV108886,1/17/2025 6:47,S002,A0038,Accessories,6,75.84,2.75,32.32,Returning,Card
INV106284,1/17/2025 7:16,S008,C0099,Clothing,2,31.44,0.67,15.73,New,Cash
INV102255,1/17/2025 11:12,S017,A0032,Accessories,6,79.99,15.91,42.3,Returning,Cash
INV102482,1/17/2025 16:38,S010,C0020,Clothing,5,104.03,5.73,78.28,Returning,Digital
INV103826,1/17/2025 20:51,S010,A0031,Accessories,1,43.5,2.68,22.4,Returning,Cash
INV105769,1/17/2025 21:12,S014,C0051,Clothing,5,95.22,11.32,72.41,New,Cash
INV105625,1/18/2025 1:29,S015,A0015,Accessories,6,15.81,10.98,6.44,New,Card
INV107846,1/18/2025 1:47,S015,A0007,Accessories,6,64.27,3.43,36.12,Returning,Digital
INV109628,1/18/2025 6:15,S013,C0024,Clothing,3,38.56,9.07,28.9,Returning,Cash
INV108909,1/18/2025 13:17,S015,SH0032,Shoes,6,122.64,19.57,72.6,New,Card
INV102730,1/18/2025 14:20,S013,A0010,Accessories,1,39.47,13.49,28.78,Returning,Digital
INV106550,1/18/2025 14:56,S011,A0048,Accessories,5,36.34,18.53,25.2,Returning,Digital
INV109770,1/18/2025 16:58,S009,SH0024,Shoes,6,173.27,7.15,110.87,New,Card
INV109289,1/18/2025 17:07,S012,A0055,Accessories,4,16.15,8.57,8.76,New,Card
INV102272,1/18/2025 18:02,S004,SH0032,Shoes,2,143.23,6.73,88.64,Returning,Digital
INV104821,1/19/2025 5:53,S016,A0042,Accessories,6,76.64,18.04,36.82,New,Cash
INV102090,1/19/2025 9:15,S001,SH0028,Shoes,5,199.49,0.63,151.04,Returning,Card
INV106859,1/19/2025 10:59,S009,A0009,Accessories,4,24.97,11.4,17.25,New,Cash
INV109573,1/19/2025 13:39,S008,SH0027,Shoes,4,187.84,16.52,114.43,New,Digital
INV107597,1/19/2025 15:40,S003,C0026,Clothing,6,28.57,14.25,22.8,New,Card
INV102412,1/20/2025 2:01,S018,C0056,Clothing,1,59.1,0.61,39.84,Returning,Card
INV109371,1/20/2025 2:30,S017,A0018,Accessories,3,16.85,3.59,12.03,Returning,Card
INV103435,1/20/2025 7:12,S002,C0064,Clothing,2,117.6,14.45,64.41,Returning,Digital
INV107588,1/20/2025 7:38,S001,A0050,Accessories,1,73.3,14.82,45.78,Returning,Card
INV108646,1/20/2025 8:48,S012,SH0022,Shoes,1,172.11,12.41,111.42,Returning,Digital
INV107150,1/20/2025 10:21,S002,C0067,Clothing,6,108.89,1.03,86.8,Returning,Cash
INV101618,1/20/2025 11:33,S002,C0001,Clothing,5,75.63,3.8,50.06,Returning,Card
INV101068,1/20/2025 15:05,S011,A0026,Accessories,6,24.04,12.66,12.57,Returning,Cash
INV102990,1/20/2025 17:51,S006,SH0023,Shoes,3,156.39,1.52,121.2,Returning,Digital
INV101808,1/20/2025 18:58,S007,SH0010,Shoes,1,184.2,6.57,137.45,Returning,Cash
INV107099,1/20/2025 22:02,S019,C0076,Clothing,6,53.02,15.97,38.93,Returning,Card
INV108799,1/20/2025 22:10,S014,C0043,Clothing,3,23.73,1.68,15.21,Returning,Card
INV100481,1/21/2025 9:29,S011,C0082,Clothing,4,65.34,13.84,52.18,Returning,Cash
INV107152,1/21/2025 11:33,S010,C0037,Clothing,2,42.99,3.85,33.38,Returning,Digital
INV104266,1/21/2025 14:13,S003,SH0026,Shoes,3,157.45,14.98,118.93,New,Card
INV103309,1/22/2025 5:58,S006,C0087,Clothing,1,109.59,12.18,78.55,New,Card
INV107066,1/22/2025 6:39,S017,A0011,Accessories,6,70.33,18.97,46.43,Returning,Card
INV104750,1/22/2025 9:07,S003,C0087,Clothing,1,39.2,17.23,26.09,New,Cash
INV100407,1/22/2025 11:28,S005,A0001,Accessories,5,60.84,0.33,45.27,Returning,Cash
INV101229,1/22/2025 12:16,S001,SH0015,Shoes,4,46.49,4.78,38.85,Returning,Cash
INV100077,1/22/2025 14:16,S012,C0060,Clothing,2,110.12,1.48,77.45,Returning,Digital
INV103625,1/22/2025 16:10,S013,C0004,Clothing,1,98.99,7.11,66.99,Returning,Cash
INV106743,1/22/2025 17:49,S003,SH0012,Shoes,1,126.23,15.78,76.48,Returning,Digital
INV104422,1/23/2025 0:05,S012,SH0016,Shoes,5,173.55,3.23,135.58,New,Digital
INV105308,1/23/2025 9:17,S019,A0047,Accessories,2,76.53,7.55,34.99,Returning,Cash
INV107416,1/23/2025 9:23,S016,SH0011,Shoes,3,96.35,3.43,71.66,Returning,Cash
INV105873,1/23/2025 10:47,S012,SH0008,Shoes,5,80.17,18.67,51.45,New,Cash
INV102877,1/23/2025 11:53,S010,A0028,Accessories,5,18.54,14.49,8.38,New,Card
INV106469,1/23/2025 13:36,S018,C0037,Clothing,2,119.2,19.86,66.38,New,Card
INV105834,1/23/2025 20:43,S001,A0042,Accessories,6,28.46,17.37,16.33,New,Cash
INV103835,1/23/2025 21:11,S018,C0040,Clothing,1,63.92,7.02,40.88,Returning,Cash
INV105045,1/23/2025 23:22,S005,SH0009,Shoes,3,179.56,13.82,114.04,New,Card
INV108234,1/23/2025 23:30,S002,A0040,Accessories,4,45.68,3.21,23.87,Returning,Cash
INV109228,1/24/2025 2:36,S002,SH0037,Shoes,5,54.3,17.26,45.16,Returning,Digital
INV102680,1/24/2025 7:47,S009,A0032,Accessories,5,62.09,10.05,31.91,Returning,Card
INV105071,1/24/2025 11:26,S018,SH0001,Shoes,6,177.59,12.71,133.04,Returning,Digital
INV107422,1/24/2025 12:45,S001,A0038,Accessories,5,37.69,2.4,19.04,Returning,Cash
INV108796,1/24/2025 17:27,S006,SH0028,Shoes,5,128.54,18.44,107.89,New,Card
INV104493,1/24/2025 18:15,S017,A0033,Accessories,4,17.42,10.34,7.87,New,Cash
INV108507,1/25/2025 0:21,S002,SH0039,Shoes,3,61.82,6.26,37.14,New,Card
INV100892,1/25/2025 0:43,S017,A0035,Accessories,3,60.28,2.18,36.78,Returning,Cash
INV101030,1/25/2025 4:20,S019,SH0024,Shoes,1,193.1,9.56,144.93,New,Cash
INV109225,1/25/2025 4:35,S012,A0053,Accessories,2,47.38,11.12,26.1,New,Cash
INV103096,1/25/2025 6:38,S001,SH0018,Shoes,3,64.7,14.75,49.78,New,Cash
INV102395,1/25/2025 8:19,S018,SH0018,Shoes,6,161.62,12.6,100.93,Returning,Digital
INV102710,1/25/2025 14:41,S014,C0099,Clothing,4,88.42,11.99,48.63,Returning,Cash
INV108434,1/25/2025 15:09,S009,SH0022,Shoes,5,195.14,12.86,143.72,New,Card
INV103372,1/25/2025 15:50,S006,A0059,Accessories,1,53.16,8.86,22.23,Returning,Digital
INV103547,1/25/2025 17:31,S013,C0030,Clothing,2,58.35,5.69,40.97,Returning,Cash
INV106037,1/25/2025 19:24,S019,A0009,Accessories,1,78.19,16.47,35.46,Returning,Digital
INV101587,1/25/2025 19:44,S020,C0051,Clothing,2,62.71,18.95,43.73,Returning,Card
INV102743,1/25/2025 23:19,S012,A0023,Accessories,3,59.29,18.56,40.35,New,Digital
INV105978,1/26/2025 4:26,S013,A0041,Accessories,2,64.82,1.37,36.54,New,Card
INV105547,1/26/2025 6:18,S008,SH0006,Shoes,6,110.25,1,89.79,Returning,Card
INV101559,1/26/2025 8:37,S017,A0015,Accessories,4,50.24,5.28,24.84,New,Cash
INV100418,1/26/2025 17:30,S017,SH0010,Shoes,4,151.21,11.66,113.48,New,Card
INV101209,1/26/2025 18:35,S019,SH0022,Shoes,2,141.04,13.36,91.39,Returning,Digital
INV100529,1/26/2025 20:43,S006,SH0008,Shoes,1,99.71,16.91,76.77,New,Cash
INV100830,1/27/2025 1:07,S006,A0005,Accessories,4,28.46,5.4,18.24,New,Digital
INV100238,1/27/2025 5:23,S014,SH0018,Shoes,1,157.27,6.7,92.07,Returning,Digital
INV106991,1/27/2025 5:29,S011,A0056,Accessories,5,74.38,15.23,52.67,New,Card
INV102863,1/27/2025 12:09,S007,A0057,Accessories,3,37.02,12.1,23.39,Returning,Cash
INV103649,1/27/2025 17:16,S009,A0013,Accessories,3,52.97,12.58,21.96,Returning,Cash
INV106126,1/28/2025 1:25,S003,C0007,Clothing,6,34.56,6.06,21.11,Returning,Cash
INV100472,1/28/2025 1:40,S020,SH0011,Shoes,3,131.66,16.18,98.34,New,Card
INV104700,1/28/2025 1:55,S006,A0042,Accessories,3,28.92,1.91,16.57,Returning,Card
INV103203,1/28/2025 8:31,S014,C0076,Clothing,6,41.21,10.96,27.17,Returning,Cash
INV106843,1/28/2025 12:35,S020,A0042,Accessories,3,60.5,9.5,41.68,Returning,Digital
INV100731,1/28/2025 12:41,S005,C0052,Clothing,6,65.61,8.51,51.4,New,Cash
INV107965,1/28/2025 15:53,S016,C0047,Clothing,5,105.11,4.86,53.87,New,Cash
INV102766,1/28/2025 19:12,S017,A0054,Accessories,1,50.92,2.14,22.41,New,Digital
INV105094,1/28/2025 20:01,S012,C0057,Clothing,2,76.01,1.08,53.5,New,Cash
INV105906,1/28/2025 22:11,S001,SH0038,Shoes,6,43.41,13.5,33.53,New,Digital
INV109001,1/28/2025 23:19,S014,C0097,Clothing,2,47.6,4.69,34.55,Returning,Card
INV100665,1/29/2025 0:49,S001,A0053,Accessories,4,34.26,16.44,25.66,Returning,Digital
INV109936,1/29/2025 12:39,S005,A0045,Accessories,6,27.54,18.93,12.25,Returning,Cash
INV109474,1/29/2025 18:48,S004,A0026,Accessories,4,73.11,9.55,36,New,Card
INV104691,1/29/2025 20:25,S008,SH0001,Shoes,4,70.79,17.49,49.93,Returning,Cash
INV109916,1/29/2025 22:16,S001,A0003,Accessories,5,68.6,4.25,34.39,Returning,Cash
INV105444,1/29/2025 23:22,S008,C0067,Clothing,4,83.36,7.68,57,Returning,Cash
INV105316,1/30/2025 0:35,S003,SH0034,Shoes,3,89.84,13.14,64.98,New,Card
INV104808,1/30/2025 1:43,S005,SH0030,Shoes,3,44.13,6,35.03,New,Digital
INV103247,1/30/2025 3:23,S005,A0017,Accessories,6,29.88,10,15.56,Returning,Digital
INV109955,1/30/2025 8:28,S008,A0007,Accessories,1,53.74,9.95,25.43,Returning,Digital
INV105207,1/30/2025 16:07,S018,C0053,Clothing,6,21.31,14.97,12.78,New,Digital
INV107034,1/30/2025 16:54,S019,A0028,Accessories,1,37.7,18.54,27.04,Returning,Card
INV107824,1/30/2025 17:44,S003,SH0013,Shoes,2,199.05,11.61,145.46,New,Digital
INV101397,1/30/2025 18:15,S009,SH0005,Shoes,6,171.29,17.16,123.14,New,Card
INV104972,1/30/2025 20:31,S008,C0016,Clothing,5,111.18,6.79,61.51,New,Card
INV105242,1/30/2025 21:37,S002,SH0032,Shoes,3,97.63,15.64,74.45,New,Card
INV101920,1/31/2025 1:19,S016,SH0035,Shoes,3,73.48,1.28,61.84,New,Digital
INV102634,1/31/2025 7:00,S019,C0002,Clothing,3,100.53,7.11,52.73,Returning,Card
INV105171,1/31/2025 13:14,S018,A0047,Accessories,5,17.31,8.04,11.76,New,Card
INV102242,1/31/2025 20:50,S016,C0082,Clothing,4,103.53,10.74,58.68,New,Card
INV103735,1/31/2025 23:47,S005,SH0020,Shoes,1,125.76,12.67,75.56,New,Card
INV108171,2/1/2025 4:03,S018,C0007,Clothing,5,80.48,10.78,40.28,Returning,Digital
INV107001,2/1/2025 5:27,S009,A0016,Accessories,5,22.03,3.75,12.6,Returning,Card
INV101402,2/1/2025 5:56,S018,SH0009,Shoes,5,44.21,9.21,30.51,New,Cash
INV101814,2/1/2025 8:17,S011,A0052,Accessories,2,51.64,12.84,32.05,Returning,Cash
INV108643,2/1/2025 12:27,S008,A0051,Accessories,1,57.88,10.78,33.41,Returning,Digital
INV100580,2/1/2025 16:20,S015,C0041,Clothing,2,93.69,11.11,60.65,New,Cash
INV101702,2/1/2025 17:45,S009,C0064,Clothing,3,93.54,4.49,58.98,Returning,Card
INV101865,2/1/2025 23:47,S011,C0013,Clothing,4,88,11.67,52.44,Returning,Cash
INV100743,2/2/2025 6:00,S002,SH0037,Shoes,6,102.98,10.31,85.16,Returning,Digital
INV101048,2/3/2025 3:49,S013,SH0032,Shoes,4,129.71,12.13,103.93,New,Digital
INV101748,2/3/2025 5:43,S003,A0032,Accessories,5,68.02,0.51,28.65,Returning,Card
INV108302,2/3/2025 8:38,S003,SH0024,Shoes,5,46.29,3.73,38.05,New,Digital
INV106931,2/3/2025 10:12,S010,SH0034,Shoes,1,78.92,12.43,47,New,Cash
INV105471,2/3/2025 13:51,S004,SH0040,Shoes,4,114.91,16.44,84.89,New,Digital
INV105971,2/3/2025 21:08,S013,A0004,Accessories,6,73.1,10.14,48,Returning,Card
INV109290,2/4/2025 1:38,S010,A0029,Accessories,4,42.32,2.47,28.57,New,Cash
INV106343,2/4/2025 6:03,S006,A0019,Accessories,5,75.54,16.73,55.04,New,Digital
INV102570,2/4/2025 6:12,S009,C0088,Clothing,5,32.38,4.21,22.28,Returning,Card
INV107296,2/4/2025 9:04,S008,C0081,Clothing,5,27.94,9.65,16,New,Cash
INV107056,2/5/2025 6:20,S008,A0044,Accessories,1,54.21,10.75,37.62,New,Digital
INV104375,2/5/2025 9:24,S002,C0011,Clothing,3,34.23,15.93,22.56,New,Card
INV106635,2/5/2025 10:51,S016,C0025,Clothing,2,82.63,16.56,52.01,New,Cash
INV101763,2/5/2025 20:05,S006,C0058,Clothing,1,54.19,11.72,43.12,Returning,Card
INV107182,2/6/2025 0:09,S011,SH0008,Shoes,5,177.31,9.68,123.21,New,Digital
INV103488,2/6/2025 3:07,S007,SH0037,Shoes,4,142.37,12.18,107.39,New,Digital
INV107071,2/6/2025 3:33,S018,A0002,Accessories,6,46.58,7.97,20.48,Returning,Digital
INV104265,2/6/2025 6:04,S012,A0011,Accessories,6,73.96,13.88,31.12,New,Card
INV101761,2/6/2025 8:05,S020,SH0004,Shoes,5,111.09,7.86,72.21,New,Cash
INV104739,2/6/2025 8:09,S016,C0063,Clothing,3,49.16,1.84,28.51,Returning,Digital
INV109008,2/6/2025 9:21,S013,SH0038,Shoes,3,93.65,11.58,69.94,Returning,Digital
INV107356,2/6/2025 13:21,S001,C0020,Clothing,2,49.27,0.52,24.99,New,Cash
INV109581,2/6/2025 14:41,S019,C0037,Clothing,6,101.33,6.16,59.34,New,Digital
INV102678,2/6/2025 16:12,S014,C0030,Clothing,3,45.43,9.25,34.18,Returning,Digital
INV104221,2/6/2025 16:54,S006,SH0007,Shoes,3,124.24,7.7,82.95,New,Card
INV101889,2/6/2025 18:49,S015,A0013,Accessories,1,71.85,17.13,42.36,New,Cash
INV100732,2/6/2025 20:44,S014,C0092,Clothing,5,57.21,12.1,39.89,New,Card
INV108853,2/6/2025 21:44,S018,A0021,Accessories,6,44.69,6.29,20.68,Returning,Card
INV109726,2/6/2025 23:09,S016,A0021,Accessories,5,45.75,2.21,29.41,New,Card
INV107427,2/6/2025 23:56,S009,SH0008,Shoes,4,87.06,0.28,53.1,New,Cash
INV101879,2/7/2025 0:43,S014,A0031,Accessories,2,64.71,8.56,34.19,New,Card
INV101319,2/7/2025 0:57,S015,A0029,Accessories,1,51.92,14.29,27.87,New,Digital
INV100923,2/7/2025 2:04,S005,SH0027,Shoes,5,43.22,12.1,33.4,New,Digital
INV107050,2/7/2025 3:01,S003,C0013,Clothing,4,61.29,19.91,41.4,New,Digital
INV104689,2/7/2025 5:51,S005,A0016,Accessories,5,33.63,17.06,21.55,Returning,Digital
INV106778,2/7/2025 9:26,S010,C0035,Clothing,2,37.42,7.02,26.21,Returning,Cash
INV109830,2/7/2025 13:08,S005,SH0032,Shoes,6,102.66,3.73,84.89,New,Card
INV102739,2/7/2025 14:03,S008,C0044,Clothing,2,90.38,11.04,68.88,New,Digital
INV104859,2/7/2025 15:27,S005,A0047,Accessories,3,30.79,2.17,15.52,Returning,Card
INV102833,2/7/2025 19:37,S012,SH0020,Shoes,2,194.8,2.67,117.83,Returning,Digital
INV107042,2/7/2025 20:44,S017,SH0004,Shoes,1,118.99,18.89,71.94,New,Cash
INV103985,2/7/2025 21:04,S015,C0078,Clothing,3,85.55,18.2,47.63,New,Digital
INV106641,2/8/2025 1:26,S004,A0009,Accessories,4,15.42,8.61,9.75,Returning,Digital
INV100054,2/8/2025 9:16,S006,C0093,Clothing,5,39.26,19.02,21.04,New,Cash
INV100774,2/8/2025 15:42,S005,A0052,Accessories,1,73.49,17.23,49.94,New,Card
INV105161,2/8/2025 17:32,S003,A0035,Accessories,4,56.04,14.4,36.4,New,Card
INV100997,2/8/2025 17:34,S017,SH0035,Shoes,1,179.62,8.93,151.08,New,Cash
INV105156,2/8/2025 17:54,S007,A0018,Accessories,5,32.71,16.34,17.91,New,Card
INV104624,2/8/2025 18:11,S005,C0069,Clothing,4,42.39,0.68,25.37,New,Digital
INV101179,2/8/2025 18:29,S018,A0010,Accessories,1,27.83,19.33,11.83,Returning,Cash
INV105985,2/8/2025 18:39,S005,A0002,Accessories,6,46.63,9.04,32.72,Returning,Digital
INV101664,2/8/2025 23:49,S003,C0026,Clothing,5,50.51,15.2,28.41,Returning,Cash
INV104204,2/9/2025 0:38,S015,C0070,Clothing,3,114.38,19.8,85.67,New,Digital
INV108981,2/9/2025 5:16,S011,SH0004,Shoes,3,90.35,1.27,71.16,New,Card
INV101187,2/9/2025 6:56,S017,A0028,Accessories,3,65.27,0.41,38.08,Returning,Card
INV108389,2/9/2025 7:06,S009,SH0018,Shoes,4,135.21,15.73,113.52,Returning,Card
INV105347,2/9/2025 13:45,S019,SH0026,Shoes,1,40.6,8.33,33.09,New,Cash
INV102241,2/9/2025 14:28,S012,A0025,Accessories,1,64.61,9.63,39.01,Returning,Card
INV102954,2/9/2025 17:22,S003,A0037,Accessories,4,40.49,19.04,23.43,New,Card
INV100975,2/10/2025 0:26,S011,C0054,Clothing,4,85.72,11.98,49.93,New,Cash
INV109647,2/10/2025 0:49,S006,A0004,Accessories,4,27.9,10.68,18.27,New,Card
INV105007,2/10/2025 5:01,S002,A0049,Accessories,6,53.11,12.27,34.13,Returning,Digital
INV105099,2/10/2025 6:58,S010,SH0013,Shoes,2,91.4,14.77,53.05,Returning,Cash
INV104794,2/10/2025 7:36,S019,SH0004,Shoes,1,160.53,19.75,98.92,New,Cash
INV108422,2/10/2025 11:58,S010,A0044,Accessories,2,43.66,3.41,31.87,New,Cash
INV101433,2/10/2025 14:08,S004,A0051,Accessories,4,28.42,1.52,13,New,Cash
INV100226,2/11/2025 2:41,S010,A0006,Accessories,2,36.03,1.04,25.81,New,Card
INV108945,2/11/2025 3:47,S003,A0023,Accessories,6,19.13,13.25,11.83,Returning,Cash
INV106280,2/11/2025 4:02,S006,SH0029,Shoes,5,180.45,18.04,149.27,Returning,Cash
INV104560,2/11/2025 4:12,S018,SH0004,Shoes,3,69.78,6.44,39.8,New,Card
INV104952,2/11/2025 10:32,S008,SH0021,Shoes,4,81.39,4.16,65.26,New,Cash
INV101253,2/11/2025 13:03,S017,C0056,Clothing,1,66.36,14.97,34.4,Returning,Cash
INV109393,2/11/2025 14:01,S020,C0030,Clothing,2,34.66,12.7,27.32,New,Card
INV108359,2/11/2025 15:21,S009,SH0002,Shoes,2,40.82,12.19,33.56,Returning,Card
INV101230,2/11/2025 17:52,S010,SH0027,Shoes,6,42.61,15.89,34.54,New,Card
INV104148,2/12/2025 1:39,S004,C0043,Clothing,4,93.71,14.72,61.22,Returning,Cash
INV106585,2/12/2025 6:02,S010,SH0019,Shoes,4,79.5,8.4,61.57,Returning,Digital
INV106270,2/12/2025 7:40,S017,SH0018,Shoes,2,50.21,7.16,33.22,New,Digital
INV104784,2/12/2025 11:26,S007,SH0039,Shoes,4,64.03,8.59,42.35,New,Card
INV107838,2/12/2025 12:45,S014,A0031,Accessories,6,32.56,17.02,17.53,New,Cash
INV104311,2/12/2025 15:06,S006,C0022,Clothing,1,88.46,15.52,60.68,New,Card
INV107214,2/12/2025 15:40,S019,C0057,Clothing,2,36.73,1.22,28.99,New,Cash
INV105917,2/12/2025 17:31,S010,SH0002,Shoes,5,97.18,16.99,70.2,New,Digital
INV100110,2/12/2025 18:03,S010,SH0005,Shoes,1,89.67,7.37,61.48,New,Digital
INV103607,2/12/2025 22:20,S011,A0039,Accessories,1,52.76,9.51,21.67,Returning,Card
INV104015,2/13/2025 3:13,S018,A0053,Accessories,3,17.04,15.76,11.69,New,Card
INV106146,2/13/2025 9:45,S004,SH0040,Shoes,4,69.36,10.29,39.39,New,Card
INV101502,2/13/2025 10:56,S016,C0085,Clothing,2,29.6,14.45,19.36,New,Cash
INV101392,2/13/2025 15:19,S006,A0012,Accessories,1,17.99,11.3,8.43,Returning,Digital
INV108655,2/13/2025 17:13,S006,SH0030,Shoes,1,196.09,0.63,140.1,Returning,Card
INV109145,2/13/2025 19:38,S009,C0017,Clothing,6,88.98,2.62,59.6,New,Card
INV100482,2/14/2025 1:24,S016,A0004,Accessories,2,28.08,8.81,19.22,New,Digital
INV106551,2/14/2025 3:23,S006,SH0028,Shoes,2,59.21,11.19,37.2,New,Card
INV101904,2/14/2025 3:36,S012,C0032,Clothing,4,84.67,0.62,47.92,Returning,Digital
INV104688,2/14/2025 9:12,S011,SH0032,Shoes,5,56.45,5.12,42.61,Returning,Digital
INV103818,2/14/2025 10:04,S009,SH0034,Shoes,6,63.83,5.03,54.1,New,Digital
INV104565,2/14/2025 11:14,S001,A0024,Accessories,2,71.19,11.39,29.64,New,Digital
INV109896,2/14/2025 16:33,S015,SH0020,Shoes,4,195.11,12.3,134.1,New,Digital
INV102758,2/14/2025 17:31,S019,A0033,Accessories,2,18.67,8.06,8.69,New,Card
INV103623,2/14/2025 18:31,S008,C0100,Clothing,3,51.28,19.28,31.7,Returning,Digital
INV103587,2/14/2025 22:04,S006,C0072,Clothing,3,108.74,8.75,54.4,New,Digital
INV100055,2/14/2025 23:37,S012,SH0039,Shoes,2,85.28,5.92,49.48,New,Card
INV100003,2/15/2025 4:13,S002,A0007,Accessories,3,16.49,12.07,7.15,Returning,Digital
INV101225,2/15/2025 6:46,S020,A0003,Accessories,6,63.96,6.86,39.72,Returning,Card
INV102170,2/15/2025 10:48,S008,C0083,Clothing,6,53.51,11.53,33.32,Returning,Card
INV102374,2/15/2025 19:01,S019,C0035,Clothing,3,48.66,6.68,25.59,Returning,Card
INV101662,2/15/2025 19:32,S008,A0056,Accessories,1,32.39,17.11,23.85,Returning,Digital
INV102875,2/15/2025 23:37,S018,SH0032,Shoes,3,198.69,3.94,162.43,Returning,Cash
INV108989,2/16/2025 4:47,S013,C0095,Clothing,5,82.01,11.69,48.85,Returning,Digital
INV101417,2/16/2025 9:31,S007,A0008,Accessories,6,53.14,0.63,29.23,Returning,Card
INV100981,2/16/2025 10:49,S011,SH0007,Shoes,6,146.28,15.24,110.6,Returning,Cash
INV109404,2/16/2025 15:02,S006,C0042,Clothing,6,79.05,18.82,40.69,Returning,Digital
INV109169,2/16/2025 15:22,S013,A0048,Accessories,6,65.38,13.59,28.37,New,Card
INV104117,2/16/2025 17:57,S014,C0043,Clothing,4,63.32,4.26,45.37,Returning,Cash
INV106361,2/16/2025 20:03,S005,SH0002,Shoes,2,95.93,0.55,61.12,New,Card
INV107604,2/16/2025 20:22,S008,C0074,Clothing,5,76.31,11.47,39.89,New,Digital
INV100015,2/16/2025 21:31,S016,SH0009,Shoes,5,155.74,9.45,126.88,Returning,Cash
INV100910,2/16/2025 23:42,S006,A0052,Accessories,6,15.53,1.49,10.52,Returning,Card
INV109880,2/17/2025 5:04,S002,C0070,Clothing,5,119.79,5.11,72.03,Returning,Cash
INV101905,2/17/2025 5:29,S001,A0019,Accessories,4,74.97,3.85,35.49,Returning,Card
INV104450,2/17/2025 7:33,S006,A0046,Accessories,1,11.81,11.52,7.25,New,Card
INV101353,2/17/2025 9:55,S009,C0064,Clothing,6,90.61,17.86,59.17,Returning,Digital
INV107532,2/17/2025 12:14,S007,SH0035,Shoes,4,76.72,13.11,54.77,New,Cash
INV106452,2/17/2025 13:52,S005,SH0007,Shoes,4,115.73,16.46,81.31,Returning,Cash
INV102266,2/17/2025 15:05,S017,A0043,Accessories,1,19.42,5.22,7.96,New,Cash
INV105028,2/17/2025 16:35,S006,SH0020,Shoes,5,106.61,17.6,72.69,New,Cash
INV108040,2/17/2025 19:11,S017,C0089,Clothing,5,48.36,5.78,29.36,Returning,Digital
INV104695,2/17/2025 20:48,S020,A0056,Accessories,5,33.72,18.41,17.92,New,Digital
INV106853,2/18/2025 0:26,S016,C0095,Clothing,5,105.3,3.56,80.35,New,Digital
INV109101,2/18/2025 3:42,S008,C0015,Clothing,1,116.33,1.36,69.96,New,Card
INV107338,2/18/2025 8:51,S007,SH0025,Shoes,1,144.49,8.12,84.07,New,Digital
INV100832,2/18/2025 10:49,S018,A0015,Accessories,6,16.43,1.66,10.98,New,Digital
INV104043,2/18/2025 11:56,S019,SH0004,Shoes,5,129.08,11.28,84.42,New,Digital
INV103931,2/18/2025 15:55,S003,SH0010,Shoes,2,129.65,9.05,80.44,Returning,Cash
INV109336,2/18/2025 20:15,S007,C0014,Clothing,6,73.1,15.6,40.45,New,Digital
INV101970,2/19/2025 1:52,S016,SH0017,Shoes,1,54.18,17.3,30.81,New,Cash
INV103630,2/19/2025 2:00,S006,C0069,Clothing,4,50.69,17.75,35.02,Returning,Card
INV106264,2/19/2025 2:53,S012,SH0014,Shoes,1,155.19,13.13,128.4,Returning,Card
INV102738,2/19/2025 3:25,S004,A0015,Accessories,6,41.56,12.94,23.15,Returning,Cash
INV109056,2/19/2025 7:00,S011,C0082,Clothing,3,95.34,18.58,70.07,New,Card
INV107995,2/19/2025 9:14,S001,C0082,Clothing,1,37.25,14.54,18.86,New,Digital
INV106740,2/19/2025 13:11,S014,SH0039,Shoes,5,133.18,8.54,96.61,New,Cash
INV100750,2/19/2025 15:05,S004,A0016,Accessories,2,53.23,4.99,34.88,Returning,Digital
INV108927,2/19/2025 20:36,S007,A0054,Accessories,1,41.77,1.64,27.39,New,Cash
INV101494,2/19/2025 21:21,S018,A0022,Accessories,5,62.8,15.8,47.01,Returning,Card
INV103974,2/20/2025 0:31,S009,C0036,Clothing,3,115.06,14.53,71.62,New,Digital
INV107458,2/20/2025 3:04,S019,A0049,Accessories,4,59.45,5,35.54,Returning,Digital
INV101129,2/20/2025 7:50,S010,A0045,Accessories,3,67.3,4.08,27.18,New,Cash
INV104890,2/20/2025 8:03,S006,C0020,Clothing,4,31.79,16.27,21.51,Returning,Digital
INV103978,2/20/2025 9:08,S018,A0015,Accessories,2,23.69,15.54,16.3,Returning,Digital
INV101860,2/20/2025 10:25,S020,C0022,Clothing,2,79.71,2.47,56.26,Returning,Cash
INV109122,2/20/2025 10:49,S010,C0084,Clothing,2,100,19.32,63.59,New,Cash
INV106134,2/20/2025 12:09,S003,SH0023,Shoes,4,46.92,8.71,32.11,New,Digital
INV108121,2/20/2025 14:56,S011,SH0026,Shoes,1,156.93,10.48,125.51,Returning,Digital
INV102967,2/21/2025 8:17,S007,A0052,Accessories,6,60.16,18.87,39.65,Returning,Card
INV104605,2/21/2025 9:58,S010,C0057,Clothing,5,71.87,16.73,46.59,Returning,Card
INV100103,2/21/2025 21:43,S002,A0034,Accessories,4,56.7,19.69,23.58,New,Cash
INV103502,2/22/2025 0:02,S003,C0026,Clothing,5,28.35,17.3,14.72,Returning,Card
INV102154,2/22/2025 3:19,S015,A0013,Accessories,1,53.47,17.95,32.99,New,Card
INV105185,2/22/2025 6:43,S006,SH0033,Shoes,6,49.62,9.23,29.12,Returning,Digital
INV106785,2/22/2025 8:53,S002,SH0030,Shoes,6,85.87,15.74,62.53,Returning,Cash
INV105672,2/22/2025 13:10,S004,SH0032,Shoes,2,77.11,2.78,55.14,Returning,Card
INV101183,2/22/2025 13:15,S008,C0080,Clothing,5,80.37,7.07,58.31,New,Cash
INV103489,2/22/2025 13:28,S014,SH0040,Shoes,4,101.96,5.42,57.57,New,Cash
INV103761,2/22/2025 14:46,S012,A0011,Accessories,5,62.02,4.99,26.93,Returning,Card
INV106125,2/22/2025 15:06,S002,A0036,Accessories,4,55.08,9.15,23.16,Returning,Digital
INV102057,2/22/2025 15:42,S003,A0004,Accessories,6,63.36,11.73,32.76,Returning,Cash
INV107557,2/22/2025 17:42,S004,C0066,Clothing,4,115.21,1.21,83.27,New,Card
INV100806,2/22/2025 21:44,S004,A0041,Accessories,1,29.83,19.91,18.41,New,Digital
INV108435,2/23/2025 1:02,S001,SH0031,Shoes,4,149.5,6.01,109.6,Returning,Card
INV105177,2/23/2025 1:53,S016,A0010,Accessories,6,14.75,11.94,5.92,Returning,Card
INV108852,2/23/2025 12:18,S014,A0014,Accessories,2,52.96,0.21,32.73,New,Cash
INV102582,2/23/2025 13:23,S002,SH0024,Shoes,5,71.74,9.81,49.57,New,Cash
INV104356,2/23/2025 13:50,S010,SH0022,Shoes,3,148.28,7.89,101.08,Returning,Cash
INV102617,2/23/2025 15:08,S017,SH0026,Shoes,6,59.75,14.24,50.59,Returning,Digital
INV101902,2/23/2025 17:27,S017,A0040,Accessories,6,35.57,6.18,26.04,Returning,Digital
INV104619,2/23/2025 21:49,S019,A0060,Accessories,6,32.04,0.27,12.95,Returning,Digital
INV103718,2/24/2025 3:44,S007,A0024,Accessories,4,12.47,4.24,7.9,Returning,Cash
INV109495,2/24/2025 8:12,S018,A0005,Accessories,3,78.32,19.26,33.92,Returning,Card
INV100793,2/24/2025 12:26,S012,SH0009,Shoes,5,110.53,19.04,77.78,New,Digital
INV106722,2/24/2025 16:56,S005,C0090,Clothing,6,70.76,2.74,50.41,New,Card
INV107835,2/24/2025 22:17,S011,SH0036,Shoes,1,186.87,19.98,114.61,New,Card
INV103066,2/24/2025 23:26,S020,C0084,Clothing,5,56.83,0.18,39.68,New,Digital
INV108332,2/24/2025 23:34,S018,SH0032,Shoes,3,184.24,11.35,144.92,Returning,Card
INV109826,2/25/2025 2:05,S017,C0077,Clothing,5,98.47,19.97,73.22,New,Digital
INV103283,2/25/2025 2:42,S005,SH0003,Shoes,3,98.75,3.83,56.84,Returning,Digital
INV103624,2/25/2025 3:08,S003,SH0030,Shoes,5,100.85,13.04,56.93,New,Digital
INV101254,2/25/2025 4:18,S015,C0055,Clothing,5,96.91,1.31,62.21,Returning,Card
INV106012,2/25/2025 9:52,S011,SH0016,Shoes,2,75.13,13.32,59.66,Returning,Cash
INV104109,2/25/2025 10:22,S001,A0002,Accessories,2,60.97,2.44,44.4,New,Card
INV101485,2/25/2025 21:39,S009,A0050,Accessories,5,60.5,2.37,28.5,Returning,Cash
INV101076,2/25/2025 21:44,S019,SH0003,Shoes,5,70.09,14.96,40.42,New,Digital
INV102845,2/25/2025 21:46,S005,SH0010,Shoes,2,110.31,2.65,64.19,Returning,Cash
INV109426,2/25/2025 22:51,S005,SH0005,Shoes,4,58.97,17.9,43.28,New,Cash
INV103741,2/26/2025 0:19,S001,A0057,Accessories,4,73.63,16.15,30.13,Returning,Card
INV104286,2/26/2025 2:09,S015,SH0005,Shoes,3,91.75,5.23,51.59,New,Cash
INV106487,2/26/2025 4:53,S016,C0096,Clothing,5,106.2,12.79,64.89,New,Digital
INV107350,2/26/2025 13:36,S007,A0023,Accessories,3,67.88,9.28,32.82,Returning,Card
INV103712,2/26/2025 14:24,S020,C0088,Clothing,2,73.14,13.39,43.88,New,Digital
INV106260,2/26/2025 15:14,S017,C0002,Clothing,1,79.34,17.4,59.3,New,Card
INV106347,2/26/2025 16:01,S010,SH0002,Shoes,1,51.86,16.38,43.95,Returning,Card
INV108208,2/26/2025 19:53,S017,SH0026,Shoes,3,89.69,10.44,59.53,Returning,Digital
INV103906,2/26/2025 20:34,S009,A0021,Accessories,3,20.92,18.25,13.13,New,Card
INV106577,2/27/2025 1:24,S010,A0052,Accessories,4,67.08,0.67,39.34,New,Digital
INV105226,2/27/2025 2:31,S016,C0029,Clothing,1,89.95,2.32,56.17,Returning,Card
INV104094,2/27/2025 4:31,S011,A0050,Accessories,4,51.58,13.77,35.06,Returning,Digital
INV106291,2/27/2025 10:14,S020,A0004,Accessories,5,15.26,5.33,7.1,New,Digital
INV101851,2/27/2025 12:47,S016,SH0037,Shoes,3,94.23,8.42,58.72,Returning,Card
INV103379,2/27/2025 18:10,S006,C0010,Clothing,5,102.71,17.06,81.54,Returning,Cash
INV105846,2/27/2025 23:58,S001,SH0022,Shoes,2,100.06,11.92,60.73,Returning,Digital
INV105964,2/28/2025 5:52,S019,SH0017,Shoes,5,144.84,6.34,112.29,New,Card
INV105317,2/28/2025 10:47,S005,A0020,Accessories,6,25.02,11.79,12.14,New,Card
INV100795,2/28/2025 12:10,S012,A0055,Accessories,4,15.11,13.38,8.1,Returning,Card
INV102991,2/28/2025 13:29,S006,SH0004,Shoes,3,53.17,15.46,37.09,Returning,Digital
INV102343,2/28/2025 14:09,S008,C0059,Clothing,1,41.08,9.32,25.72,New,Digital
INV101227,2/28/2025 17:48,S003,C0037,Clothing,6,53.26,19.3,33.14,Returning,Card
INV106431,2/28/2025 18:56,S003,A0003,Accessories,1,24.76,0.06,11.94,New,Cash
INV108469,2/28/2025 20:18,S012,A0053,Accessories,3,74.85,8.64,51.91,Returning,Cash
INV105522,2/28/2025 23:20,S006,SH0005,Shoes,1,153.98,1.01,123.69,New,Cash
INV109451,3/1/2025 1:38,S013,A0052,Accessories,1,55.62,10.82,34.11,New,Card
INV104121,3/1/2025 2:26,S013,SH0016,Shoes,1,72.87,1.74,56.82,Returning,Card
INV101803,3/1/2025 5:01,S003,SH0038,Shoes,2,125.69,19.45,105.09,New,Card
INV102999,3/1/2025 9:05,S006,SH0020,Shoes,4,79.97,1.08,59.64,New,Digital
INV103800,3/1/2025 17:27,S011,A0057,Accessories,2,37.69,15.44,27.63,New,Card
INV109773,3/1/2025 19:15,S012,SH0040,Shoes,1,84.01,14.56,50.26,New,Cash
INV105760,3/1/2025 23:56,S010,C0083,Clothing,1,103.89,6.73,60.92,Returning,Card
INV102868,3/2/2025 1:30,S012,SH0013,Shoes,5,102.24,16.76,58.33,Returning,Digital
INV109170,3/2/2025 7:56,S003,A0010,Accessories,6,53.4,6.38,26.01,New,Card
INV102169,3/2/2025 8:36,S014,SH0012,Shoes,3,72.71,12.21,55.14,Returning,Cash
INV106819,3/2/2025 11:40,S015,SH0023,Shoes,6,182.77,15.61,100.64,New,Card
INV102112,3/2/2025 11:54,S009,SH0040,Shoes,2,174.48,1.13,100.2,Returning,Cash
INV103102,3/2/2025 15:16,S020,C0001,Clothing,2,75.83,8.73,50.27,New,Digital
INV100915,3/2/2025 21:31,S004,SH0026,Shoes,3,135.65,1.93,96.72,Returning,Card
INV108168,3/2/2025 21:40,S006,A0041,Accessories,5,18.93,7.89,9.59,New,Card
INV101018,3/3/2025 0:39,S008,A0002,Accessories,2,10.6,5.18,5.44,Returning,Digital
INV104301,3/3/2025 5:08,S010,A0052,Accessories,4,71.08,6.58,49.52,Returning,Digital
INV104935,3/3/2025 5:20,S007,A0055,Accessories,4,38.64,2.39,27.85,New,Card
INV104743,3/3/2025 9:57,S018,SH0030,Shoes,4,166.92,16.68,115.24,Returning,Cash
INV106505,3/3/2025 10:11,S007,C0045,Clothing,4,118.77,19.74,87.37,New,Cash
INV108225,3/3/2025 15:38,S010,A0058,Accessories,3,65.81,9.58,28.76,New,Digital
INV107910,3/3/2025 16:58,S011,SH0021,Shoes,4,53.99,13.97,35.19,Returning,Cash
INV104007,3/3/2025 18:38,S012,SH0040,Shoes,5,174.93,6.95,99.7,Returning,Cash
INV104436,3/3/2025 19:05,S010,A0020,Accessories,6,72.5,10.92,40.52,Returning,Card
INV106569,3/3/2025 20:20,S009,SH0003,Shoes,4,92.13,7.3,56.51,New,Card
INV106723,3/3/2025 20:50,S006,C0019,Clothing,6,42.41,12.48,32.33,Returning,Digital
INV100729,3/3/2025 21:34,S017,C0074,Clothing,3,69.04,12.12,41,New,Digital
INV104866,3/4/2025 1:35,S017,A0054,Accessories,5,78.91,18.74,35.52,Returning,Digital
INV108966,3/4/2025 1:45,S010,A0021,Accessories,1,71.53,6.72,41.3,New,Digital
INV101299,3/4/2025 4:33,S011,A0048,Accessories,1,13,15.56,6.87,New,Card
INV106542,3/4/2025 4:50,S008,A0039,Accessories,3,58.4,2.79,33.05,New,Digital
INV103722,3/4/2025 6:24,S020,A0035,Accessories,5,53.66,10.4,21.51,New,Card
INV108115,3/4/2025 9:21,S002,A0038,Accessories,3,26.63,5.01,15.64,New,Cash
INV101585,3/4/2025 9:28,S011,C0040,Clothing,5,70.22,11.98,46.03,New,Card
INV107868,3/4/2025 11:25,S016,SH0010,Shoes,4,153.09,19.75,125.85,New,Digital
INV100326,3/4/2025 14:11,S014,C0024,Clothing,1,116.25,7.54,83.76,Returning,Digital
INV100319,3/4/2025 14:51,S018,C0053,Clothing,5,80.25,5.98,61.47,Returning,Digital
INV102924,3/4/2025 15:25,S010,SH0040,Shoes,4,43.85,10.12,36.63,Returning,Card
INV101456,3/4/2025 17:09,S001,SH0037,Shoes,4,130.34,12.14,87.53,New,Digital
INV106109,3/4/2025 17:34,S005,SH0009,Shoes,2,182,15.01,150.72,Returning,Cash
INV109577,3/4/2025 20:37,S011,SH0035,Shoes,6,55.23,1.43,34.81,Returning,Cash
INV107892,3/4/2025 20:52,S005,A0028,Accessories,5,45.01,4.82,32.28,Returning,Cash
INV109629,3/4/2025 21:00,S013,A0042,Accessories,4,46.93,12.09,24.38,Returning,Card
INV105313,3/4/2025 21:19,S011,A0039,Accessories,1,29.95,15.95,12.25,New,Card
INV108447,3/4/2025 23:15,S002,SH0014,Shoes,2,118.12,18.59,96.59,New,Digital
INV104991,3/5/2025 9:07,S006,C0094,Clothing,2,70.29,1.87,45.72,Returning,Card
INV100167,3/5/2025 11:39,S018,C0018,Clothing,5,67.82,7.47,43.17,Returning,Digital
INV109568,3/5/2025 17:07,S008,C0066,Clothing,3,94.49,16.56,65.7,Returning,Digital
INV102725,3/5/2025 18:53,S006,A0024,Accessories,2,53.27,9.46,21.7,Returning,Digital
INV107321,3/5/2025 19:46,S004,C0036,Clothing,5,52.59,5.49,39.03,Returning,Digital
INV109963,3/5/2025 21:12,S011,C0081,Clothing,5,70.58,12.46,41.56,New,Card
INV104052,3/6/2025 0:48,S013,A0029,Accessories,2,37.29,4.45,16.44,New,Card
INV108157,3/6/2025 3:39,S014,C0099,Clothing,2,110.01,15.9,57.7,New,Digital
INV103845,3/6/2025 5:22,S006,C0029,Clothing,6,116.1,18.37,66.58,New,Cash
INV109263,3/6/2025 15:16,S004,C0014,Clothing,2,22.21,0.04,12.94,Returning,Digital
INV101850,3/6/2025 15:46,S007,C0069,Clothing,2,87.89,18.37,61.85,New,Card
INV106438,3/6/2025 18:29,S001,C0088,Clothing,5,52.85,16.72,34.18,Returning,Digital
INV108668,3/6/2025 18:52,S014,C0065,Clothing,6,60.91,1.07,38.21,New,Cash
INV109837,3/6/2025 20:01,S001,SH0010,Shoes,6,60.39,7.44,40.02,Returning,Card
INV108069,3/6/2025 21:41,S004,A0005,Accessories,5,41.46,2.79,22.96,Returning,Card
INV103431,3/7/2025 1:20,S001,SH0039,Shoes,6,181.46,6.07,125.74,Returning,Digital
INV100800,3/7/2025 5:12,S014,A0031,Accessories,2,43.28,19.31,27.75,Returning,Digital
INV103167,3/7/2025 5:51,S019,C0098,Clothing,4,94.81,6.62,66.38,New,Card
INV108186,3/7/2025 6:50,S002,A0028,Accessories,3,77.63,14.14,45.78,Returning,Digital
INV107027,3/7/2025 7:13,S006,A0013,Accessories,5,11.7,0.64,4.89,New,Digital
INV105664,3/7/2025 8:42,S005,A0015,Accessories,1,16.93,14.77,7.52,New,Digital
INV107675,3/7/2025 9:02,S014,C0032,Clothing,4,69.3,14.15,38.1,New,Cash
INV109120,3/7/2025 10:03,S011,SH0003,Shoes,3,146.92,7.39,83.34,Returning,Digital
INV102780,3/7/2025 17:04,S013,SH0010,Shoes,5,114.14,2.49,94.95,Returning,Digital
INV108153,3/7/2025 17:51,S013,A0024,Accessories,1,23.53,7.9,13.91,New,Cash
INV100213,3/7/2025 19:37,S005,SH0009,Shoes,1,90.11,3.66,56.01,Returning,Card
INV108009,3/7/2025 20:18,S002,SH0006,Shoes,2,153.01,14.52,90.16,Returning,Cash
INV103064,3/7/2025 21:51,S020,SH0035,Shoes,2,63.39,14.41,51.14,New,Digital
INV101924,3/8/2025 0:04,S007,C0018,Clothing,4,81.32,10.12,52.36,New,Card
INV103541,3/8/2025 3:25,S017,SH0025,Shoes,6,118.1,6.2,66.51,New,Digital
INV108291,3/8/2025 5:19,S011,A0048,Accessories,3,14.06,19.68,9.48,New,Card
INV107374,3/8/2025 5:40,S003,C0048,Clothing,5,56.92,17.35,40.36,New,Cash
INV103010,3/8/2025 13:16,S012,A0010,Accessories,1,26.68,5.16,16.13,New,Card
INV106852,3/8/2025 16:57,S008,C0055,Clothing,5,30.47,11.71,20.37,Returning,Digital
INV101939,3/8/2025 19:02,S011,C0071,Clothing,6,52.34,16.03,41.44,New,Digital
INV101877,3/8/2025 23:30,S002,A0001,Accessories,2,24.51,7.57,12.91,Returning,Digital
INV109463,3/8/2025 23:58,S019,C0024,Clothing,1,54.2,1.99,34.47,New,Card
INV106590,3/9/2025 0:33,S014,SH0031,Shoes,2,80.43,4.07,52.79,Returning,Cash
INV106696,3/9/2025 8:37,S018,A0020,Accessories,4,78.95,11.57,53.38,Returning,Digital
INV100746,3/9/2025 11:27,S015,C0069,Clothing,4,101.15,13.13,53.87,New,Cash
INV101407,3/9/2025 19:25,S019,SH0006,Shoes,4,189.46,13.49,133.24,Returning,Cash
INV100024,3/9/2025 21:06,S010,C0034,Clothing,5,31.54,3.11,16.78,New,Digital
INV107158,3/9/2025 21:29,S007,SH0007,Shoes,3,64.88,9.54,42.87,New,Digital
INV103068,3/9/2025 23:47,S019,A0025,Accessories,2,24.19,15.55,11.72,New,Cash
INV104411,3/10/2025 3:32,S004,SH0025,Shoes,4,41.71,8.06,35.07,New,Digital
INV100290,3/10/2025 5:53,S018,SH0012,Shoes,6,87.01,5.17,60.14,New,Digital
INV101242,3/10/2025 13:01,S020,A0021,Accessories,2,22.93,18.63,9.92,New,Card
INV109405,3/10/2025 14:59,S005,SH0020,Shoes,4,51.44,9.87,41.72,Returning,Cash
INV109633,3/10/2025 18:13,S006,C0079,Clothing,5,81.35,16.09,46.02,Returning,Digital
INV103849,3/10/2025 21:19,S007,A0058,Accessories,1,50.57,13.23,35.74,New,Card
INV100179,3/10/2025 22:09,S005,A0059,Accessories,4,14.03,11.15,7.64,Returning,Cash
INV107111,3/10/2025 22:54,S009,SH0004,Shoes,5,141.48,9.58,108.25,New,Card
INV107752,3/11/2025 0:20,S012,SH0004,Shoes,4,188.38,18.35,128.65,Returning,Cash
INV106072,3/11/2025 3:20,S001,SH0021,Shoes,5,80.22,9.42,48.89,Returning,Cash
INV102248,3/11/2025 15:23,S017,SH0007,Shoes,2,144.58,15.75,96.97,Returning,Digital
INV101737,3/11/2025 16:54,S011,SH0030,Shoes,2,147.48,11.25,98.07,Returning,Card
INV109344,3/11/2025 18:09,S014,A0053,Accessories,1,62.96,19.22,36.8,New,Card
INV105448,3/11/2025 20:48,S020,SH0032,Shoes,5,150.56,1.91,109.35,New,Card
INV109146,3/11/2025 21:07,S012,A0013,Accessories,4,17.55,17.62,9.83,New,Digital
INV102534,3/12/2025 0:32,S006,C0096,Clothing,1,97.63,7.4,56.23,New,Digital
INV101615,3/12/2025 3:26,S013,C0037,Clothing,6,103.89,6.87,68.12,New,Card
INV100855,3/12/2025 7:37,S013,A0009,Accessories,3,53.46,1.07,38.22,New,Card
INV104576,3/12/2025 8:28,S020,C0062,Clothing,3,22.79,19.81,11.75,Returning,Card
INV108588,3/12/2025 16:44,S008,A0008,Accessories,2,48.06,18.96,25.12,Returning,Cash
INV100939,3/12/2025 16:48,S010,C0072,Clothing,6,59.32,9.49,43.43,Returning,Digital
INV100557,3/12/2025 16:51,S017,A0043,Accessories,4,47.8,5.03,22.47,Returning,Digital
INV102284,3/12/2025 17:17,S007,SH0003,Shoes,4,133.86,14.51,101.77,New,Digital
INV102280,3/13/2025 2:08,S008,SH0025,Shoes,4,40.77,5.07,23.56,Returning,Cash
INV108757,3/13/2025 4:29,S014,A0015,Accessories,4,13.3,5.43,5.62,Returning,Digital
INV109117,3/13/2025 5:38,S003,SH0025,Shoes,3,60.78,19.01,43.17,New,Card
INV107411,3/13/2025 13:34,S002,A0016,Accessories,5,50.59,5.55,34.81,Returning,Card
INV103422,3/13/2025 14:02,S016,A0042,Accessories,2,20.7,9.28,8.59,Returning,Card
INV106504,3/13/2025 16:53,S015,C0051,Clothing,4,63.02,4.46,34.96,Returning,Card
INV102591,3/13/2025 23:28,S015,C0076,Clothing,5,72.87,4.73,52.91,Returning,Cash
INV107905,3/13/2025 23:31,S010,SH0008,Shoes,1,76.49,0.15,47.41,Returning,Cash
INV108700,3/14/2025 1:58,S020,C0021,Clothing,4,26.05,19.2,14.25,New,Cash
INV100058,3/14/2025 2:15,S013,SH0027,Shoes,2,137.01,15.51,107.86,Returning,Card
INV109953,3/14/2025 4:09,S004,A0035,Accessories,3,72.02,0.93,30.55,New,Digital
INV103809,3/14/2025 9:16,S002,SH0015,Shoes,2,147.14,7.55,114.84,New,Digital
INV101563,3/14/2025 12:59,S012,C0093,Clothing,1,81.09,2.83,54.33,New,Cash
INV102940,3/14/2025 13:39,S015,C0060,Clothing,6,117.64,13.8,60.89,New,Cash
INV100086,3/14/2025 15:07,S018,C0069,Clothing,6,33.57,18.99,21.35,Returning,Digital
INV104141,3/14/2025 22:16,S018,C0015,Clothing,4,71.53,4.35,54.84,New,Cash
INV106850,3/14/2025 23:55,S017,A0056,Accessories,5,59.96,9.24,34.44,Returning,Digital
INV106397,3/15/2025 2:15,S003,SH0012,Shoes,1,199.01,3.54,120.08,Returning,Card
INV105399,3/15/2025 3:48,S008,C0091,Clothing,1,93.03,1.56,66.85,Returning,Cash
INV106204,3/15/2025 6:33,S017,A0032,Accessories,4,47.02,7.05,28.02,Returning,Card
INV106056,3/15/2025 7:12,S011,A0047,Accessories,4,73.85,14.03,37.78,Returning,Cash
INV109554,3/15/2025 8:12,S013,C0040,Clothing,4,101.88,4.44,67.89,Returning,Card
INV100621,3/15/2025 9:13,S014,SH0032,Shoes,1,40.33,17.41,28.81,Returning,Digital
INV109784,3/15/2025 10:47,S002,C0032,Clothing,2,22.94,8,13.72,New,Card
INV100739,3/15/2025 13:49,S002,C0082,Clothing,1,27.95,3.3,20.1,New,Digital
INV108108,3/15/2025 14:45,S011,A0046,Accessories,3,78.95,3.38,41.41,Returning,Card
INV101703,3/15/2025 20:11,S001,C0057,Clothing,6,61.9,6,35.01,New,Digital
INV100285,3/15/2025 22:45,S015,A0028,Accessories,4,72.68,5.04,50.73,Returning,Digital
INV107690,3/16/2025 4:31,S009,A0005,Accessories,5,37.93,16.27,25.4,Returning,Card
INV108035,3/16/2025 7:16,S018,C0099,Clothing,6,41.07,0.3,27.15,New,Card
INV104838,3/16/2025 7:37,S010,SH0031,Shoes,5,122.41,11.57,87.15,Returning,Card
INV101445,3/16/2025 10:30,S009,SH0009,Shoes,4,174,13.62,101.16,Returning,Cash
INV109102,3/16/2025 12:14,S014,A0004,Accessories,6,74.49,5.24,30.86,Returning,Digital
INV108812,3/16/2025 12:35,S013,C0072,Clothing,3,79.1,16.07,42.36,Returning,Card
INV106488,3/16/2025 12:40,S012,A0033,Accessories,4,66.54,19.25,34.57,New,Digital
INV109314,3/16/2025 16:11,S009,C0016,Clothing,3,110.52,8.38,73.05,Returning,Cash
INV106200,3/16/2025 18:49,S016,SH0028,Shoes,2,70.25,12.17,38.88,Returning,Cash
INV100735,3/16/2025 18:52,S020,A0007,Accessories,3,47.03,11.03,30.34,New,Cash
INV109106,3/16/2025 23:58,S003,A0010,Accessories,3,39.18,15.27,22.37,Returning,Card
INV107052,3/17/2025 0:27,S010,A0014,Accessories,3,26.36,3.24,13.36,Returning,Digital
INV105861,3/17/2025 0:38,S002,C0088,Clothing,6,35.69,10.15,18.17,New,Digital
INV100245,3/17/2025 3:13,S003,C0054,Clothing,2,69.2,14.23,35.84,New,Cash
INV103670,3/17/2025 3:18,S011,C0045,Clothing,4,107.49,10.99,80.83,New,Digital
INV101651,3/17/2025 4:41,S017,A0023,Accessories,1,18.49,11.48,12.08,Returning,Digital
INV101937,3/17/2025 4:55,S005,A0053,Accessories,2,13.68,9.79,8.1,Returning,Cash
INV108962,3/17/2025 6:27,S016,C0058,Clothing,2,98.44,1.43,51.69,New,Card
INV104226,3/17/2025 14:17,S016,A0013,Accessories,6,52.71,8.4,23.88,Returning,Card
INV107481,3/17/2025 15:40,S008,C0015,Clothing,5,75.79,18.79,48.89,New,Digital
INV106316,3/17/2025 18:41,S018,SH0011,Shoes,6,96.99,6.44,63.66,New,Cash
INV102801,3/17/2025 21:28,S006,SH0021,Shoes,1,180.37,1.41,150.84,Returning,Digital
INV101558,3/17/2025 22:16,S020,C0040,Clothing,5,81.2,11.78,50.23,New,Digital
INV104170,3/17/2025 23:38,S017,SH0035,Shoes,3,106.34,12.02,79.08,Returning,Digital
INV100566,3/18/2025 0:41,S008,SH0003,Shoes,1,174.64,13.81,130.75,Returning,Digital
INV102219,3/18/2025 2:37,S008,C0034,Clothing,1,65.96,19.14,44.13,Returning,Card
INV108649,3/18/2025 3:04,S011,A0018,Accessories,4,55.86,6.22,23.41,New,Cash
INV102003,3/18/2025 3:46,S011,A0016,Accessories,1,75.96,6.55,40.97,Returning,Card
INV108441,3/18/2025 9:13,S012,C0005,Clothing,2,75.68,13.36,53.44,Returning,Cash
INV108106,3/18/2025 10:24,S012,A0010,Accessories,2,32.53,12.66,22.49,New,Digital
INV105142,3/18/2025 11:08,S007,A0009,Accessories,3,77.79,14.89,40.31,Returning,Card
INV103862,3/18/2025 21:35,S010,SH0036,Shoes,5,143.5,0.35,108.56,Returning,Cash
INV100448,3/18/2025 22:54,S010,SH0003,Shoes,2,83.44,7.43,48.06,New,Digital
INV105433,3/19/2025 1:54,S016,SH0022,Shoes,4,99.28,16.68,54.9,New,Digital
INV101553,3/19/2025 2:26,S011,C0050,Clothing,1,109.05,5.14,68.48,New,Cash
INV108714,3/19/2025 3:19,S017,A0001,Accessories,1,68.52,13.6,31.35,New,Cash
INV101694,3/19/2025 4:01,S011,SH0017,Shoes,1,168.79,7.26,126.49,New,Card
INV108694,3/19/2025 5:12,S013,C0016,Clothing,6,75.69,14.52,50.35,Returning,Digital
INV106640,3/19/2025 5:57,S019,C0071,Clothing,6,80.47,0.78,42.39,New,Card
INV106927,3/19/2025 7:24,S004,C0005,Clothing,1,26.9,13.46,20.66,New,Card
INV102830,3/19/2025 8:10,S012,A0051,Accessories,2,74.92,14.97,47.12,New,Digital
INV105105,3/19/2025 10:29,S006,SH0017,Shoes,1,80.07,14.7,59.68,New,Cash
INV100081,3/19/2025 14:02,S006,A0047,Accessories,3,19.2,14.95,13.79,New,Cash
INV106083,3/19/2025 17:23,S006,A0052,Accessories,4,43.8,10.3,25.91,Returning,Digital
INV104762,3/19/2025 19:46,S008,A0013,Accessories,2,22.26,13.01,11.77,Returning,Card
INV107401,3/19/2025 20:15,S015,SH0032,Shoes,3,178.75,12.24,100,New,Cash
INV103056,3/20/2025 0:41,S010,SH0040,Shoes,2,170.9,10.68,118.11,Returning,Digital
INV102312,3/20/2025 5:19,S020,A0053,Accessories,4,26.68,2.61,14.52,New,Digital
INV101836,3/20/2025 8:54,S015,A0036,Accessories,4,52.63,8.63,35.42,Returning,Cash
INV102301,3/20/2025 9:07,S016,C0031,Clothing,5,39.47,10.13,21.9,New,Cash
INV109327,3/20/2025 9:26,S005,C0083,Clothing,1,87.97,5,61.42,New,Card
INV102641,3/20/2025 14:30,S012,A0017,Accessories,4,10.45,7.7,4.25,Returning,Cash
INV102373,3/20/2025 19:12,S019,C0005,Clothing,1,64.42,8.85,34.21,Returning,Cash
INV107045,3/20/2025 19:53,S003,A0003,Accessories,3,14.26,2.79,7.58,Returning,Digital
INV108941,3/21/2025 3:00,S002,A0044,Accessories,2,61.17,3.83,29.98,New,Cash
INV102785,3/21/2025 4:39,S018,SH0013,Shoes,6,144.29,13.21,106.82,Returning,Digital
INV105459,3/21/2025 5:54,S019,C0011,Clothing,4,56.25,16.35,44.71,Returning,Digital
INV108392,3/21/2025 12:40,S008,C0094,Clothing,3,102.19,13.35,53.97,New,Digital
INV101981,3/22/2025 2:00,S015,SH0024,Shoes,1,85.28,18.68,65.34,Returning,Digital
INV103129,3/22/2025 7:04,S009,SH0015,Shoes,3,131.93,19.91,85.17,Returning,Cash
INV100393,3/22/2025 10:10,S010,SH0003,Shoes,1,159.16,5.07,113.78,New,Card
INV105283,3/22/2025 10:41,S007,SH0009,Shoes,2,147.59,14.86,117.32,Returning,Cash
INV105559,3/22/2025 10:53,S014,C0032,Clothing,1,33.8,6.85,24.15,Returning,Cash
INV104344,3/22/2025 15:34,S006,SH0013,Shoes,2,167.27,4.31,134.18,Returning,Cash
INV102654,3/22/2025 20:51,S001,SH0037,Shoes,4,192.92,4.48,125.94,Returning,Card
INV104863,3/22/2025 22:04,S017,SH0032,Shoes,1,142.47,2.67,111.29,New,Card
INV100549,3/22/2025 22:24,S016,C0073,Clothing,6,87.5,10.79,61.08,Returning,Digital
INV101181,3/23/2025 3:08,S009,C0047,Clothing,1,96.01,16.94,76.64,New,Digital
INV101637,3/23/2025 5:07,S008,SH0020,Shoes,2,105.37,18.53,84.25,Returning,Digital
INV107300,3/23/2025 5:46,S007,C0089,Clothing,6,59.7,5.39,47.21,New,Cash
INV103320,3/23/2025 9:01,S011,A0057,Accessories,2,78.86,18.36,31.97,New,Cash
INV107251,3/23/2025 10:18,S019,C0016,Clothing,2,51.66,14.31,37.98,New,Cash
INV109282,3/23/2025 11:10,S006,SH0015,Shoes,2,69.4,7.28,47.29,Returning,Cash
INV104016,3/23/2025 11:37,S014,A0035,Accessories,6,77.86,1.23,44.34,New,Cash
INV105428,3/23/2025 14:24,S004,A0019,Accessories,2,66.8,0.82,42.34,New,Card
INV100828,3/23/2025 15:39,S004,A0020,Accessories,6,58.75,19.34,32.85,Returning,Digital
INV100895,3/23/2025 16:45,S019,SH0033,Shoes,2,165.35,7.58,126.3,New,Digital
INV107496,3/23/2025 18:49,S006,A0011,Accessories,4,75.1,14.29,43.77,New,Digital
INV100784,3/23/2025 20:41,S004,A0011,Accessories,4,13.83,3.89,7.33,New,Cash
INV101124,3/23/2025 20:58,S005,A0051,Accessories,3,29.64,13.97,15.39,Returning,Digital
INV105355,3/23/2025 21:29,S001,SH0033,Shoes,4,109.32,2.81,79.8,New,Card
INV101649,3/23/2025 23:32,S011,C0097,Clothing,1,92.19,15.38,72.68,New,Cash
INV107366,3/24/2025 1:09,S004,SH0029,Shoes,4,142.62,3.27,86.69,Returning,Digital
INV102247,3/24/2025 4:15,S019,C0069,Clothing,5,56.67,0.35,34.67,Returning,Card
INV108094,3/24/2025 10:19,S017,A0042,Accessories,5,65.16,11.71,33.94,Returning,Digital
INV102433,3/24/2025 14:32,S016,C0087,Clothing,5,69.69,1.44,43.56,Returning,Cash
INV106063,3/24/2025 14:42,S020,SH0038,Shoes,2,73.87,5.36,59.56,Returning,Digital
INV107728,3/24/2025 16:50,S019,C0025,Clothing,4,32.57,4.31,18.95,Returning,Card
INV103054,3/24/2025 18:28,S018,SH0038,Shoes,2,45.82,4.94,34.59,Returning,Digital
INV100134,3/24/2025 20:17,S004,C0004,Clothing,4,93.57,18.27,60.79,Returning,Card
INV101422,3/24/2025 21:03,S016,C0079,Clothing,2,33.48,1.17,22.76,Returning,Cash
INV101837,3/25/2025 2:59,S020,C0089,Clothing,1,103.69,15.55,64.71,New,Card
INV103565,3/25/2025 19:58,S016,SH0011,Shoes,4,130.11,4.53,78.59,New,Cash
INV105040,3/25/2025 22:28,S017,C0054,Clothing,1,92.43,5.6,54.28,Returning,Cash
INV107007,3/26/2025 1:57,S009,SH0018,Shoes,2,158.66,4.1,117.47,Returning,Digital
INV102134,3/26/2025 5:59,S011,C0014,Clothing,5,69.03,17.07,36.8,Returning,Card
INV106747,3/26/2025 7:36,S007,A0029,Accessories,1,20.19,4.53,9.44,Returning,Cash
INV103438,3/26/2025 10:42,S006,A0010,Accessories,4,28.41,8.04,16.95,New,Digital
INV106406,3/26/2025 11:00,S003,A0010,Accessories,5,29.62,9.73,12.88,Returning,Card
INV103223,3/26/2025 17:05,S010,SH0036,Shoes,5,113.66,13.43,63.68,New,Card
INV102489,3/26/2025 19:17,S006,SH0039,Shoes,5,124.16,10.03,79.84,Returning,Card
INV107704,3/26/2025 19:50,S008,A0033,Accessories,4,11.84,16.81,7.87,New,Digital
INV105593,3/27/2025 0:27,S003,C0089,Clothing,4,79.04,19.54,56.46,New,Digital
INV101184,3/27/2025 7:10,S020,A0014,Accessories,2,47.92,1.82,19.46,Returning,Card
INV100442,3/27/2025 8:33,S016,SH0023,Shoes,4,188.34,10.39,138.3,Returning,Cash
INV105756,3/27/2025 9:38,S003,A0060,Accessories,6,62.13,19.23,42.61,Returning,Cash
INV108468,3/27/2025 12:48,S001,A0039,Accessories,3,27.71,11.39,11.38,New,Digital
INV101119,3/27/2025 12:55,S005,C0052,Clothing,6,56.57,18.11,35.66,New,Cash
INV104580,3/27/2025 14:53,S019,C0030,Clothing,2,53.24,9.98,30.17,New,Cash
INV108935,3/27/2025 20:39,S001,C0004,Clothing,4,49.98,1.81,36.69,Returning,Digital
INV100946,3/27/2025 22:10,S002,SH0024,Shoes,4,122.61,8.33,102.03,New,Cash
INV102397,3/27/2025 22:22,S016,SH0004,Shoes,6,163.35,17.78,134.43,Returning,Digital
INV106763,3/28/2025 0:57,S015,A0019,Accessories,6,39.51,17.81,20.24,New,Cash
INV104430,3/28/2025 1:46,S008,A0034,Accessories,2,19.32,15.61,12.16,New,Digital
INV109279,3/28/2025 5:20,S009,C0100,Clothing,1,26.18,11.4,15.04,New,Cash
INV104069,3/28/2025 7:03,S017,SH0007,Shoes,4,93.37,19.27,51.51,Returning,Card
INV105340,3/28/2025 7:16,S004,A0021,Accessories,3,32.03,19.3,21.18,Returning,Card
INV106492,3/28/2025 8:55,S003,A0002,Accessories,2,19.9,14.12,9.9,Returning,Digital
INV102156,3/28/2025 12:20,S006,A0012,Accessories,2,62.45,0.7,37.96,New,Card
INV104131,3/28/2025 18:50,S005,A0004,Accessories,5,10.5,13.2,7.44,New,Digital
INV109532,3/29/2025 1:26,S005,A0048,Accessories,6,47.99,3.18,25.02,Returning,Card
INV100209,3/29/2025 2:19,S006,SH0008,Shoes,1,43.61,13.54,28.47,New,Digital
INV106680,3/29/2025 2:20,S008,C0074,Clothing,2,41.94,19.54,22.53,Returning,Digital
INV104194,3/29/2025 3:16,S014,C0071,Clothing,1,57.73,2.34,39.16,New,Cash
INV106062,3/29/2025 5:45,S017,SH0035,Shoes,4,193.83,5.26,109.68,Returning,Cash
INV106523,3/29/2025 7:39,S019,A0008,Accessories,2,48.5,15.57,22.97,Returning,Cash
INV102263,3/29/2025 14:16,S011,SH0018,Shoes,2,100.41,3.62,66.44,Returning,Card
INV104349,3/29/2025 15:44,S005,C0009,Clothing,6,25.68,11.9,20.51,New,Card
INV100412,3/29/2025 17:36,S013,A0033,Accessories,6,58.84,14.63,26.69,Returning,Digital
INV107975,3/29/2025 21:55,S004,C0057,Clothing,2,66,1.51,49.74,Returning,Card
INV109195,3/29/2025 22:01,S010,A0028,Accessories,3,47.87,5.92,24.64,Returning,Card
INV100144,3/29/2025 23:55,S015,A0009,Accessories,1,63.25,6.38,36.7,New,Card
INV103989,3/30/2025 6:48,S017,SH0004,Shoes,5,177.46,7.78,134.46,New,Cash
INV106145,3/30/2025 9:58,S010,C0023,Clothing,6,29.34,7.17,17.49,New,Cash
INV105619,3/30/2025 10:26,S009,SH0037,Shoes,2,150.49,3.02,94.18,Returning,Digital
INV103232,3/30/2025 10:33,S005,C0028,Clothing,3,54.26,15.68,35.33,New,Digital
INV108565,3/30/2025 14:34,S011,C0052,Clothing,3,62.02,16.36,46.06,New,Digital
INV103599,3/30/2025 15:19,S016,A0014,Accessories,1,54.42,13.71,32.34,New,Card
INV102663,3/30/2025 20:02,S006,SH0009,Shoes,2,80.51,8.85,62.99,New,Digital
INV100136,3/30/2025 21:22,S006,C0071,Clothing,2,74.22,14.24,56.96,Returning,Digital
INV102028,3/30/2025 22:01,S003,A0038,Accessories,3,64.43,17.33,31.58,New,Digital
INV104618,3/31/2025 1:08,S006,C0044,Clothing,1,81.7,13.24,62.77,Returning,Cash
INV100511,3/31/2025 11:57,S017,SH0028,Shoes,3,84.34,9.05,47.99,New,Card
INV102745,3/31/2025 13:09,S005,SH0012,Shoes,2,112.03,8.21,81.14,Returning,Digital
INV109337,3/31/2025 13:27,S009,SH0025,Shoes,6,153.14,19.57,88.55,Returning,Cash
INV103298,3/31/2025 14:47,S009,C0015,Clothing,2,75.74,19.68,55.27,New,Digital
INV107093,3/31/2025 16:35,S004,SH0002,Shoes,2,65.09,5.59,53.69,Returning,Digital
INV103150,3/31/2025 19:04,S003,C0050,Clothing,1,20.45,4.89,13.78,Returning,Digital
INV107347,3/31/2025 19:05,S009,A0001,Accessories,4,64.81,12.5,35.35,New,Card
INV101772,3/31/2025 22:27,S013,A0009,Accessories,6,38.32,10.16,17.63,Returning,Cash
INV109429,3/31/2025 23:29,S016,SH0011,Shoes,5,78.8,4.77,46.12,New,Digital
INV100708,4/1/2025 0:40,S020,C0095,Clothing,5,52.55,9.69,33.28,New,Card
INV104638,4/1/2025 6:16,S001,SH0029,Shoes,1,186.58,11.35,145.66,New,Digital
INV104413,4/1/2025 7:12,S019,A0013,Accessories,2,17.9,10.03,8.8,Returning,Digital
INV105084,4/1/2025 9:46,S020,SH0029,Shoes,5,189.34,2.21,151.86,Returning,Card
INV104566,4/1/2025 12:44,S005,SH0033,Shoes,3,47.35,5.57,28.01,Returning,Digital
INV100035,4/1/2025 14:28,S003,SH0014,Shoes,6,121.79,3.39,95.99,Returning,Digital
INV106489,4/1/2025 15:23,S019,SH0031,Shoes,5,97.67,19.66,59.48,New,Digital
INV103895,4/1/2025 20:23,S006,SH0026,Shoes,2,41.67,4.2,27.95,Returning,Card
INV101522,4/2/2025 11:36,S009,A0020,Accessories,2,69.1,0.27,32.03,New,Cash
INV100440,4/2/2025 11:57,S004,C0098,Clothing,3,62.73,9.42,41.72,Returning,Card
INV106078,4/2/2025 16:15,S013,C0079,Clothing,6,65.15,5.92,44,New,Card
INV102174,4/2/2025 16:22,S005,C0093,Clothing,1,103.99,17,52.67,Returning,Digital
INV105719,4/2/2025 23:44,S007,SH0027,Shoes,4,109.84,17.08,65.13,Returning,Digital
INV106239,4/3/2025 0:58,S004,C0010,Clothing,6,83.67,17.67,60.26,Returning,Cash
INV109823,4/3/2025 1:33,S013,SH0010,Shoes,6,118.76,5.85,86.62,Returning,Cash
INV108921,4/3/2025 6:10,S006,SH0027,Shoes,1,152.98,18.01,102.2,New,Card
INV101176,4/3/2025 7:36,S009,A0020,Accessories,6,23.43,8.23,12.12,Returning,Digital
INV108928,4/3/2025 8:09,S017,SH0023,Shoes,5,43.14,13.8,34.53,Returning,Card
INV104984,4/3/2025 22:23,S015,A0004,Accessories,1,34.19,16.51,21.17,Returning,Cash
INV104005,4/3/2025 23:06,S011,A0033,Accessories,4,42.48,12.6,25.77,New,Cash
INV107064,4/4/2025 0:06,S008,SH0007,Shoes,3,149.94,15.21,97.45,New,Digital
INV100198,4/4/2025 12:00,S008,A0025,Accessories,5,64.54,18.1,42.19,New,Digital
INV103345,4/4/2025 18:05,S001,A0059,Accessories,5,68.41,19.85,50.62,New,Digital
INV108418,4/4/2025 23:29,S006,C0079,Clothing,4,103.1,10.01,75.97,Returning,Digital
INV106887,4/5/2025 0:42,S018,SH0006,Shoes,3,89.76,15.08,56.08,New,Digital
INV106420,4/5/2025 0:45,S004,SH0031,Shoes,5,154.09,18.52,130.72,Returning,Digital
INV108262,4/5/2025 3:08,S010,SH0028,Shoes,5,82.81,14.15,70,New,Card
INV100916,4/5/2025 7:42,S013,C0023,Clothing,1,66.47,6.95,39.59,New,Card
INV100500,4/5/2025 7:49,S008,A0015,Accessories,2,16.86,7.51,11.1,New,Card
INV109188,4/5/2025 7:51,S010,C0086,Clothing,4,91.09,16.51,53.12,New,Digital
INV102205,4/5/2025 9:07,S020,SH0012,Shoes,4,135.62,18.78,78.59,Returning,Card
INV100677,4/5/2025 13:28,S015,A0014,Accessories,1,45.42,12.78,25.52,Returning,Card
INV100384,4/5/2025 15:29,S019,SH0018,Shoes,6,127.77,10.79,75.45,Returning,Digital
INV108539,4/5/2025 16:05,S012,A0038,Accessories,5,49.99,6.34,28.76,Returning,Digital
INV103720,4/5/2025 18:17,S005,C0074,Clothing,2,72.45,4.92,38.47,Returning,Cash
INV102795,4/5/2025 18:22,S006,SH0017,Shoes,3,128.39,14.97,99.11,Returning,Digital
INV106558,4/5/2025 18:27,S016,A0024,Accessories,1,65.94,6.57,45.12,New,Card
INV102910,4/5/2025 19:05,S007,C0092,Clothing,4,47.61,5.02,27.4,Returning,Card
INV103171,4/5/2025 19:45,S004,SH0021,Shoes,6,196.5,19.45,142.61,Returning,Digital
INV107716,4/5/2025 20:25,S016,A0054,Accessories,1,79.94,3.38,51.56,New,Card
INV105838,4/6/2025 0:26,S004,A0004,Accessories,3,25.45,1.95,18.71,Returning,Cash
INV108006,4/6/2025 7:08,S001,C0057,Clothing,5,114.64,2.42,64.02,New,Card
INV105268,4/6/2025 18:11,S017,SH0033,Shoes,6,131.69,0.79,76.29,Returning,Card
INV103031,4/6/2025 18:32,S006,A0001,Accessories,4,23.47,12.22,17.42,Returning,Cash
INV108712,4/6/2025 20:16,S010,A0058,Accessories,3,11.26,4.1,6.73,New,Digital
INV104443,4/7/2025 2:51,S010,C0027,Clothing,5,113.36,1.5,68.25,New,Card
INV108401,4/7/2025 7:14,S007,SH0038,Shoes,2,51.5,16.87,34.46,New,Cash
INV106317,4/7/2025 7:38,S012,A0052,Accessories,2,25.07,1.48,18.61,New,Cash
INV100572,4/7/2025 9:12,S001,A0024,Accessories,5,22.73,4.49,16.06,New,Cash
INV103409,4/7/2025 15:21,S006,A0014,Accessories,1,73.2,10.84,42.29,Returning,Card
INV109449,4/7/2025 15:54,S018,SH0025,Shoes,1,83.79,1.49,54.02,Returning,Cash
INV100223,4/7/2025 18:00,S003,SH0006,Shoes,6,156.95,13.95,107.91,Returning,Cash
INV109745,4/7/2025 18:03,S003,SH0015,Shoes,3,76.38,2.68,59.33,New,Card
INV102230,4/7/2025 18:30,S018,SH0010,Shoes,2,67.61,10.49,42.88,New,Card
INV107489,4/7/2025 22:34,S013,A0008,Accessories,1,50.85,2.24,35.84,New,Cash
INV103302,4/7/2025 23:50,S003,A0003,Accessories,5,51.93,3.06,29.55,Returning,Card
INV101688,4/8/2025 0:56,S010,C0001,Clothing,5,26.1,7.54,13.19,Returning,Card
INV102490,4/8/2025 4:02,S015,C0086,Clothing,5,42.02,10.81,29.51,New,Digital
INV106294,4/8/2025 8:07,S012,C0030,Clothing,1,63.6,8.34,49.67,New,Cash
INV104006,4/8/2025 8:23,S008,SH0039,Shoes,3,78.46,4.47,66.33,Returning,Digital
INV101874,4/8/2025 8:44,S020,C0050,Clothing,3,25.76,8.73,20.04,New,Cash
INV101032,4/8/2025 22:29,S005,SH0034,Shoes,3,122.7,15.2,103.84,Returning,Card
INV104142,4/9/2025 10:32,S003,A0031,Accessories,3,29.56,1.16,12.24,Returning,Cash
INV103528,4/9/2025 12:32,S017,A0012,Accessories,1,18.21,1.31,8.06,Returning,Card
INV107082,4/9/2025 13:11,S008,SH0010,Shoes,2,73.04,14.63,57.19,New,Cash
INV104384,4/9/2025 14:01,S006,A0029,Accessories,5,73.21,14.07,41,Returning,Card
INV105753,4/9/2025 20:02,S004,A0005,Accessories,6,36.82,3.03,17.94,Returning,Digital
INV102688,4/9/2025 20:43,S016,C0068,Clothing,1,102.99,10.72,63.07,New,Digital
INV102703,4/9/2025 21:30,S008,A0050,Accessories,5,21.11,9.14,13.07,New,Card
INV107650,4/10/2025 0:05,S019,A0010,Accessories,6,44.02,4.09,20.88,Returning,Digital
INV104056,4/10/2025 3:05,S003,SH0034,Shoes,2,189.48,19.1,146.5,New,Cash
INV109082,4/10/2025 9:42,S014,SH0001,Shoes,1,75.96,10.71,46.02,New,Cash
INV105541,4/10/2025 12:08,S020,C0074,Clothing,3,88.38,17.88,57.36,New,Digital
INV102713,4/10/2025 13:25,S019,SH0010,Shoes,2,71.36,12.53,45.22,New,Digital
INV107962,4/10/2025 14:10,S017,C0058,Clothing,2,90.63,15.13,62.49,New,Cash
INV107632,4/10/2025 19:14,S002,SH0032,Shoes,4,45.83,8.62,38.15,New,Cash
INV105523,4/10/2025 22:27,S009,SH0040,Shoes,3,65.1,4.59,43.14,New,Card
INV101028,4/11/2025 0:56,S020,C0095,Clothing,1,107.2,10.79,82.98,New,Cash
INV101453,4/11/2025 0:57,S003,C0056,Clothing,4,63.29,8.44,48.67,New,Cash
INV101754,4/11/2025 5:29,S009,C0071,Clothing,2,84.45,11.76,51.24,Returning,Cash
INV100447,4/11/2025 11:04,S006,A0054,Accessories,6,12.18,10.69,9.07,Returning,Cash
INV106559,4/11/2025 12:45,S019,A0018,Accessories,5,39.55,18.17,18.79,Returning,Digital
INV104001,4/11/2025 13:32,S016,C0040,Clothing,4,107.26,19.15,67.3,Returning,Cash
INV104249,4/11/2025 14:18,S007,SH0034,Shoes,4,153.95,17.71,95.34,New,Card
INV108971,4/11/2025 15:18,S015,SH0017,Shoes,3,197.54,2.23,116.5,New,Cash
INV105122,4/11/2025 16:38,S002,C0019,Clothing,6,27.03,4.59,14.14,Returning,Card
INV102413,4/11/2025 17:01,S014,A0047,Accessories,3,55.91,2.85,31.95,New,Digital
INV102212,4/11/2025 21:32,S013,SH0002,Shoes,6,153.04,18.95,90.94,New,Card
INV100278,4/11/2025 22:15,S010,SH0031,Shoes,1,187.33,6.76,153.44,Returning,Card
INV100653,4/11/2025 23:24,S001,A0012,Accessories,1,67.83,1.47,27.29,New,Cash
INV108476,4/12/2025 0:53,S012,SH0004,Shoes,1,66.18,9.03,51.42,New,Card
INV109866,4/12/2025 2:37,S005,A0012,Accessories,2,55.62,7.81,28.02,Returning,Card
INV106507,4/12/2025 9:17,S006,C0063,Clothing,1,114.55,18.12,88.51,Returning,Cash
INV105670,4/12/2025 9:55,S016,C0072,Clothing,1,74.03,3.94,48.13,New,Cash
INV106881,4/12/2025 11:16,S001,A0056,Accessories,4,50.57,18.69,24.83,Returning,Digital
INV103437,4/12/2025 14:28,S011,A0025,Accessories,6,19.72,9.72,12.03,Returning,Card
INV109362,4/12/2025 18:34,S018,A0028,Accessories,4,69.19,5.87,41.82,Returning,Cash
INV103306,4/12/2025 19:08,S003,SH0010,Shoes,2,164.56,4.83,133.99,New,Card
INV108713,4/12/2025 20:41,S006,C0085,Clothing,1,59.49,5.24,36.42,New,Card
INV102027,4/13/2025 3:09,S016,SH0004,Shoes,4,178.62,17.52,139.28,New,Digital
INV105514,4/13/2025 3:12,S009,A0056,Accessories,1,38.75,1.52,23.65,New,Card
INV102995,4/13/2025 5:39,S009,A0005,Accessories,6,31.86,3.35,20.81,New,Digital
INV105746,4/13/2025 8:05,S015,A0047,Accessories,3,21.02,3.7,12.67,Returning,Cash
INV102062,4/13/2025 8:54,S002,SH0011,Shoes,2,198.16,5.8,138.6,New,Digital
INV101053,4/13/2025 11:39,S013,SH0015,Shoes,6,90.65,1.81,58.17,Returning,Digital
INV100920,4/13/2025 11:49,S006,SH0005,Shoes,3,144.79,10.71,102.16,Returning,Digital
INV105009,4/13/2025 14:58,S011,SH0038,Shoes,4,188.89,1.35,110.71,Returning,Card
INV105737,4/13/2025 19:55,S019,C0032,Clothing,1,107.36,7.75,75.44,New,Digital
INV105643,4/14/2025 2:22,S002,A0032,Accessories,2,29.19,9.25,14.75,New,Card
INV109674,4/14/2025 9:48,S019,SH0013,Shoes,1,143.62,13.61,94.49,Returning,Cash
INV103752,4/14/2025 13:30,S019,SH0011,Shoes,2,107.42,8.59,74.87,New,Card
INV105581,4/14/2025 16:30,S013,SH0031,Shoes,3,72.84,4.66,41.22,Returning,Digital
INV103140,4/14/2025 16:41,S007,SH0005,Shoes,6,139.91,3.19,97.62,Returning,Card
INV104764,4/14/2025 17:05,S009,C0044,Clothing,2,23.83,11.21,12.24,New,Digital
INV103719,4/14/2025 20:06,S015,C0067,Clothing,1,30.44,3.96,18.82,Returning,Digital
INV102735,4/14/2025 20:59,S003,A0048,Accessories,6,17.73,0.69,7.24,New,Card
INV107551,4/14/2025 23:15,S005,A0045,Accessories,5,10.87,0.54,6.91,Returning,Card
INV100785,4/15/2025 0:15,S010,C0070,Clothing,1,30.65,15.13,17.27,New,Digital
INV103918,4/15/2025 1:17,S018,SH0002,Shoes,2,103.61,5.28,64.51,Returning,Digital
INV105854,4/15/2025 4:04,S018,C0007,Clothing,4,102.45,5.34,70.95,Returning,Digital
INV104061,4/15/2025 5:48,S014,A0047,Accessories,3,62.98,11.95,40.45,Returning,Cash
INV103930,4/15/2025 7:03,S007,C0024,Clothing,3,101.16,0.27,65.28,Returning,Digital
INV109385,4/15/2025 23:19,S007,A0043,Accessories,3,20.31,8.61,12.99,Returning,Card
INV102602,4/16/2025 3:36,S003,SH0038,Shoes,4,75.62,10.65,62.66,Returning,Digital
INV106103,4/16/2025 3:42,S012,A0001,Accessories,3,11.22,18.97,4.53,New,Card
INV109123,4/16/2025 6:07,S007,A0007,Accessories,2,19.44,2.19,9.44,New,Card
INV109085,4/16/2025 13:05,S006,SH0039,Shoes,1,199.14,13.62,138.2,Returning,Card
INV103274,4/16/2025 17:15,S002,A0024,Accessories,4,12.71,14.95,8.97,New,Digital
INV105870,4/16/2025 21:46,S006,C0052,Clothing,4,50.85,2.67,32.8,New,Digital
INV106570,4/16/2025 22:07,S020,C0091,Clothing,1,45.52,0.14,34.98,Returning,Digital
INV108320,4/17/2025 6:09,S001,SH0023,Shoes,5,174.04,2.63,119.77,Returning,Digital
INV104726,4/17/2025 9:20,S013,A0028,Accessories,6,37.29,15.07,23.93,New,Digital
INV103600,4/17/2025 10:30,S014,SH0019,Shoes,1,58.53,15.58,42.24,Returning,Cash
INV100957,4/17/2025 15:43,S014,A0003,Accessories,5,77.95,2.16,55.12,Returning,Digital
INV104914,4/17/2025 22:37,S006,A0015,Accessories,1,22.36,14.17,9.53,Returning,Card
INV102787,4/18/2025 5:50,S012,SH0004,Shoes,6,43.27,0.72,34.61,New,Cash
INV102947,4/18/2025 6:41,S017,C0037,Clothing,2,114.54,1.55,57.68,Returning,Cash
INV103691,4/18/2025 6:52,S016,SH0001,Shoes,4,173.29,5.64,100.31,Returning,Cash
INV105633,4/18/2025 14:26,S012,SH0033,Shoes,1,59.62,0.73,35.7,Returning,Card
INV108580,4/18/2025 16:38,S015,A0023,Accessories,5,63.43,1.37,34.44,Returning,Digital
INV103253,4/19/2025 0:23,S017,SH0033,Shoes,3,142.18,12.94,99.98,New,Digital
INV108505,4/19/2025 0:26,S004,SH0019,Shoes,2,159.01,13.9,114.22,Returning,Digital
INV106201,4/19/2025 3:34,S010,SH0015,Shoes,5,70.95,6.71,59.34,New,Cash
INV107519,4/19/2025 4:42,S012,C0041,Clothing,2,105.2,10.3,65.41,Returning,Cash
INV100107,4/19/2025 7:21,S012,C0010,Clothing,5,71.05,3.88,37.96,Returning,Digital
INV100100,4/19/2025 11:00,S001,C0073,Clothing,6,85.73,12.66,44.65,New,Digital
INV107199,4/19/2025 12:07,S013,C0097,Clothing,6,38.89,5.26,23.25,New,Cash
INV108552,4/19/2025 15:53,S005,SH0023,Shoes,4,118.42,11.38,90.69,Returning,Cash
INV108055,4/19/2025 16:33,S003,SH0007,Shoes,2,93.17,0.08,74.87,New,Card
INV108858,4/19/2025 18:02,S003,SH0022,Shoes,6,87.35,14.54,70.92,New,Cash
INV100647,4/19/2025 20:43,S020,C0059,Clothing,1,71.72,2.05,48.51,New,Digital
INV100487,4/20/2025 2:53,S010,A0042,Accessories,4,24.22,13.21,14.39,Returning,Cash
INV100057,4/20/2025 5:03,S002,A0008,Accessories,1,67.55,11.54,36.49,New,Cash
INV100459,4/20/2025 6:52,S008,SH0028,Shoes,3,165.49,10.89,112.63,New,Digital
INV104509,4/20/2025 12:18,S015,SH0015,Shoes,6,91.8,11.11,61.91,Returning,Cash
INV101641,4/20/2025 15:14,S006,C0069,Clothing,6,110.59,14.18,82.92,New,Digital
INV105025,4/20/2025 21:46,S017,C0064,Clothing,2,22.4,2.16,15.16,New,Digital
INV107742,4/20/2025 22:05,S015,SH0026,Shoes,2,52.43,9.69,43.66,Returning,Cash
INV107441,4/21/2025 3:40,S016,A0031,Accessories,2,28.87,1.59,14.43,New,Cash
INV107668,4/21/2025 4:07,S007,SH0017,Shoes,3,179.6,12.13,129.28,Returning,Digital
INV104793,4/21/2025 7:57,S014,A0047,Accessories,4,65.01,11.96,39.4,New,Card
INV106228,4/21/2025 9:41,S014,C0098,Clothing,2,70.11,14.12,35.54,New,Cash
INV103646,4/21/2025 13:10,S006,A0044,Accessories,1,62.25,17.92,38.85,Returning,Cash
INV102610,4/21/2025 19:27,S019,SH0033,Shoes,1,152.18,16.92,129.19,Returning,Digital
INV104758,4/21/2025 21:03,S010,C0018,Clothing,3,20.98,3.8,13.83,Returning,Digital
INV107684,4/21/2025 21:39,S014,A0029,Accessories,6,53.94,18.6,26.57,New,Card
INV105320,4/21/2025 22:59,S018,A0054,Accessories,1,48.45,7.59,33.4,Returning,Cash
INV109890,4/21/2025 23:34,S016,C0049,Clothing,2,57.82,1.6,38.81,New,Cash
INV103979,4/22/2025 2:36,S010,C0027,Clothing,1,91.29,11.18,61.02,New,Cash
INV102143,4/22/2025 3:28,S003,A0005,Accessories,2,68.35,6.45,44.1,Returning,Card
INV101845,4/22/2025 23:26,S001,C0008,Clothing,4,113.25,6,77.18,New,Card
INV102966,4/23/2025 5:55,S007,C0052,Clothing,5,37.13,8.39,28.24,New,Card
INV102431,4/23/2025 9:41,S013,A0050,Accessories,5,41.63,2.18,21.82,New,Digital
INV104385,4/23/2025 9:47,S004,A0021,Accessories,1,55.79,2.06,41.13,Returning,Digital
INV102499,4/23/2025 12:38,S014,A0018,Accessories,3,46.04,14.92,33.36,Returning,Digital
INV108510,4/23/2025 17:37,S013,SH0033,Shoes,1,156.8,14.89,99.36,Returning,Cash
INV109780,4/23/2025 19:27,S020,C0016,Clothing,3,46.42,12.49,34.37,Returning,Cash
INV108980,4/23/2025 20:07,S018,C0074,Clothing,1,90.07,10.28,50.39,Returning,Digital
INV109779,4/23/2025 22:52,S012,A0019,Accessories,4,56.5,11.45,32.33,Returning,Card
INV103361,4/24/2025 1:06,S020,SH0005,Shoes,5,95.79,1.24,70.3,New,Cash
INV100463,4/24/2025 2:37,S018,SH0033,Shoes,3,104.67,1.25,61.57,New,Cash
INV102851,4/24/2025 3:02,S007,C0049,Clothing,2,20.14,1.35,12.73,Returning,Digital
INV102097,4/24/2025 3:44,S012,SH0024,Shoes,5,119.35,14.3,84.57,Returning,Card
INV100338,4/24/2025 6:26,S007,SH0033,Shoes,5,62.79,16.69,38,New,Cash
INV103501,4/24/2025 17:09,S019,SH0001,Shoes,4,80.79,14.23,60.13,Returning,Digital
INV108484,4/24/2025 17:19,S004,C0081,Clothing,3,72.06,2.23,39.75,New,Card
INV106967,4/24/2025 17:58,S012,SH0018,Shoes,1,169.43,2.38,103.26,New,Digital
INV105475,4/24/2025 19:44,S002,C0021,Clothing,1,97.18,13.25,68.94,New,Digital
INV108187,4/24/2025 22:34,S004,C0044,Clothing,2,102.91,6.83,59.18,Returning,Digital
INV100978,4/25/2025 2:13,S001,SH0024,Shoes,4,88.65,13.49,68.73,New,Digital
INV105980,4/25/2025 4:39,S007,SH0031,Shoes,5,164.48,0.2,138.86,New,Digital
INV107700,4/25/2025 10:16,S011,SH0025,Shoes,2,159.61,6.4,97.36,New,Card
INV104850,4/25/2025 12:18,S005,SH0033,Shoes,2,163.45,4.13,99.77,New,Digital
INV104712,4/25/2025 14:43,S019,C0012,Clothing,1,75.66,0.59,60.1,New,Card
INV102093,4/25/2025 21:40,S018,C0031,Clothing,4,76.22,2.75,38.76,Returning,Cash
INV104126,4/26/2025 3:32,S008,C0052,Clothing,3,44.45,4.43,32.33,Returning,Cash
INV105634,4/26/2025 7:03,S020,SH0017,Shoes,3,43.27,3.98,34.16,New,Digital
INV107877,4/26/2025 10:01,S020,A0054,Accessories,5,74.76,15.23,50.1,New,Card
INV102348,4/26/2025 13:21,S001,C0031,Clothing,4,97.05,15.89,69.01,New,Cash
INV103504,4/26/2025 16:59,S013,C0047,Clothing,1,27.53,0.2,18.49,New,Cash
INV104196,4/26/2025 18:14,S014,SH0011,Shoes,3,178.39,6.38,144.49,Returning,Cash
INV108933,4/26/2025 22:00,S006,A0042,Accessories,1,12.9,5.8,8.82,Returning,Card
INV103040,4/26/2025 23:25,S012,A0033,Accessories,5,23.13,13.94,16.91,New,Card
INV104897,4/26/2025 23:43,S002,A0042,Accessories,3,41.62,5.44,26,New,Digital
INV100848,4/27/2025 9:07,S010,A0060,Accessories,2,57.99,10.46,32.66,New,Card
INV104672,4/27/2025 11:23,S004,C0006,Clothing,5,69.37,12.51,40.91,Returning,Digital
INV108599,4/27/2025 13:12,S006,A0036,Accessories,5,25.24,14.62,16.85,New,Cash
INV102494,4/27/2025 20:45,S005,A0016,Accessories,2,33.95,19.08,18.63,Returning,Card
INV102070,4/27/2025 22:14,S008,C0005,Clothing,2,117.95,13.49,83.07,New,Digital
INV109995,4/28/2025 3:28,S016,SH0035,Shoes,4,177.31,1.05,124.16,New,Card
INV106176,4/28/2025 10:54,S003,C0034,Clothing,5,63.09,10.11,38.38,Returning,Cash
INV106846,4/28/2025 17:53,S002,SH0018,Shoes,4,136.89,13.33,114.22,New,Card
INV109970,4/29/2025 4:11,S003,C0094,Clothing,3,49.23,8.42,34.05,Returning,Card
INV104230,4/29/2025 5:01,S010,A0025,Accessories,6,52.91,2.18,26.28,New,Card
INV102197,4/29/2025 6:39,S020,SH0035,Shoes,1,98.35,9.78,59.04,Returning,Card
INV102665,4/29/2025 8:35,S007,C0099,Clothing,3,116.78,4.59,76.78,New,Digital
INV103665,4/29/2025 16:10,S001,A0052,Accessories,2,77.05,13.7,57.3,New,Digital
INV108425,4/29/2025 20:30,S009,C0079,Clothing,5,39.44,13.35,21.63,Returning,Cash
INV108134,4/29/2025 22:46,S016,A0004,Accessories,2,17.49,1.13,12.68,New,Cash
INV109074,4/30/2025 2:41,S008,A0034,Accessories,4,70.23,4.03,49.41,New,Cash
INV108102,4/30/2025 7:43,S014,SH0039,Shoes,3,150.39,18.41,93.41,Returning,Digital
INV107583,4/30/2025 7:47,S002,A0006,Accessories,2,69,5.01,47.7,New,Cash
INV109907,4/30/2025 8:23,S014,A0039,Accessories,4,78.71,15.38,54.81,Returning,Cash
INV105289,4/30/2025 8:23,S007,A0057,Accessories,4,54.99,1.08,34.26,Returning,Cash
INV100265,4/30/2025 8:50,S014,SH0001,Shoes,4,47.7,19.38,32.51,Returning,Card
INV103052,4/30/2025 9:08,S003,SH0035,Shoes,6,141.98,3.5,105.98,New,Cash
INV109662,4/30/2025 11:23,S015,C0048,Clothing,5,55.26,18.01,37.26,Returning,Cash
INV106719,4/30/2025 14:14,S017,C0080,Clothing,3,67.37,2.65,42.01,New,Card
INV105337,4/30/2025 14:30,S014,A0002,Accessories,4,40.98,8.52,22.87,New,Card
INV103015,4/30/2025 15:20,S007,C0063,Clothing,6,54.53,10.06,37.86,New,Digital
INV108066,4/30/2025 15:50,S004,A0002,Accessories,3,38.32,16.72,17.6,New,Cash
INV104626,4/30/2025 17:16,S004,C0061,Clothing,3,20.6,4.58,16.14,Returning,Card
INV103230,4/30/2025 18:22,S001,C0095,Clothing,3,111.4,2.01,82.13,Returning,Digital
INV105467,4/30/2025 20:03,S001,A0028,Accessories,3,35.32,19.51,18.71,New,Cash
INV108840,4/30/2025 20:48,S003,SH0024,Shoes,1,109.59,14.02,65.61,Returning,Card
INV107335,4/30/2025 22:28,S012,A0045,Accessories,4,46.7,7.14,28.22,New,Digital
INV103131,5/1/2025 1:42,S016,C0051,Clothing,1,111.03,14.03,63.43,New,Cash
INV102183,5/1/2025 6:19,S002,C0041,Clothing,6,95.44,15.54,69.67,New,Cash
INV107984,5/1/2025 7:46,S008,SH0032,Shoes,3,132.82,15.82,95.39,New,Digital
INV106480,5/1/2025 8:39,S001,C0043,Clothing,5,71.22,2.44,42.17,New,Cash
INV105160,5/1/2025 16:21,S010,A0012,Accessories,3,22.44,0.46,14.95,Returning,Cash
INV108899,5/1/2025 19:01,S019,A0027,Accessories,3,34.91,6.34,23.25,New,Cash
INV100378,5/1/2025 21:38,S017,SH0037,Shoes,3,143.98,7.1,102.45,Returning,Digital
INV108333,5/2/2025 1:25,S009,SH0033,Shoes,4,167.12,16.73,104.83,Returning,Digital
INV103084,5/2/2025 2:48,S013,C0082,Clothing,4,20.18,1.6,11.98,Returning,Digital
INV100080,5/2/2025 7:40,S005,SH0017,Shoes,6,148.44,13.62,113.75,New,Digital
INV102040,5/2/2025 16:03,S011,C0080,Clothing,4,83.92,10.33,44.56,Returning,Card
INV109819,5/2/2025 16:42,S004,SH0035,Shoes,6,88.83,10.72,65.9,New,Cash
INV104499,5/3/2025 2:38,S003,C0033,Clothing,1,77.36,19.41,59.61,Returning,Cash
INV106820,5/3/2025 6:51,S016,SH0034,Shoes,6,153.78,15.69,106.05,New,Card
INV101554,5/3/2025 10:44,S020,A0013,Accessories,3,12.63,11.3,8.32,New,Card
INV107189,5/3/2025 11:03,S011,A0034,Accessories,5,37.59,10.91,15.73,New,Digital
INV100368,5/3/2025 16:34,S011,SH0017,Shoes,6,79.72,14.98,46.07,New,Digital
INV105076,5/3/2025 16:54,S006,C0088,Clothing,3,86.26,18.3,49.82,Returning,Cash
INV102088,5/3/2025 20:35,S013,SH0011,Shoes,2,176.75,8.68,141.34,Returning,Digital
INV103832,5/3/2025 22:33,S019,A0042,Accessories,2,78.07,0.49,52.49,Returning,Digital
INV109740,5/4/2025 3:57,S020,C0023,Clothing,3,46.04,18.7,33.85,Returning,Cash
INV105086,5/4/2025 11:56,S004,A0051,Accessories,3,40.11,12.98,17.91,Returning,Card
INV103685,5/4/2025 14:16,S018,A0046,Accessories,4,46.86,8.39,19.46,Returning,Digital
INV108640,5/4/2025 14:37,S020,SH0025,Shoes,2,41.06,0.35,24.96,New,Card
INV108741,5/4/2025 19:21,S002,SH0007,Shoes,3,132.88,11.32,103.65,New,Card
INV107607,5/4/2025 19:42,S007,SH0013,Shoes,6,64.2,13.9,53.06,New,Digital
INV104492,5/4/2025 22:22,S014,SH0013,Shoes,3,135.03,17.35,77.71,Returning,Digital
INV101484,5/4/2025 22:47,S003,SH0024,Shoes,6,143.03,15.02,117.86,New,Cash
INV106014,5/4/2025 23:04,S020,A0004,Accessories,6,24.6,11.62,12.87,Returning,Digital
INV102592,5/5/2025 1:38,S011,A0033,Accessories,1,32.32,7.9,15.35,New,Cash
INV104941,5/5/2025 11:46,S016,SH0011,Shoes,2,123.35,18.89,68.53,Returning,Digital
INV101718,5/5/2025 21:45,S015,C0093,Clothing,6,70.73,5.7,37.46,Returning,Card
INV107035,5/5/2025 22:46,S019,SH0037,Shoes,3,66.56,5.33,54.14,Returning,Digital
INV107067,5/5/2025 23:45,S018,C0006,Clothing,3,70.03,19.59,55.53,New,Cash
INV103103,5/6/2025 4:50,S012,SH0038,Shoes,2,140.02,11.62,77.21,New,Card
INV107425,5/6/2025 5:15,S012,C0085,Clothing,4,22.16,15.79,17.13,New,Cash
INV105574,5/6/2025 8:33,S002,C0036,Clothing,5,98.33,17.58,74.9,Returning,Card
INV102228,5/6/2025 10:04,S015,A0050,Accessories,1,54.89,12.23,27.92,Returning,Cash
INV100250,5/6/2025 12:32,S015,SH0020,Shoes,1,81.63,19.04,69.16,New,Cash
INV109582,5/6/2025 13:07,S009,A0031,Accessories,3,71.69,12.23,36.94,Returning,Digital
INV104151,5/6/2025 14:44,S020,A0006,Accessories,1,16.93,9.16,11.95,Returning,Card
INV104107,5/6/2025 17:18,S011,A0017,Accessories,3,27.23,9.77,18.43,New,Digital
INV107164,5/6/2025 17:42,S003,A0005,Accessories,6,75.79,18.13,39.52,Returning,Digital
INV102867,5/6/2025 21:42,S015,SH0010,Shoes,2,188.21,19.73,118.12,New,Card
INV105423,5/7/2025 3:31,S020,C0039,Clothing,3,37.25,4.69,18.94,New,Digital
INV109034,5/7/2025 5:35,S006,A0021,Accessories,1,29.88,14.07,21.01,Returning,Digital
INV109285,5/7/2025 8:08,S020,SH0008,Shoes,2,54.36,8.19,38.59,New,Card
INV108467,5/7/2025 9:16,S015,C0070,Clothing,5,61.73,9.67,41.91,Returning,Card
INV109375,5/7/2025 11:13,S017,C0012,Clothing,2,40.69,18.9,28.04,Returning,Cash
INV103905,5/7/2025 12:28,S006,C0034,Clothing,6,25.23,18.3,15.39,Returning,Cash
INV102587,5/7/2025 19:23,S020,A0006,Accessories,1,43.9,15.74,24.18,New,Digital
INV106084,5/7/2025 22:20,S007,C0062,Clothing,1,96.66,2.06,49.86,Returning,Cash
INV108460,5/8/2025 1:32,S017,C0086,Clothing,5,41.79,19.69,26.49,Returning,Cash
INV105600,5/8/2025 2:12,S001,A0020,Accessories,5,32.9,0.69,14.85,New,Card
INV109843,5/8/2025 3:20,S003,SH0015,Shoes,5,115.32,3.95,79.39,Returning,Digital
INV100814,5/8/2025 5:15,S013,C0039,Clothing,6,39.38,15.6,29.62,Returning,Digital
INV102145,5/8/2025 8:06,S013,C0093,Clothing,2,97.26,1.88,55.97,New,Cash
INV106765,5/8/2025 16:54,S013,SH0005,Shoes,4,181.94,10.53,115.9,New,Card
INV106872,5/8/2025 19:41,S005,A0031,Accessories,6,25.1,1.94,15.07,New,Digital
INV103775,5/8/2025 20:07,S001,C0034,Clothing,1,72.24,6.64,43.61,Returning,Cash
INV108294,5/8/2025 20:16,S004,C0011,Clothing,2,73.41,8.41,53.67,Returning,Cash
INV101157,5/8/2025 21:25,S020,SH0039,Shoes,2,88.03,6.08,58.66,Returning,Digital
INV100397,5/8/2025 23:08,S007,C0063,Clothing,5,90.66,13.94,60.53,New,Digital
INV100346,5/9/2025 1:14,S017,A0015,Accessories,1,14.4,13.37,7.62,Returning,Card
INV100663,5/9/2025 2:18,S004,SH0033,Shoes,3,127.46,18.53,73.09,New,Cash
INV100464,5/9/2025 3:55,S013,C0031,Clothing,6,63.17,6.36,42.77,Returning,Card
INV101506,5/9/2025 4:44,S014,C0032,Clothing,2,57.29,10.07,31.98,Returning,Cash
INV106827,5/9/2025 5:44,S019,SH0014,Shoes,1,158.49,14.39,102.22,New,Card
INV103336,5/9/2025 9:33,S014,C0007,Clothing,1,21.36,0.45,16.38,Returning,Card
INV101982,5/9/2025 13:24,S001,A0033,Accessories,2,49.91,19.62,36.55,Returning,Cash
INV102168,5/9/2025 13:27,S001,A0001,Accessories,6,55.68,10.1,23.76,New,Card
INV100488,5/9/2025 15:05,S019,SH0029,Shoes,2,157.65,0.51,93.33,New,Card
INV108329,5/9/2025 17:21,S017,A0052,Accessories,4,20.33,13.18,13.91,New,Cash
INV107574,5/10/2025 2:08,S011,A0005,Accessories,3,59.92,6.93,27.42,Returning,Digital
INV104050,5/10/2025 5:02,S018,A0037,Accessories,3,50.8,2.87,34.8,New,Cash
INV107096,5/10/2025 17:58,S012,A0026,Accessories,4,68.09,18.97,34.84,Returning,Cash
INV108769,5/11/2025 0:17,S006,C0054,Clothing,2,91.25,18.13,56.47,Returning,Card
INV105485,5/11/2025 8:21,S005,C0068,Clothing,2,38.93,5.49,28.95,New,Cash
INV102303,5/11/2025 9:23,S003,C0051,Clothing,2,47.54,13.17,30.88,New,Card
INV108429,5/11/2025 10:16,S017,SH0019,Shoes,3,51.51,3.61,39.99,Returning,Cash
INV107790,5/11/2025 10:47,S004,A0053,Accessories,3,57.87,18.81,30.25,Returning,Cash
INV103513,5/11/2025 16:29,S005,C0049,Clothing,3,21.95,10.77,11.37,Returning,Cash
INV107171,5/11/2025 16:31,S009,A0036,Accessories,5,36.84,6.55,17.02,New,Cash
INV102918,5/11/2025 18:26,S015,A0001,Accessories,2,12.92,14.11,9.37,Returning,Cash
INV100706,5/11/2025 21:25,S013,SH0004,Shoes,1,196.05,0.06,159.18,New,Cash
INV102841,5/11/2025 21:57,S002,C0091,Clothing,6,67.69,7.88,37.93,New,Cash
INV102091,5/11/2025 23:02,S002,C0069,Clothing,6,46.91,16.45,29.98,Returning,Cash
INV100898,5/12/2025 7:29,S012,SH0008,Shoes,4,150.89,7.24,103.13,New,Card
INV109965,5/12/2025 12:57,S010,SH0014,Shoes,2,162.56,1.14,124.17,Returning,Cash
INV105908,5/12/2025 15:45,S006,C0040,Clothing,3,84.92,12.61,50.48,New,Digital
INV102628,5/12/2025 16:30,S010,A0050,Accessories,2,76.09,8.34,39.67,New,Cash
INV103990,5/12/2025 17:22,S012,A0048,Accessories,6,22.77,18.46,9.69,Returning,Card
INV107774,5/12/2025 19:14,S007,A0058,Accessories,2,19.83,10.68,8.49,Returning,Card
INV104011,5/12/2025 19:31,S009,SH0014,Shoes,3,81.88,7.15,61.55,New,Cash
INV100698,5/12/2025 20:45,S005,C0090,Clothing,5,86.57,9.11,47.13,Returning,Cash
INV100088,5/13/2025 3:43,S015,SH0023,Shoes,1,49.69,18.98,31.44,New,Digital
INV109107,5/13/2025 10:18,S013,SH0006,Shoes,3,165.3,19.72,120.6,Returning,Cash
INV107711,5/13/2025 12:44,S014,A0014,Accessories,3,74.35,16.92,46.57,New,Cash
INV105379,5/13/2025 16:33,S009,C0075,Clothing,3,96.16,10.25,69.93,Returning,Card
INV107828,5/13/2025 20:06,S005,A0060,Accessories,3,47.37,0.55,31.19,New,Digital
INV105608,5/13/2025 20:27,S004,A0054,Accessories,1,11.51,13.78,6.31,Returning,Cash
INV106357,5/13/2025 22:25,S019,SH0028,Shoes,4,127.78,9.93,81.58,New,Digital
INV100381,5/13/2025 23:37,S009,A0027,Accessories,2,21.71,14.56,15.17,New,Cash
INV106181,5/14/2025 1:03,S014,A0056,Accessories,6,14.49,1.12,10.08,New,Cash
INV104449,5/14/2025 3:49,S019,C0019,Clothing,1,111.76,5.98,58.76,New,Cash
INV106904,5/14/2025 5:39,S002,SH0012,Shoes,2,118.29,19.98,82.59,New,Cash
INV101354,5/14/2025 10:50,S003,SH0019,Shoes,5,68.44,18.21,40.29,Returning,Card
INV102838,5/14/2025 11:51,S010,A0030,Accessories,5,51.56,7.03,34.79,Returning,Cash
INV106888,5/14/2025 20:30,S018,C0056,Clothing,2,40.6,12.83,28.17,New,Digital
INV105212,5/15/2025 2:37,S002,A0048,Accessories,5,27.99,15.41,13.58,Returning,Card
INV107492,5/15/2025 6:19,S005,C0007,Clothing,1,57.69,5.54,36.16,New,Card
INV104214,5/15/2025 13:20,S011,SH0026,Shoes,6,106.23,13.17,75.36,New,Cash
INV103695,5/15/2025 18:34,S008,SH0008,Shoes,5,178.08,0.27,139,New,Cash
INV104656,5/15/2025 20:08,S001,A0030,Accessories,5,43.82,3.91,18.14,Returning,Card
INV101726,5/15/2025 22:47,S005,C0012,Clothing,4,52.19,17.89,37.62,Returning,Cash
INV104000,5/16/2025 1:25,S012,SH0038,Shoes,3,106.17,1.33,67.31,New,Card
INV106195,5/16/2025 10:42,S001,C0082,Clothing,1,49.54,0.24,37.77,New,Card
INV105011,5/16/2025 14:39,S003,C0009,Clothing,3,106.99,18.67,64.32,Returning,Cash
INV100082,5/16/2025 16:32,S010,A0054,Accessories,4,21.52,19.35,15.49,Returning,Cash
INV100348,5/16/2025 18:41,S012,C0067,Clothing,2,45.16,10.33,35.76,Returning,Card
INV105763,5/16/2025 19:06,S008,C0027,Clothing,5,111.51,15.44,67.52,Returning,Card
INV101349,5/16/2025 19:56,S014,A0031,Accessories,1,60.95,4.76,44.66,Returning,Card
INV103343,5/16/2025 20:32,S006,C0033,Clothing,6,88.32,10.84,46.39,New,Cash
INV104871,5/16/2025 20:59,S014,C0076,Clothing,5,118.18,16,70.13,New,Digital
INV104327,5/16/2025 22:29,S009,C0054,Clothing,4,51.76,17.14,40.81,New,Digital
INV103512,5/16/2025 23:22,S001,A0048,Accessories,6,22.58,14.98,10.53,Returning,Cash
INV102196,5/17/2025 2:32,S014,C0002,Clothing,2,34.14,5.35,22.34,Returning,Digital
INV108535,5/17/2025 3:09,S016,SH0001,Shoes,1,46.87,0.91,32.52,New,Digital
INV102727,5/17/2025 3:14,S018,A0005,Accessories,2,10.76,2.17,7.13,Returning,Card
INV106105,5/17/2025 7:01,S009,SH0030,Shoes,3,141.87,3.1,89.98,New,Digital
INV109994,5/17/2025 8:33,S018,SH0019,Shoes,5,58.87,1.37,37.97,Returning,Card
INV101107,5/17/2025 16:54,S018,A0027,Accessories,3,59.51,14.38,26.56,New,Card
INV104053,5/18/2025 2:01,S010,C0028,Clothing,5,58.59,6.98,36.52,New,Digital
INV109114,5/18/2025 2:12,S008,SH0008,Shoes,4,186.04,12.02,129.74,New,Cash
INV107957,5/18/2025 10:06,S017,C0093,Clothing,3,93.04,12.17,66.61,Returning,Cash
INV107348,5/18/2025 10:24,S007,C0075,Clothing,5,64.84,4.57,38.98,Returning,Cash
INV102439,5/18/2025 11:44,S007,C0020,Clothing,4,23.67,5.03,14.75,Returning,Card
INV106024,5/18/2025 15:47,S008,A0025,Accessories,6,46.88,4.57,20.17,New,Card
INV102276,5/18/2025 17:14,S014,SH0020,Shoes,6,70.74,1.65,56.72,Returning,Card
INV106643,5/18/2025 21:18,S003,C0032,Clothing,3,41.64,13.52,27.25,New,Cash
INV101092,5/18/2025 23:01,S013,A0010,Accessories,5,12.98,17.03,7.06,New,Digital
INV103281,5/19/2025 2:30,S001,A0016,Accessories,2,35.31,13.04,17.38,New,Digital
INV107061,5/19/2025 7:03,S009,SH0019,Shoes,1,172.84,16.73,105.44,Returning,Cash
INV108221,5/19/2025 7:27,S017,C0059,Clothing,3,58.96,9.5,33.21,New,Card
INV103248,5/19/2025 8:05,S015,SH0037,Shoes,2,167.71,18.64,98,New,Card
INV106212,5/19/2025 20:22,S015,SH0012,Shoes,4,168.99,12.58,96.53,New,Card
INV104240,5/20/2025 3:12,S002,SH0023,Shoes,3,169.5,2.9,123.09,Returning,Cash
INV104213,5/20/2025 5:15,S006,SH0001,Shoes,2,73.17,14.76,48.71,Returning,Card
INV109288,5/20/2025 5:46,S020,SH0014,Shoes,3,78.22,4.78,49.83,Returning,Cash
INV104066,5/20/2025 11:32,S020,C0055,Clothing,5,46.09,8.97,26.68,Returning,Digital
INV104880,5/20/2025 14:32,S018,A0027,Accessories,1,11.92,9.42,7.99,New,Digital
INV101912,5/20/2025 16:38,S018,SH0025,Shoes,2,66.82,10.11,53.32,Returning,Card
INV106866,5/20/2025 18:40,S009,SH0005,Shoes,1,95.97,17.55,80.81,Returning,Card
INV105348,5/20/2025 23:10,S018,SH0034,Shoes,2,162.93,9.2,118.8,Returning,Cash
INV107063,5/21/2025 1:16,S004,A0030,Accessories,6,60.66,8.77,40.84,Returning,Cash
INV108944,5/21/2025 6:23,S001,SH0007,Shoes,5,102.93,15.36,59.62,New,Card
INV105613,5/21/2025 6:55,S011,C0046,Clothing,1,89.32,2.44,46.44,New,Digital
INV106584,5/21/2025 9:30,S018,A0028,Accessories,2,24.28,6.05,10,Returning,Cash
INV106171,5/21/2025 11:53,S009,A0049,Accessories,3,42.32,11.12,29.92,New,Digital
INV105298,5/21/2025 13:57,S008,SH0011,Shoes,4,199.71,11.76,117.56,Returning,Cash
INV103794,5/21/2025 13:59,S005,A0052,Accessories,3,15.45,15.5,9.28,Returning,Cash
INV107188,5/21/2025 14:57,S005,SH0035,Shoes,5,65.08,9.72,42.04,New,Card
INV104942,5/21/2025 22:17,S010,A0001,Accessories,5,39.25,11.83,22.81,New,Card
INV107208,5/21/2025 22:36,S011,A0015,Accessories,2,20.96,12.65,11.48,Returning,Digital
INV106050,5/22/2025 2:23,S020,C0019,Clothing,3,29.68,18.49,18.41,New,Cash
INV105957,5/22/2025 4:31,S007,C0094,Clothing,3,46.23,5.6,29.1,New,Digital
INV102718,5/22/2025 14:32,S005,SH0001,Shoes,1,48.66,16.99,31.91,Returning,Digital
INV107379,5/22/2025 15:48,S002,C0090,Clothing,1,26.59,10.51,15.68,New,Card
INV106129,5/22/2025 21:32,S006,A0040,Accessories,1,66.13,13.57,40.99,New,Cash
INV101188,5/23/2025 4:45,S013,SH0025,Shoes,2,66.94,6.28,44.93,Returning,Cash
INV104596,5/23/2025 5:07,S005,A0054,Accessories,6,76.69,19.42,43.75,New,Cash
INV101150,5/23/2025 14:22,S014,A0010,Accessories,4,67,13.51,44.43,Returning,Card
INV109215,5/23/2025 18:25,S014,A0029,Accessories,6,61.34,16.53,33.7,New,Card
INV101997,5/23/2025 18:36,S001,SH0002,Shoes,5,127.16,17.9,80.55,Returning,Digital
INV101627,5/23/2025 19:14,S011,A0021,Accessories,2,21.95,10.69,15.3,New,Card
INV100656,5/23/2025 21:10,S005,SH0028,Shoes,2,180.54,17.65,102.84,New,Cash
INV102190,5/23/2025 22:08,S020,A0022,Accessories,1,78.46,10.54,47.48,New,Card
INV103909,5/24/2025 1:03,S020,C0021,Clothing,3,117.42,7.79,84.59,New,Cash
INV108337,5/24/2025 5:53,S007,C0045,Clothing,3,58.35,3.45,32.07,New,Digital
INV100126,5/24/2025 8:47,S019,A0051,Accessories,6,14.73,12.57,7.14,Returning,Cash
INV101287,5/24/2025 9:55,S018,C0024,Clothing,6,60.33,7.38,34.31,New,Card
INV106762,5/24/2025 12:37,S005,A0050,Accessories,3,28.01,11.08,11.51,New,Card
INV101944,5/24/2025 16:03,S007,C0093,Clothing,2,89.67,1.72,57.76,New,Card
INV108192,5/25/2025 0:42,S019,C0062,Clothing,1,118.01,2.42,66.93,Returning,Cash
INV109182,5/25/2025 1:17,S015,C0003,Clothing,4,100.03,1.96,70.67,Returning,Cash
INV100682,5/25/2025 7:12,S003,C0054,Clothing,2,22.79,13.6,11.49,New,Cash
INV106832,5/25/2025 7:41,S007,A0007,Accessories,1,20.27,15.81,13.07,Returning,Digital
INV103957,5/25/2025 7:51,S001,C0014,Clothing,5,65.34,6.05,43.03,Returning,Digital
INV100661,5/25/2025 8:35,S002,C0097,Clothing,3,28.4,4.6,17.99,Returning,Digital
INV104367,5/25/2025 10:09,S007,SH0039,Shoes,4,97.81,19.32,68.07,Returning,Cash
INV102290,5/25/2025 14:02,S008,SH0014,Shoes,4,131.12,2.89,107.25,Returning,Card
INV102510,5/25/2025 15:18,S005,A0021,Accessories,1,20.43,15.79,13.92,Returning,Digital
INV108183,5/25/2025 16:01,S004,SH0009,Shoes,6,172.79,2.74,97.43,New,Cash
INV102233,5/25/2025 16:25,S001,SH0032,Shoes,3,56.69,5.45,37.06,Returning,Cash
INV106770,5/25/2025 18:29,S010,C0070,Clothing,4,100.93,8.18,59.61,Returning,Card
INV100974,5/25/2025 18:30,S002,A0018,Accessories,3,62.28,10.03,41.88,Returning,Cash
INV105281,5/25/2025 20:19,S010,SH0021,Shoes,2,163.99,16.94,117.18,Returning,Digital
INV103276,5/25/2025 21:26,S003,A0017,Accessories,3,11.29,8.11,4.71,New,Cash
INV105126,5/25/2025 21:48,S001,C0089,Clothing,4,103.17,11.87,75.33,New,Digital
INV109417,5/25/2025 23:16,S001,A0003,Accessories,3,77.08,6.26,47.67,New,Card
INV105611,5/26/2025 3:38,S017,A0022,Accessories,5,27.32,3.04,15.37,Returning,Digital
INV100266,5/26/2025 3:53,S011,SH0015,Shoes,1,66.03,5.9,37.78,Returning,Cash
INV108286,5/26/2025 3:55,S018,C0048,Clothing,6,69.21,19.05,38.36,New,Cash
INV101381,5/26/2025 4:01,S003,SH0013,Shoes,3,152.1,14.43,100.39,New,Cash
INV108766,5/26/2025 8:35,S020,C0088,Clothing,6,46.89,15.92,26.52,New,Digital
INV102714,5/26/2025 8:49,S004,A0025,Accessories,5,39.28,1.28,29.41,New,Cash
INV103750,5/26/2025 9:03,S003,SH0039,Shoes,3,178.91,4.31,123,Returning,Cash
INV105721,5/26/2025 9:07,S011,C0021,Clothing,3,34.64,10.69,26.51,Returning,Digital
INV106841,5/26/2025 9:44,S014,A0008,Accessories,1,18.77,6.75,10.28,New,Cash
INV103485,5/26/2025 10:14,S010,A0015,Accessories,3,68.55,4.08,46.39,New,Digital
INV103044,5/26/2025 11:26,S013,C0059,Clothing,6,84.06,0.05,56.64,Returning,Card
INV109496,5/26/2025 12:43,S018,A0008,Accessories,2,26.12,8.33,14.75,New,Digital
INV101680,5/26/2025 19:01,S005,SH0012,Shoes,3,107.31,1.89,79.16,Returning,Card
INV108727,5/27/2025 6:55,S016,SH0040,Shoes,6,81.69,16.68,68.24,Returning,Digital
INV105219,5/27/2025 11:53,S010,A0025,Accessories,2,25.59,0.01,15.87,New,Cash
INV108628,5/27/2025 13:11,S020,C0035,Clothing,6,114.59,13.7,61.64,New,Card
INV100101,5/27/2025 13:29,S002,C0048,Clothing,5,51.16,11.92,30.56,New,Cash
INV109108,5/27/2025 13:43,S013,C0095,Clothing,4,23.35,15.83,16.79,New,Digital
INV102176,5/27/2025 15:03,S007,C0050,Clothing,2,52.75,14.95,28.7,Returning,Card
INV105725,5/27/2025 20:36,S008,C0093,Clothing,2,38.07,8.62,20.62,Returning,Digital
INV101584,5/27/2025 21:20,S001,A0038,Accessories,2,71.53,18.18,38.19,New,Cash
INV109032,5/27/2025 21:51,S006,A0042,Accessories,6,10.42,19.97,5.41,Returning,Cash
INV103593,5/28/2025 1:18,S002,A0018,Accessories,4,32.71,9.93,15.17,New,Cash
INV103681,5/28/2025 4:28,S005,C0029,Clothing,3,30.21,10.42,23.49,Returning,Card
INV104645,5/28/2025 5:06,S012,A0019,Accessories,6,15.01,4.43,6.16,New,Card
INV101490,5/28/2025 5:21,S007,C0028,Clothing,1,36.07,1.46,21.8,Returning,Card
INV108461,5/28/2025 6:44,S019,SH0013,Shoes,3,65.74,10.85,44.72,New,Digital
INV102864,5/28/2025 14:16,S017,A0036,Accessories,6,72.61,8.39,43.27,Returning,Digital
INV108315,5/28/2025 15:08,S013,A0029,Accessories,2,11,17.54,5.43,New,Card
INV109692,5/28/2025 19:24,S017,C0069,Clothing,4,81.87,11.88,61.86,New,Cash
INV108578,5/29/2025 3:35,S018,SH0005,Shoes,3,98.9,9.57,64.37,Returning,Cash
INV109809,5/29/2025 4:32,S005,A0045,Accessories,4,17.8,13.07,11.21,New,Cash
INV107205,5/29/2025 4:49,S006,C0027,Clothing,1,26.37,2.16,18.73,Returning,Card
INV109200,5/29/2025 9:53,S017,A0001,Accessories,1,64.94,9.24,35.96,Returning,Cash
INV103715,5/29/2025 11:28,S013,SH0023,Shoes,4,95.53,11.15,62.05,Returning,Cash
INV102930,5/29/2025 16:25,S016,SH0036,Shoes,5,101.78,13.91,78.54,New,Card
INV103866,5/29/2025 16:56,S001,C0034,Clothing,3,89.5,2.89,49.83,New,Digital
INV105720,5/29/2025 23:17,S017,SH0002,Shoes,1,60,13,38.94,Returning,Cash
INV100995,5/30/2025 0:42,S004,A0015,Accessories,3,31.65,12.17,15.14,New,Card
INV103885,5/30/2025 4:46,S008,C0008,Clothing,3,41.87,17,32.04,New,Cash
INV107163,5/30/2025 6:56,S009,A0049,Accessories,1,52.44,0.24,30.49,New,Card
INV108936,5/30/2025 14:11,S018,C0079,Clothing,1,84.52,18.5,65,New,Card
INV106667,5/30/2025 15:53,S008,A0005,Accessories,1,15.21,13.61,10.72,New,Digital
INV106756,5/30/2025 16:15,S014,C0095,Clothing,2,57.98,5.66,31.32,New,Cash
INV109235,5/30/2025 16:17,S012,A0050,Accessories,1,73.21,7.32,43.51,Returning,Card
INV106001,5/30/2025 17:50,S007,C0031,Clothing,1,32.75,7.53,20.22,Returning,Digital
INV107794,5/31/2025 2:26,S001,C0059,Clothing,1,51.73,15.96,35.47,New,Digital
INV109855,5/31/2025 3:52,S002,C0012,Clothing,2,96.93,7,69.22,Returning,Card
INV104852,5/31/2025 3:59,S008,A0057,Accessories,6,77.43,3.27,52.22,New,Card
INV100005,5/31/2025 8:29,S003,A0011,Accessories,3,35.91,14.04,17,New,Digital
INV104655,5/31/2025 8:43,S007,SH0032,Shoes,5,62.68,19.26,38.99,Returning,Cash
INV102077,5/31/2025 9:01,S003,C0072,Clothing,1,56.94,6.34,41.15,Returning,Cash
INV106249,5/31/2025 10:19,S006,SH0035,Shoes,2,64.1,9.18,44.53,New,Card
INV106214,5/31/2025 13:54,S008,SH0018,Shoes,5,164.94,5.76,117.71,New,Card
INV104973,5/31/2025 17:14,S019,C0020,Clothing,3,107.63,6.92,57.79,New,Digital
INV101676,5/31/2025 18:02,S004,SH0031,Shoes,4,181.54,2.85,135.52,New,Card
INV105312,5/31/2025 19:08,S008,A0005,Accessories,5,10.44,12.6,6.81,New,Digital
INV109618,5/31/2025 22:42,S009,SH0019,Shoes,3,89.2,12.08,71.26,New,Cash
INV107528,5/31/2025 23:43,S013,C0025,Clothing,1,81.05,1.07,50.65,Returning,Card
INV104881,6/1/2025 3:55,S018,A0048,Accessories,4,53.98,5.85,25.89,New,Cash
INV107732,6/1/2025 7:50,S019,A0033,Accessories,3,14.54,19.02,5.95,Returning,Cash
INV103373,6/1/2025 10:11,S017,SH0019,Shoes,2,56.05,1.49,36.15,New,Cash
INV100271,6/1/2025 11:11,S005,C0034,Clothing,3,63.97,11.28,37.04,New,Cash
INV101907,6/1/2025 11:52,S005,SH0020,Shoes,1,106.29,18.67,75.96,New,Cash
INV109752,6/1/2025 12:07,S010,C0098,Clothing,4,87.99,10.38,65.78,New,Cash
INV107570,6/1/2025 12:32,S015,C0047,Clothing,6,27.23,11.58,21.77,New,Card
INV104128,6/1/2025 13:27,S005,A0037,Accessories,5,54.85,18.73,28.8,Returning,Cash
INV102157,6/1/2025 13:37,S018,A0039,Accessories,3,22.13,4.67,10.15,Returning,Cash
INV109477,6/1/2025 15:29,S003,A0045,Accessories,5,13.54,3.12,5.42,New,Cash
INV101569,6/1/2025 18:03,S003,SH0006,Shoes,4,143.46,17.79,120.75,Returning,Card
INV103157,6/1/2025 19:12,S014,A0043,Accessories,2,74.08,19.04,40.39,New,Cash
INV100896,6/1/2025 20:05,S018,C0073,Clothing,5,70.35,14.68,47.3,New,Digital
INV101423,6/1/2025 22:02,S020,C0010,Clothing,6,67.45,1.24,42.27,Returning,Cash
INV108107,6/1/2025 23:54,S010,A0015,Accessories,2,55.37,10.78,23.82,Returning,Cash
INV105067,6/2/2025 0:18,S001,C0072,Clothing,4,85.77,9.3,50.13,Returning,Card
INV101400,6/2/2025 3:09,S008,A0019,Accessories,5,76.68,5.32,43.69,New,Card
INV108526,6/2/2025 4:28,S001,C0022,Clothing,3,75.25,3.95,37.64,Returning,Digital
INV102898,6/2/2025 5:52,S011,SH0018,Shoes,1,106.73,1.88,64.56,Returning,Card
INV109325,6/2/2025 6:45,S001,A0038,Accessories,6,19.38,4.53,13.19,New,Cash
INV103058,6/2/2025 7:32,S011,C0061,Clothing,5,32.24,1.6,25.15,New,Cash
INV103556,6/2/2025 9:24,S018,SH0027,Shoes,4,173.87,5.19,147.79,Returning,Card
INV105229,6/2/2025 9:35,S013,A0025,Accessories,3,10.44,17.12,6.09,Returning,Card
INV101009,6/2/2025 10:35,S004,SH0013,Shoes,4,167.6,17.13,123.23,New,Cash
INV106973,6/2/2025 17:59,S008,C0087,Clothing,2,48.45,14.77,29.83,Returning,Digital
INV100765,6/2/2025 20:16,S007,SH0039,Shoes,2,128.14,6.49,101.88,Returning,Cash
INV105874,6/2/2025 21:38,S003,SH0009,Shoes,1,196.46,3.87,128.6,Returning,Digital
INV108041,6/2/2025 23:43,S020,C0051,Clothing,2,40.52,19.8,31.04,New,Cash
INV100295,6/3/2025 0:02,S017,C0094,Clothing,3,57.31,15.14,28.9,New,Cash
INV108099,6/3/2025 2:38,S017,C0023,Clothing,1,39.36,6.66,28.75,New,Cash
INV107298,6/3/2025 8:15,S008,SH0010,Shoes,3,104.3,3.72,63.84,New,Digital
INV103655,6/3/2025 12:45,S005,A0014,Accessories,1,76.46,16.06,45.3,New,Cash
INV106782,6/3/2025 12:54,S007,C0100,Clothing,1,23.38,3.4,17.32,New,Cash
INV102253,6/3/2025 14:36,S006,SH0018,Shoes,4,131.94,14.01,91.92,Returning,Card
INV102774,6/3/2025 16:02,S011,SH0022,Shoes,1,109.78,10.58,82.26,Returning,Cash
INV104019,6/3/2025 18:07,S014,A0014,Accessories,2,59.27,11.25,36.17,New,Cash
INV106867,6/3/2025 20:10,S011,C0070,Clothing,5,66.56,8.13,38.51,New,Cash
INV106477,6/3/2025 21:42,S005,A0045,Accessories,1,39.03,9.88,18.13,Returning,Digital
INV101967,6/3/2025 22:18,S018,A0006,Accessories,6,53.43,0.51,29.82,New,Cash
INV105592,6/4/2025 0:18,S018,SH0040,Shoes,4,124.94,2.75,77.51,New,Card
INV109128,6/4/2025 0:41,S012,C0011,Clothing,5,20.37,11.81,10.53,Returning,Cash
INV108386,6/4/2025 2:37,S004,C0040,Clothing,5,88.09,19.36,47.17,Returning,Cash
INV105278,6/4/2025 6:07,S005,A0040,Accessories,5,77.99,15.88,45.49,Returning,Digital
INV108932,6/4/2025 7:01,S018,SH0015,Shoes,6,68.3,5.05,39.97,New,Cash
INV105513,6/4/2025 8:07,S020,C0091,Clothing,1,22.33,14.48,13.86,Returning,Cash
INV100993,6/4/2025 8:40,S017,C0028,Clothing,1,78.32,5.19,42.65,Returning,Card
INV103346,6/4/2025 10:54,S010,SH0017,Shoes,5,183.53,3.09,113.86,Returning,Digital
INV100868,6/4/2025 13:59,S012,C0079,Clothing,6,45.05,1.46,23.03,New,Cash
INV104060,6/4/2025 23:54,S015,C0053,Clothing,1,111.15,9.86,71.64,New,Card
INV108804,6/5/2025 1:03,S013,C0025,Clothing,3,25.69,16.61,12.98,New,Digital
INV104292,6/5/2025 2:18,S015,SH0019,Shoes,3,139.69,2.39,112.75,Returning,Card
INV109387,6/5/2025 4:05,S007,C0044,Clothing,1,57.03,16.05,44.95,Returning,Card
INV103475,6/5/2025 5:11,S012,SH0040,Shoes,1,116.12,14.94,70.64,New,Digital
INV105576,6/5/2025 8:49,S019,SH0023,Shoes,4,82.8,18.53,62.43,New,Cash
INV100541,6/5/2025 9:29,S010,SH0020,Shoes,2,149.93,11.08,120.29,Returning,Cash
INV105072,6/5/2025 11:37,S006,A0039,Accessories,5,67.84,2.28,47.96,Returning,Card
INV104979,6/5/2025 13:32,S002,SH0020,Shoes,1,188.95,8.67,150.57,New,Cash
INV107837,6/5/2025 20:59,S006,C0072,Clothing,2,96.01,5.1,48.23,New,Card
INV107967,6/5/2025 21:13,S014,C0091,Clothing,2,98.37,11.5,64.03,Returning,Card
INV101604,6/5/2025 21:50,S011,C0028,Clothing,6,101.46,1.67,63.13,New,Digital
INV102601,6/5/2025 23:58,S013,C0077,Clothing,5,49.52,2.32,33.2,Returning,Cash
INV103672,6/6/2025 1:14,S004,C0086,Clothing,6,85.08,16.57,59.3,Returning,Digital
INV108916,6/6/2025 2:44,S009,A0027,Accessories,2,46.48,12.19,26.99,Returning,Card
INV107315,6/6/2025 3:10,S010,A0024,Accessories,6,17.9,11.91,12,New,Cash
INV105387,6/6/2025 5:34,S002,SH0017,Shoes,6,73.92,9.73,61.93,New,Card
INV101186,6/6/2025 14:13,S013,C0011,Clothing,2,60.85,14.78,38.53,Returning,Cash
INV102025,6/6/2025 19:30,S009,A0034,Accessories,4,40.89,3.19,20.56,Returning,Digital
INV107268,6/6/2025 22:22,S007,C0077,Clothing,3,54.5,17.99,37.81,New,Digital
INV108169,6/7/2025 2:49,S002,SH0031,Shoes,5,41.11,17.86,28.5,New,Cash
INV105004,6/7/2025 8:09,S016,C0056,Clothing,1,25.3,6.08,13.51,New,Cash
INV104242,6/7/2025 9:05,S014,C0078,Clothing,2,81.49,8.68,42.92,Returning,Digital
INV101238,6/7/2025 10:41,S012,C0006,Clothing,5,23.64,7.11,13.15,Returning,Card
INV102662,6/7/2025 12:39,S008,SH0017,Shoes,3,195.59,7.07,151.26,Returning,Card
INV100878,6/7/2025 12:44,S020,A0045,Accessories,4,39.88,2.36,17.87,Returning,Card
INV104132,6/7/2025 20:13,S005,SH0008,Shoes,5,134.79,12.63,102.88,Returning,Cash
INV104861,6/7/2025 22:00,S016,A0050,Accessories,2,60.28,12.33,25.63,New,Card
INV101692,6/8/2025 7:02,S008,C0077,Clothing,5,101.59,5.55,80.43,New,Card
INV109684,6/8/2025 7:51,S007,SH0034,Shoes,1,186.74,6.38,134.2,Returning,Digital
INV104055,6/8/2025 7:55,S014,C0014,Clothing,5,37.4,3.18,27.73,New,Card
INV100256,6/8/2025 8:11,S016,A0039,Accessories,3,25.33,1.17,18.07,Returning,Digital
INV109913,6/8/2025 13:01,S015,SH0001,Shoes,5,108.63,17.65,65.4,New,Cash
INV100589,6/8/2025 15:17,S014,SH0028,Shoes,3,54.44,12.28,36.84,Returning,Cash
INV101583,6/8/2025 23:16,S005,C0072,Clothing,3,65.44,17.14,35.93,New,Cash
INV101142,6/8/2025 23:20,S010,A0039,Accessories,4,62.77,11.22,45.34,New,Cash
INV100211,6/9/2025 0:45,S018,C0036,Clothing,1,95.23,11.55,70.72,New,Card
INV102492,6/9/2025 4:27,S001,SH0022,Shoes,4,69.78,14.78,41.39,New,Cash
INV103693,6/9/2025 10:35,S011,A0003,Accessories,4,20.82,8.42,12.45,New,Card
INV102847,6/9/2025 10:42,S004,C0011,Clothing,5,36.34,1.59,22.29,New,Card
INV105158,6/9/2025 11:33,S012,A0060,Accessories,5,50.97,16.02,29.75,Returning,Cash
INV106845,6/9/2025 13:13,S002,A0047,Accessories,5,22.21,5.38,10.4,New,Card
INV108718,6/9/2025 16:32,S007,A0055,Accessories,6,20.88,8.18,8.67,Returning,Card
INV103927,6/10/2025 2:31,S012,A0044,Accessories,3,43.92,17.26,20.03,New,Card
INV103189,6/10/2025 4:45,S017,C0007,Clothing,3,55.87,1.13,29.23,Returning,Digital
INV109509,6/10/2025 7:23,S004,SH0027,Shoes,1,47.4,19.84,35.33,Returning,Cash
INV107709,6/10/2025 8:23,S014,C0085,Clothing,2,113.39,17.78,86.82,New,Card
INV100383,6/10/2025 9:14,S001,SH0019,Shoes,5,110.91,16.77,65.21,New,Digital
INV105610,6/10/2025 9:20,S005,SH0012,Shoes,3,41.05,15.13,30.99,Returning,Card
INV108185,6/10/2025 10:10,S006,SH0007,Shoes,6,150.37,13.94,102.35,Returning,Cash
INV100554,6/10/2025 10:36,S011,A0007,Accessories,4,58.36,10.06,27.55,New,Digital
INV108086,6/10/2025 11:25,S015,C0069,Clothing,3,116.14,1.31,70.3,New,Card
INV103303,6/10/2025 12:32,S010,A0014,Accessories,6,61.87,17.83,37.88,New,Card
INV104290,6/10/2025 15:40,S003,C0050,Clothing,2,79.59,0.1,49.54,New,Cash
INV106057,6/10/2025 15:45,S011,C0023,Clothing,5,28.08,3.31,17.37,Returning,Cash
INV107044,6/10/2025 19:13,S012,A0057,Accessories,1,79.71,0.74,51.63,New,Card
INV104502,6/10/2025 23:25,S008,A0045,Accessories,3,20.62,3.63,10.1,New,Card
INV100924,6/11/2025 6:53,S015,A0051,Accessories,1,32.66,6.04,18.92,New,Cash
INV103659,6/11/2025 8:29,S012,SH0028,Shoes,3,158.43,9.09,112.77,Returning,Digital
INV100862,6/11/2025 12:44,S004,C0060,Clothing,1,61.69,5.67,38.71,Returning,Cash
INV106540,6/11/2025 14:41,S009,SH0037,Shoes,3,60,15.36,42.21,New,Card
INV102340,6/11/2025 21:07,S018,C0072,Clothing,5,72.3,9.46,44.99,Returning,Cash
INV105344,6/12/2025 0:03,S017,C0014,Clothing,6,31.66,12.51,23.64,Returning,Cash
INV105017,6/12/2025 1:17,S005,SH0026,Shoes,6,179.9,18.27,146.26,New,Cash
INV103795,6/12/2025 1:23,S002,SH0012,Shoes,5,135.4,12.2,105,Returning,Card
INV106115,6/12/2025 3:30,S016,A0013,Accessories,6,19.69,18.35,10.78,New,Digital
INV103742,6/12/2025 11:50,S013,SH0039,Shoes,6,162.45,0.78,120.24,Returning,Digital
INV106305,6/12/2025 12:03,S001,A0012,Accessories,2,51.93,3.67,30.05,New,Cash
INV102925,6/12/2025 12:38,S019,SH0036,Shoes,1,75.52,13.6,62.59,Returning,Cash
INV103652,6/12/2025 13:42,S012,A0031,Accessories,6,14.64,11.46,6.01,New,Card
INV105530,6/12/2025 13:50,S010,C0097,Clothing,5,81.34,10.96,57.95,New,Cash
INV103192,6/12/2025 14:29,S002,SH0004,Shoes,5,93.54,11.7,59.82,Returning,Cash
INV103482,6/12/2025 20:23,S013,A0025,Accessories,4,58.61,16.88,32.91,Returning,Digital
INV106396,6/12/2025 22:53,S017,A0055,Accessories,2,68.71,15.93,39.02,New,Cash
INV107293,6/12/2025 23:35,S005,SH0029,Shoes,2,124.36,13.24,101.55,New,Cash
INV102234,6/13/2025 1:39,S005,A0032,Accessories,4,69.91,12.66,50.75,Returning,Cash
INV108919,6/13/2025 3:04,S010,C0072,Clothing,6,77.24,5.39,45.26,New,Cash
INV108136,6/13/2025 5:11,S011,C0098,Clothing,5,87.85,18.83,54.46,Returning,Digital
INV106757,6/13/2025 6:13,S017,C0005,Clothing,6,78.13,6.95,62.04,New,Cash
INV101154,6/13/2025 7:36,S015,SH0027,Shoes,2,150.05,12.81,127,New,Digital
INV101454,6/13/2025 11:19,S001,C0091,Clothing,2,29.03,19.74,21.84,Returning,Digital
INV104323,6/13/2025 19:08,S010,A0017,Accessories,3,72.77,8.8,30.53,Returning,Card
INV104446,6/13/2025 20:27,S004,A0055,Accessories,4,66.57,9.71,44.8,New,Card
INV101961,6/13/2025 23:34,S018,A0037,Accessories,5,42.93,12.17,26.77,New,Card
INV107825,6/14/2025 1:19,S011,SH0007,Shoes,2,95.39,19.96,79.79,New,Digital
INV106302,6/14/2025 5:47,S008,C0077,Clothing,3,55.51,7.37,39.01,Returning,Cash
INV107724,6/14/2025 12:04,S011,C0029,Clothing,1,21.71,2.12,13.51,Returning,Card
INV103182,6/14/2025 12:56,S003,A0039,Accessories,3,63.41,9.49,43.84,Returning,Cash
INV107291,6/14/2025 19:03,S006,SH0006,Shoes,4,53.43,4.81,39.22,New,Card
INV104599,6/14/2025 23:21,S018,A0019,Accessories,5,72.76,7.62,48.25,New,Card
INV107674,6/15/2025 2:37,S001,A0016,Accessories,2,63.42,3.5,42.69,New,Cash
INV108752,6/15/2025 3:30,S003,SH0026,Shoes,6,156.66,8.58,127.42,Returning,Cash
INV104574,6/15/2025 3:38,S013,SH0029,Shoes,1,52.97,15.32,37.21,New,Cash
INV108164,6/15/2025 7:47,S015,A0013,Accessories,3,64.66,19.29,45.62,New,Digital
INV107952,6/15/2025 9:01,S015,C0035,Clothing,6,76.23,3.96,52.42,New,Cash
INV104328,6/15/2025 12:26,S004,C0043,Clothing,1,65.84,19.42,48.58,New,Cash
INV106251,6/15/2025 15:00,S005,SH0032,Shoes,3,197.95,0.62,167.03,New,Cash
INV102032,6/15/2025 15:25,S005,SH0029,Shoes,6,41.88,4.39,25.51,Returning,Cash
INV104336,6/15/2025 19:54,S014,SH0037,Shoes,2,185.66,15.37,130.87,Returning,Digital
INV108958,6/15/2025 22:02,S011,A0023,Accessories,3,35.23,13.95,14.51,New,Digital
INV109333,6/15/2025 22:48,S019,A0015,Accessories,2,44.83,0,28.52,New,Card
INV102399,6/15/2025 23:01,S006,C0025,Clothing,5,52.4,15.93,30.87,Returning,Card
INV100696,6/15/2025 23:23,S004,A0020,Accessories,4,54.87,17.7,33.25,Returning,Digital
INV102468,6/15/2025 23:36,S013,SH0039,Shoes,6,111.57,13.52,79.22,New,Digital
INV104839,6/16/2025 1:09,S010,A0038,Accessories,6,62.92,7.32,25.94,New,Card
INV106278,6/16/2025 3:39,S015,A0056,Accessories,6,47.44,1.61,19.77,New,Card
INV101507,6/16/2025 6:00,S012,C0045,Clothing,4,91.52,9.14,62.09,Returning,Digital
INV104971,6/16/2025 17:15,S001,A0004,Accessories,2,34.88,5.53,24.01,New,Card
INV109565,6/16/2025 22:00,S005,SH0012,Shoes,6,85.75,2.63,52.63,New,Digital
INV101421,6/16/2025 22:39,S003,A0020,Accessories,3,75.12,13.77,40.07,Returning,Card
INV104628,6/17/2025 3:49,S012,A0022,Accessories,5,13.51,12.11,7.94,Returning,Digital
INV103141,6/17/2025 8:43,S008,C0041,Clothing,4,34.87,15.4,24.76,New,Cash
INV108118,6/17/2025 12:04,S013,A0017,Accessories,5,76.03,11.87,49.01,Returning,Digital
INV102526,6/17/2025 12:43,S002,C0092,Clothing,2,33.69,13.8,24.59,New,Card
INV107602,6/17/2025 13:23,S010,C0093,Clothing,1,61.16,8.9,37.17,Returning,Cash
INV104825,6/17/2025 14:20,S004,A0015,Accessories,6,21.83,12.56,11.15,Returning,Card
INV106939,6/17/2025 16:12,S009,SH0024,Shoes,5,134.64,12.73,113.52,Returning,Cash
INV105863,6/17/2025 18:39,S004,SH0033,Shoes,5,189.92,10.71,107.99,Returning,Digital
INV102074,6/17/2025 20:10,S017,A0012,Accessories,4,51.45,8.7,23.89,New,Digital
INV104929,6/17/2025 22:00,S016,SH0029,Shoes,3,148.87,5.02,118.7,Returning,Card
INV103859,6/18/2025 0:57,S011,C0010,Clothing,1,62.05,15.13,40.7,New,Digital
INV103997,6/18/2025 5:04,S019,C0077,Clothing,5,113.5,0.66,67.86,Returning,Card
INV101438,6/18/2025 6:15,S007,A0042,Accessories,4,54.91,3.39,36.23,Returning,Digital
INV103733,6/18/2025 8:04,S002,A0041,Accessories,6,22.55,18.85,15.37,New,Card
INV100787,6/18/2025 16:12,S014,A0047,Accessories,6,34.91,1.95,15.55,New,Digital
INV107614,6/18/2025 17:23,S008,A0030,Accessories,4,67.33,14.86,38.97,Returning,Cash
INV102254,6/18/2025 22:09,S019,SH0024,Shoes,6,132.53,10.99,103.93,Returning,Card
INV100587,6/19/2025 2:01,S005,C0021,Clothing,6,58.85,15.05,36.53,New,Card
INV101022,6/19/2025 6:13,S019,A0038,Accessories,2,67.01,10.13,28.98,New,Cash
INV105029,6/19/2025 8:10,S016,A0001,Accessories,4,31.19,1.87,15.52,Returning,Cash
INV106098,6/19/2025 14:44,S001,SH0001,Shoes,3,103.56,9.21,80.55,Returning,Card
INV104508,6/19/2025 15:46,S008,C0100,Clothing,6,65.32,15.93,43.33,New,Cash
INV108669,6/19/2025 15:56,S007,SH0010,Shoes,6,188.84,10.92,122.22,New,Digital
INV104179,6/19/2025 16:37,S014,SH0010,Shoes,4,95.28,4.21,55.91,New,Card
INV109957,6/19/2025 16:59,S007,A0003,Accessories,1,29.35,12.34,21.17,New,Cash
INV101315,6/19/2025 17:09,S006,SH0020,Shoes,1,175.96,17.09,111.13,Returning,Cash
INV102294,6/19/2025 19:22,S005,C0025,Clothing,4,54.1,6.46,35.78,Returning,Cash
INV103805,6/19/2025 22:04,S015,SH0010,Shoes,4,60.02,13.8,36.05,New,Card
INV103349,6/20/2025 1:44,S009,C0076,Clothing,3,32.05,3.27,17.85,New,Card
INV103446,6/20/2025 4:41,S001,A0047,Accessories,6,30.87,3.13,20.55,Returning,Cash
INV105631,6/20/2025 5:03,S001,SH0010,Shoes,3,119.47,9.08,74.97,Returning,Card
INV107649,6/20/2025 7:38,S006,C0078,Clothing,6,21.31,6.97,12.77,Returning,Cash
INV102684,6/20/2025 11:16,S009,C0004,Clothing,1,64.02,16.06,44.35,New,Cash
INV102883,6/20/2025 11:52,S002,SH0028,Shoes,4,101.58,19.45,82.12,Returning,Cash
INV103865,6/20/2025 15:28,S017,C0080,Clothing,2,106.74,1.45,84.88,Returning,Digital
INV109317,6/20/2025 18:47,S007,C0035,Clothing,4,113.6,9.38,61.75,Returning,Digital
INV108955,6/20/2025 19:38,S016,A0022,Accessories,4,53.5,9.42,35.16,Returning,Card
INV105269,6/20/2025 19:46,S016,A0005,Accessories,1,48.48,7.68,24.14,New,Card
INV102599,6/21/2025 0:06,S011,C0066,Clothing,1,51.38,3.35,37.24,Returning,Cash
INV100148,6/21/2025 1:36,S018,C0047,Clothing,5,75.32,9.01,39.32,Returning,Digital
INV109504,6/21/2025 3:20,S010,C0040,Clothing,6,119.64,2.47,68.84,New,Digital
INV102446,6/21/2025 3:29,S003,SH0003,Shoes,4,109.07,0.48,90.7,Returning,Digital
INV109984,6/21/2025 7:45,S012,SH0034,Shoes,3,70.47,7.67,59.73,Returning,Digital
INV102271,6/21/2025 8:39,S008,A0020,Accessories,4,17.64,0.74,10.84,New,Card
INV109637,6/21/2025 13:42,S002,SH0017,Shoes,6,132.97,3.45,104.77,Returning,Card
INV101220,6/21/2025 13:51,S005,C0040,Clothing,4,86.63,2.97,48.79,New,Cash
INV106444,6/21/2025 18:18,S017,C0079,Clothing,4,49.86,17.68,32.63,New,Digital
INV108549,6/21/2025 22:22,S013,C0032,Clothing,2,79.91,11.95,56.1,Returning,Digital
INV109870,6/22/2025 4:08,S018,C0065,Clothing,5,87.9,16.99,44.83,Returning,Card
INV108947,6/22/2025 6:09,S011,C0047,Clothing,4,50.3,8.15,34.52,New,Card
INV106026,6/22/2025 7:17,S009,SH0031,Shoes,4,172.15,3.33,103.32,Returning,Cash
INV108146,6/22/2025 15:24,S019,C0028,Clothing,4,60.67,15.33,38.66,Returning,Card
INV105774,6/22/2025 19:04,S006,A0037,Accessories,5,49.54,5.56,30.9,New,Card
INV106849,6/22/2025 21:59,S013,SH0003,Shoes,3,199.38,12.75,120.65,New,Digital
INV101738,6/23/2025 4:57,S014,C0072,Clothing,1,71.62,8.97,42.26,Returning,Cash
INV101605,6/23/2025 5:25,S003,C0032,Clothing,1,63.41,0.02,37.5,New,Cash
INV107923,6/23/2025 5:27,S006,SH0037,Shoes,6,141.76,0.11,98.37,New,Cash
INV101237,6/23/2025 6:10,S008,SH0031,Shoes,1,163.75,19.52,126.79,Returning,Digital
INV103890,6/23/2025 6:13,S020,A0033,Accessories,1,11.84,18.21,4.9,Returning,Card
INV107314,6/23/2025 6:13,S020,A0038,Accessories,4,44.1,9.48,29.24,Returning,Digital
INV107906,6/23/2025 18:06,S007,C0043,Clothing,6,106.42,14.67,66.5,Returning,Digital
INV102666,6/23/2025 18:12,S017,SH0039,Shoes,4,59.34,6.06,39.88,New,Digital
INV107909,6/24/2025 1:20,S006,SH0039,Shoes,1,75.76,19.17,60.24,New,Digital
INV108083,6/24/2025 2:27,S002,SH0023,Shoes,2,74.37,12.45,47.53,Returning,Digital
INV106840,6/24/2025 7:10,S017,A0029,Accessories,5,73.4,12.45,44.45,New,Cash
INV107691,6/24/2025 10:13,S017,A0016,Accessories,5,65.98,13.47,36.49,New,Card
INV107771,6/24/2025 13:45,S006,C0008,Clothing,3,40.14,7.66,28.84,New,Cash
INV107609,6/25/2025 0:31,S011,SH0032,Shoes,5,171.05,16.11,95.15,New,Digital
INV103803,6/25/2025 0:38,S012,SH0002,Shoes,6,132.29,10.41,86.55,New,Card
INV100380,6/25/2025 2:05,S013,A0015,Accessories,6,31.94,5.35,20.08,Returning,Card
INV109470,6/25/2025 9:08,S007,C0015,Clothing,5,33.88,11.51,23.17,Returning,Card
INV101870,6/25/2025 9:16,S015,C0072,Clothing,2,112.16,16.31,66.92,Returning,Digital
INV105661,6/25/2025 11:41,S006,C0021,Clothing,1,25.05,12.84,13.55,New,Card
INV100289,6/25/2025 12:47,S018,SH0037,Shoes,6,170.56,4.45,111.37,Returning,Digital
INV105579,6/25/2025 13:09,S002,C0044,Clothing,1,98.92,2.71,63.91,New,Digital
INV100545,6/25/2025 15:32,S005,C0099,Clothing,4,65.46,9.95,35.13,New,Cash
INV102677,6/25/2025 20:23,S018,C0055,Clothing,4,46.73,10.55,30.32,Returning,Card
INV102578,6/25/2025 20:42,S016,C0052,Clothing,3,84.62,9.88,47.97,New,Card
INV108720,6/25/2025 23:37,S004,C0034,Clothing,2,23.13,2.91,15.94,New,Digital
INV109320,6/26/2025 0:25,S006,SH0008,Shoes,5,127.44,3.6,79.64,Returning,Card
INV103944,6/26/2025 1:47,S012,C0026,Clothing,5,57.82,14.18,45.97,New,Card
INV105512,6/26/2025 4:49,S010,A0026,Accessories,6,40.52,17.24,23.03,Returning,Cash
INV104444,6/26/2025 6:01,S013,C0049,Clothing,6,39.98,6.15,26.14,Returning,Cash
INV108903,6/26/2025 6:25,S008,A0011,Accessories,6,59.83,19.1,26.47,New,Card
INV108475,6/26/2025 8:30,S008,C0039,Clothing,6,86.05,14.16,46.71,New,Digital
INV104289,6/26/2025 8:43,S016,A0013,Accessories,6,37.13,18.89,20.29,Returning,Card
INV108020,6/26/2025 10:06,S017,C0086,Clothing,2,32.54,1.38,19.25,Returning,Card
INV103401,6/26/2025 11:34,S012,A0060,Accessories,1,71.14,2.66,33.26,New,Card
INV102557,6/26/2025 13:46,S007,C0070,Clothing,2,63.04,10.99,48.74,Returning,Card
INV101093,6/26/2025 13:56,S011,A0047,Accessories,4,41.66,7.27,30.55,Returning,Cash
INV106971,6/26/2025 15:15,S006,SH0003,Shoes,4,86.74,10.95,71.53,Returning,Cash
INV107686,6/26/2025 19:36,S012,C0039,Clothing,5,91.4,1.18,67.01,Returning,Card
INV108684,6/26/2025 22:41,S019,SH0032,Shoes,3,91.49,14.66,70.81,New,Cash
INV103893,6/26/2025 23:55,S002,SH0031,Shoes,4,89.18,11.64,57.27,Returning,Cash
INV109087,6/27/2025 3:48,S002,C0067,Clothing,4,54.73,17.23,30.42,New,Cash
INV105809,6/27/2025 8:04,S019,C0034,Clothing,6,111.99,13.46,57.74,New,Cash
INV104155,6/27/2025 11:54,S016,C0028,Clothing,3,53.73,12,40.39,Returning,Cash
INV103579,6/27/2025 17:51,S006,C0030,Clothing,2,112.58,17.76,72.33,Returning,Digital
INV101599,6/27/2025 18:39,S007,SH0018,Shoes,6,132.06,3.22,93.51,New,Digital
INV106604,6/27/2025 21:29,S004,SH0014,Shoes,6,58.98,4.17,37.44,New,Digital
INV108555,6/27/2025 21:54,S001,SH0012,Shoes,3,148.51,1.45,118.97,Returning,Digital
INV100280,6/27/2025 23:31,S017,SH0024,Shoes,2,171.36,1.31,120.74,Returning,Cash
INV101416,6/28/2025 0:21,S011,C0006,Clothing,5,111.84,1.89,66.7,New,Cash
INV104873,6/28/2025 0:23,S019,SH0003,Shoes,6,132.59,5.22,95.55,New,Card
INV102289,6/28/2025 2:13,S015,C0053,Clothing,5,98.18,15.35,63.12,Returning,Card
INV105133,6/28/2025 6:16,S008,C0030,Clothing,6,21.81,19.37,11.14,Returning,Cash
INV102970,6/28/2025 8:48,S019,SH0040,Shoes,4,67.78,5.77,42.4,Returning,Cash
INV102204,6/28/2025 11:39,S014,A0043,Accessories,4,63.76,14.83,32.64,New,Digital
INV108205,6/28/2025 16:36,S015,SH0018,Shoes,5,87.22,13.38,54.59,New,Card
INV103078,6/28/2025 17:20,S017,A0041,Accessories,1,24.72,13.7,13.68,New,Cash
INV102567,6/28/2025 19:59,S018,C0018,Clothing,3,69.26,2.59,39.42,Returning,Digital
INV100984,6/29/2025 0:20,S001,C0022,Clothing,1,76.93,19.04,49.36,Returning,Digital
INV108371,6/29/2025 2:51,S005,A0027,Accessories,2,59.22,13,40.48,New,Card
INV101263,6/29/2025 3:17,S003,SH0029,Shoes,2,182.9,12.24,105.72,Returning,Digital
INV108576,6/29/2025 6:48,S011,SH0030,Shoes,4,90.09,5.66,58.42,New,Card
INV104888,6/29/2025 9:54,S008,C0069,Clothing,4,99.03,7.13,51.9,Returning,Cash
INV107187,6/29/2025 13:19,S005,SH0003,Shoes,2,48.31,19.19,28.46,Returning,Digital
INV109098,6/29/2025 13:40,S016,A0058,Accessories,6,36.06,4.47,22.53,New,Cash
INV100703,6/29/2025 14:40,S004,SH0007,Shoes,3,178.94,1.71,107.33,Returning,Cash
INV108251,6/29/2025 20:05,S007,A0036,Accessories,6,66.63,1.49,27.16,Returning,Cash
INV101609,6/30/2025 3:29,S008,SH0008,Shoes,5,96.37,17.06,70.16,Returning,Card
INV109839,6/30/2025 4:07,S002,SH0040,Shoes,6,150.47,8.49,93.23,Returning,Digital
INV108226,6/30/2025 4:22,S003,C0098,Clothing,3,97.16,1.74,56.74,Returning,Cash
INV106131,6/30/2025 8:27,S018,C0093,Clothing,6,59.62,1.04,35.75,Returning,Cash
INV103039,6/30/2025 12:04,S002,C0070,Clothing,6,73.61,6.8,46.45,New,Digital
INV106381,6/30/2025 13:52,S020,C0093,Clothing,6,97.58,19.29,65.47,New,Digital
INV101705,6/30/2025 17:10,S006,A0049,Accessories,4,17.11,13.36,10.91,Returning,Card
INV108353,6/30/2025 17:30,S016,C0075,Clothing,1,40.98,14.61,23.53,Returning,Digital
INV108905,6/30/2025 18:03,S012,C0009,Clothing,6,50.35,9.76,34.53,Returning,Digital
INV104523,6/30/2025 19:52,S007,SH0028,Shoes,4,97.1,6.29,67.19,Returning,Digital
INV107024,6/30/2025 20:38,S003,C0017,Clothing,4,31.72,10.85,17.94,New,Digital
INV104562,6/30/2025 22:18,S006,A0018,Accessories,4,22.49,1.22,11.43,Returning,Digital
INV106683,6/30/2025 22:42,S007,A0024,Accessories,1,39.49,4.28,23.97,Returning,Card
INV108278,7/1/2025 1:40,S015,C0071,Clothing,5,29.43,7.28,16.29,Returning,Digital
INV107311,7/1/2025 5:11,S006,C0034,Clothing,1,32.98,19.9,26.01,Returning,Cash
INV105538,7/1/2025 5:39,S003,C0073,Clothing,6,92.4,12.75,66.38,New,Card
INV102297,7/1/2025 9:08,S015,A0052,Accessories,4,12.09,11.01,7.19,Returning,Cash
INV102965,7/1/2025 13:12,S013,A0050,Accessories,2,14.14,1.84,6.95,New,Card
INV105274,7/1/2025 16:13,S002,C0062,Clothing,5,94.19,11.77,73.71,New,Cash
INV106561,7/1/2025 23:06,S001,C0039,Clothing,1,68.52,6.61,38.28,Returning,Card
INV100221,7/2/2025 1:17,S008,SH0009,Shoes,2,152.23,14.23,89.79,Returning,Card
INV108829,7/2/2025 2:27,S013,C0030,Clothing,4,119.82,15.97,80.64,New,Digital
INV102729,7/2/2025 11:25,S011,C0023,Clothing,4,42.17,19.36,26.17,New,Card
INV101613,7/2/2025 13:37,S001,C0098,Clothing,4,63.79,0.43,43.74,Returning,Card
INV106330,7/2/2025 15:26,S005,A0059,Accessories,6,67.89,15.51,33.67,New,Digital
INV107939,7/2/2025 18:21,S012,A0012,Accessories,1,32.72,5.96,24.51,New,Digital
INV101320,7/2/2025 21:08,S016,C0045,Clothing,6,21.95,17.45,16.23,Returning,Cash
INV109348,7/3/2025 1:30,S006,A0021,Accessories,2,65.21,17.27,46.75,New,Card
INV105233,7/3/2025 2:16,S016,SH0028,Shoes,6,105.8,19.8,80.18,New,Card
INV108636,7/3/2025 6:48,S020,SH0004,Shoes,1,113.47,6.89,89.79,Returning,Digital
INV107358,7/3/2025 7:32,S007,A0041,Accessories,4,39.24,12.56,22.78,Returning,Card
INV100560,7/3/2025 8:52,S005,SH0011,Shoes,4,81.03,4.77,59.18,New,Cash
INV106282,7/3/2025 8:59,S020,SH0015,Shoes,4,174.99,6.3,100.62,New,Digital
INV100569,7/3/2025 10:45,S018,C0021,Clothing,3,89.85,8.42,58.57,Returning,Card
INV106060,7/3/2025 11:12,S012,A0037,Accessories,6,59.4,13.21,34.84,New,Digital
INV103875,7/3/2025 22:36,S003,SH0006,Shoes,1,186.7,0.04,150.03,New,Digital
INV108080,7/4/2025 3:47,S018,C0014,Clothing,1,61.64,0.49,34.04,New,Digital
INV108444,7/4/2025 6:30,S017,A0015,Accessories,3,77.24,13.15,32.19,New,Digital
INV106189,7/4/2025 7:45,S002,A0026,Accessories,6,31.61,5.3,13.04,Returning,Digital
INV106892,7/4/2025 7:48,S005,C0017,Clothing,4,56.7,0.1,30.21,New,Cash
INV106191,7/4/2025 8:43,S017,C0044,Clothing,4,76.78,18.57,41.89,New,Digital
INV109147,7/4/2025 9:04,S009,A0060,Accessories,3,11.64,17.26,7.89,Returning,Card
INV105402,7/4/2025 9:34,S015,A0052,Accessories,5,25.98,10.19,15.8,Returning,Card
INV104722,7/4/2025 14:50,S011,SH0039,Shoes,3,93.27,12.36,71.82,New,Digital
INV103001,7/4/2025 15:29,S012,A0030,Accessories,4,26.81,7.55,14.63,Returning,Card
INV109095,7/4/2025 16:20,S005,C0036,Clothing,2,80.47,5.45,44.17,Returning,Card
INV107902,7/4/2025 22:37,S010,A0026,Accessories,3,66.66,0.62,38.37,Returning,Card
INV102299,7/5/2025 6:37,S006,SH0009,Shoes,5,126.39,15.53,87.41,Returning,Cash
INV102581,7/5/2025 7:38,S019,A0040,Accessories,1,33.58,4.02,20.44,Returning,Card
INV108248,7/5/2025 10:48,S011,A0001,Accessories,5,22.16,8.23,12.49,Returning,Cash
INV109066,7/5/2025 10:51,S013,A0040,Accessories,5,75.29,2.38,42.89,Returning,Cash
INV107683,7/5/2025 10:52,S016,C0002,Clothing,1,26.46,9.01,17.41,New,Cash
INV103955,7/5/2025 14:44,S008,A0006,Accessories,1,40.18,6.37,22.11,New,Card
INV104454,7/5/2025 15:36,S016,A0029,Accessories,5,38,8.73,24.27,New,Cash
INV101137,7/5/2025 17:04,S003,C0076,Clothing,4,23.6,0.14,13.42,Returning,Digital
INV108659,7/5/2025 18:53,S006,C0057,Clothing,1,46.12,7.72,29.27,Returning,Digital
INV100608,7/6/2025 0:15,S014,A0022,Accessories,3,30.07,7.45,13.83,Returning,Digital
INV103380,7/6/2025 2:13,S002,A0022,Accessories,4,28.89,18.53,18.56,New,Digital
INV102386,7/6/2025 2:54,S017,A0013,Accessories,6,49.33,12.47,33.33,New,Cash
INV100771,7/6/2025 4:00,S008,C0004,Clothing,3,42.67,13.11,26.27,Returning,Digital
INV100403,7/6/2025 11:50,S003,C0079,Clothing,1,46.58,16.69,23.86,New,Digital
INV108060,7/6/2025 14:06,S002,C0025,Clothing,2,65.72,0.73,44.16,Returning,Card
INV100524,7/6/2025 14:18,S005,SH0028,Shoes,5,156.58,11.96,105.58,New,Card
INV109013,7/6/2025 15:23,S012,A0018,Accessories,2,68.89,5.25,30.49,Returning,Cash
INV108538,7/6/2025 22:28,S010,A0015,Accessories,2,52.78,18.18,22.92,Returning,Card
INV102322,7/6/2025 22:30,S001,A0052,Accessories,2,75.4,17.26,56.1,New,Cash
INV104293,7/6/2025 23:02,S001,C0070,Clothing,6,48.32,3,37.91,Returning,Digital
INV103186,7/6/2025 23:43,S020,C0088,Clothing,6,57.89,12.78,33.47,New,Digital
INV108996,7/7/2025 1:15,S012,SH0029,Shoes,6,196.68,15.47,110.93,Returning,Card
INV107875,7/7/2025 3:43,S015,SH0001,Shoes,4,171.75,4.76,130.98,Returning,Digital
INV102697,7/7/2025 14:57,S014,SH0007,Shoes,6,109.82,11.27,64.77,Returning,Cash
INV107553,7/7/2025 18:08,S011,A0042,Accessories,1,32.79,4.19,23.61,New,Card
INV106588,7/7/2025 18:21,S004,A0058,Accessories,4,59.74,2.49,34.31,New,Cash
INV100876,7/7/2025 19:47,S002,C0071,Clothing,6,67.88,0.83,36.58,Returning,Digital
INV103324,7/7/2025 21:57,S008,C0083,Clothing,2,109.02,15.31,77.34,New,Cash
INV106545,7/8/2025 2:29,S006,A0026,Accessories,6,27.65,16.8,15.43,New,Card
INV109519,7/8/2025 3:25,S004,A0014,Accessories,4,73.29,17.46,32.82,Returning,Card
INV104030,7/8/2025 5:02,S013,C0014,Clothing,4,102.34,16.8,59.39,Returning,Card
INV106161,7/8/2025 7:48,S015,A0020,Accessories,6,17.71,19.49,13.11,Returning,Cash
INV108968,7/8/2025 9:00,S006,SH0005,Shoes,1,81.8,9.57,67.66,Returning,Card
INV100600,7/8/2025 15:07,S007,SH0023,Shoes,2,111.73,5.76,76.07,Returning,Card
INV103151,7/8/2025 21:22,S017,SH0008,Shoes,4,161.44,17.01,107.72,New,Cash
INV106314,7/9/2025 1:40,S006,A0039,Accessories,5,45.61,11.26,27.56,Returning,Card
INV109053,7/9/2025 4:32,S014,A0005,Accessories,5,28.37,14.64,14.13,New,Digital
INV109918,7/9/2025 5:57,S015,C0082,Clothing,1,22.07,4.36,15.9,New,Cash
INV109275,7/9/2025 7:15,S017,C0081,Clothing,6,65.97,5.81,50.49,New,Digital
INV108012,7/9/2025 8:04,S017,C0011,Clothing,1,114.52,10.15,60.61,Returning,Digital
INV102475,7/9/2025 8:09,S010,SH0032,Shoes,3,146.03,17.03,86.2,New,Digital
INV104717,7/9/2025 9:48,S019,SH0019,Shoes,2,52.14,4.76,31.43,Returning,Cash
INV104698,7/9/2025 12:14,S011,A0012,Accessories,5,65.51,1.63,44.79,Returning,Digital
INV104505,7/9/2025 13:10,S015,SH0015,Shoes,1,97.3,1.7,79.89,New,Card
INV102690,7/9/2025 16:50,S017,SH0006,Shoes,1,93.85,4.87,61.15,New,Digital
INV107592,7/9/2025 19:41,S012,SH0018,Shoes,2,54.82,2.09,38.69,New,Cash
INV105668,7/9/2025 20:51,S001,SH0008,Shoes,4,97.23,6.22,59.06,Returning,Digital
INV105241,7/10/2025 2:40,S001,C0038,Clothing,5,98.51,11.24,72.5,Returning,Digital
INV108070,7/10/2025 8:29,S009,C0023,Clothing,4,62.86,10.95,33.02,Returning,Card
INV106088,7/10/2025 9:20,S013,SH0003,Shoes,1,143.81,12.66,101.87,New,Card
INV106783,7/10/2025 10:04,S012,A0021,Accessories,5,49.27,2.78,27.8,New,Cash
INV104891,7/10/2025 15:10,S006,A0051,Accessories,2,79.31,4.29,51.06,Returning,Cash
INV104382,7/10/2025 17:09,S005,A0014,Accessories,6,16.52,17.59,7.4,Returning,Card
INV102182,7/10/2025 17:30,S012,C0034,Clothing,4,107.21,8.43,54.33,New,Card
INV101259,7/10/2025 18:21,S009,A0013,Accessories,6,23.12,15.28,15.18,Returning,Digital
INV101212,7/10/2025 18:21,S011,C0032,Clothing,6,36.24,1.33,23.35,New,Card
INV101047,7/10/2025 21:53,S016,A0006,Accessories,4,10.9,4.85,7.08,New,Digital
INV105430,7/10/2025 23:23,S016,A0011,Accessories,1,14.66,19.61,8.39,New,Card
INV106576,7/11/2025 3:11,S015,SH0011,Shoes,5,161.33,2.98,103.13,New,Card
INV101731,7/11/2025 8:49,S004,A0033,Accessories,4,67.42,17.11,40.78,Returning,Card
INV102577,7/11/2025 11:51,S014,C0088,Clothing,3,88.49,0.23,45.04,Returning,Digital
INV104129,7/11/2025 16:39,S009,A0023,Accessories,2,70.17,7.71,46.13,Returning,Card
INV105545,7/11/2025 17:41,S002,A0047,Accessories,1,10.37,1.13,7.56,New,Cash
INV105991,7/11/2025 18:58,S011,C0060,Clothing,5,66.72,12.87,51.11,New,Cash
INV103943,7/11/2025 20:55,S020,A0040,Accessories,1,53.31,18.83,35.36,Returning,Card
INV103018,7/11/2025 23:15,S014,A0027,Accessories,3,54.75,6.27,28.45,New,Cash
INV101130,7/12/2025 2:23,S011,C0058,Clothing,5,82.59,8.88,55.05,New,Card
INV100965,7/12/2025 5:10,S004,SH0034,Shoes,1,173.48,6.93,119.61,Returning,Cash
INV101986,7/12/2025 5:16,S014,SH0033,Shoes,1,111.21,0.07,88.12,Returning,Digital
INV103778,7/12/2025 10:00,S004,A0045,Accessories,3,71.13,6.96,33.1,New,Card
INV106946,7/12/2025 10:19,S016,A0040,Accessories,1,61.19,12.25,33.18,New,Digital
INV108686,7/12/2025 15:10,S017,SH0005,Shoes,5,160.24,9.54,105.56,New,Card
INV101935,7/12/2025 15:22,S005,SH0002,Shoes,5,55.01,1.44,44.52,Returning,Card
INV108596,7/12/2025 21:44,S019,C0022,Clothing,4,88.83,3.44,58.73,Returning,Card
INV100825,7/12/2025 21:48,S009,A0053,Accessories,4,32.41,9.97,15.2,Returning,Cash
INV108543,7/12/2025 23:35,S011,SH0028,Shoes,2,121.83,12.57,89.69,Returning,Card
INV108532,7/13/2025 0:27,S001,C0035,Clothing,5,90.6,9.34,54.45,Returning,Card
INV107696,7/13/2025 1:32,S016,A0003,Accessories,6,49.31,1.56,23.57,Returning,Digital
INV104860,7/13/2025 2:55,S006,C0033,Clothing,6,60.39,0.54,34.66,Returning,Card
INV100838,7/13/2025 6:18,S004,A0012,Accessories,4,51.58,10.37,30.19,New,Digital
INV108826,7/13/2025 8:00,S018,A0009,Accessories,1,71.17,19.61,44.7,Returning,Cash
INV107495,7/13/2025 13:32,S014,SH0035,Shoes,5,194.4,16.02,123.09,Returning,Digital
INV108598,7/13/2025 14:57,S001,A0022,Accessories,5,39.38,11.29,25.04,New,Digital
INV103266,7/13/2025 16:25,S013,A0004,Accessories,5,78.64,1.86,37.36,New,Cash
INV106869,7/13/2025 16:34,S009,SH0010,Shoes,6,86.56,1.78,63.46,New,Cash
INV100228,7/13/2025 22:08,S012,C0030,Clothing,1,58.31,2.06,41.94,Returning,Cash
INV105264,7/14/2025 0:01,S014,SH0017,Shoes,5,69.02,4.79,38.79,Returning,Card
INV102501,7/14/2025 5:15,S009,SH0017,Shoes,5,190.4,13.55,138,New,Card
INV105730,7/14/2025 6:13,S008,SH0040,Shoes,1,53.46,0.19,31.78,Returning,Cash
INV100013,7/14/2025 6:59,S015,SH0013,Shoes,6,154.07,13,103.18,Returning,Cash
INV107758,7/14/2025 9:15,S010,SH0017,Shoes,4,142.91,7.4,78.72,New,Card
INV108495,7/14/2025 10:38,S020,A0037,Accessories,4,62.23,15.88,26.22,Returning,Digital
INV101408,7/14/2025 17:57,S016,C0060,Clothing,6,92.62,18.6,57.21,New,Card
INV106736,7/14/2025 19:56,S018,A0058,Accessories,2,12.92,10.86,6.05,New,Card
INV105748,7/14/2025 21:52,S007,A0014,Accessories,4,73.86,0.59,32.39,New,Digital
INV108038,7/14/2025 22:37,S019,SH0004,Shoes,6,113.77,15.83,69.28,New,Card
INV100577,7/14/2025 23:38,S012,C0013,Clothing,2,75.7,9.42,39.03,New,Cash
INV106974,7/15/2025 2:06,S013,A0060,Accessories,5,53.63,18.16,28.23,Returning,Digital
INV106930,7/15/2025 7:27,S002,SH0028,Shoes,5,137.29,8.99,105.3,New,Cash
INV105806,7/15/2025 7:59,S020,A0006,Accessories,2,48.3,6.33,29.23,Returning,Card
INV108370,7/15/2025 12:02,S001,C0032,Clothing,5,116.44,19.93,73.97,Returning,Digital
INV103030,7/15/2025 12:25,S003,A0042,Accessories,4,60.4,3.5,37.2,New,Cash
INV100174,7/15/2025 17:24,S004,C0032,Clothing,2,66.06,18.75,36.1,New,Digital
INV106340,7/16/2025 3:41,S014,C0011,Clothing,3,34.97,18.4,20.16,New,Digital
INV105900,7/16/2025 6:08,S010,A0028,Accessories,4,45.57,7.08,26.85,New,Card
INV105254,7/16/2025 6:15,S008,C0053,Clothing,6,87.89,13.45,46.08,New,Cash
INV105827,7/16/2025 7:46,S004,SH0015,Shoes,2,119.05,8.44,70.4,New,Digital
INV103408,7/16/2025 8:23,S002,C0001,Clothing,3,88.56,18.42,64.68,New,Digital
INV101818,7/16/2025 8:32,S009,C0090,Clothing,3,73.28,15.58,46.3,New,Cash
INV101442,7/16/2025 11:11,S002,A0017,Accessories,3,74.18,5.24,54.48,New,Digital
INV109981,7/16/2025 14:39,S013,C0005,Clothing,3,114.72,19.2,83.95,New,Digital
INV100467,7/16/2025 19:11,S014,SH0028,Shoes,3,128.33,4.51,87.91,New,Digital
INV108018,7/16/2025 19:28,S018,C0062,Clothing,2,103.08,3.45,72.19,Returning,Digital
INV109805,7/16/2025 23:57,S019,C0003,Clothing,3,61.26,4.59,45.11,New,Digital
INV107317,7/17/2025 2:00,S004,C0097,Clothing,4,23.94,5.46,12.63,New,Card
INV101314,7/17/2025 3:43,S004,SH0010,Shoes,3,162.64,11.43,128.84,Returning,Cash
INV107230,7/17/2025 9:41,S002,C0094,Clothing,5,21.94,12,16.18,New,Card
INV103716,7/17/2025 12:17,S008,A0034,Accessories,5,21.75,9.46,11.75,New,Cash
INV106779,7/17/2025 13:21,S005,A0015,Accessories,4,33.09,6.47,20.15,New,Cash
INV100662,7/17/2025 14:29,S015,A0024,Accessories,4,66.32,0.49,33.89,New,Card
INV103077,7/17/2025 16:37,S002,A0042,Accessories,6,19.75,15.88,9.25,Returning,Cash
INV100093,7/17/2025 21:06,S005,SH0029,Shoes,5,51.76,2.97,29.72,Returning,Digital
INV102585,7/17/2025 21:25,S014,C0075,Clothing,3,32.38,10.97,22.05,Returning,Digital
INV102786,7/17/2025 22:25,S005,A0020,Accessories,4,13.63,9.74,8.02,New,Cash
INV103940,7/17/2025 23:00,S013,A0053,Accessories,6,42.5,11.5,29.55,Returning,Card
INV105698,7/18/2025 3:11,S009,A0023,Accessories,4,78.94,9.64,45.21,New,Card
INV105571,7/18/2025 3:57,S019,SH0029,Shoes,1,107.13,15.19,70.38,Returning,Cash
INV106446,7/18/2025 3:58,S003,A0004,Accessories,2,11.91,8.27,5.1,New,Cash
INV100523,7/18/2025 11:24,S003,C0037,Clothing,4,54.49,17.49,32.28,New,Digital
INV104387,7/18/2025 16:18,S012,SH0014,Shoes,5,153.4,0.29,121.53,Returning,Digital
INV105685,7/18/2025 20:16,S017,C0032,Clothing,1,63.18,8.47,37.79,Returning,Cash
INV104744,7/18/2025 20:34,S010,SH0012,Shoes,6,130.08,17.38,87.82,New,Digital
INV106465,7/18/2025 20:54,S005,C0095,Clothing,1,38.97,9.09,23.88,Returning,Card
INV103844,7/18/2025 21:38,S018,C0027,Clothing,3,29.72,6.25,22.42,New,Cash
INV106774,7/18/2025 22:28,S020,C0033,Clothing,6,103.87,0.15,53.59,Returning,Cash
INV104800,7/18/2025 23:47,S012,A0053,Accessories,4,39.94,4.61,24.69,New,Card
INV101954,7/19/2025 0:11,S019,SH0033,Shoes,2,108.81,14.91,66.16,Returning,Cash
INV106610,7/19/2025 0:18,S007,A0049,Accessories,1,72.67,12.49,54.15,New,Cash
INV109338,7/19/2025 1:30,S019,C0006,Clothing,4,39.29,4.63,30.3,Returning,Digital
INV104961,7/19/2025 2:10,S006,A0002,Accessories,6,13.18,6.56,5.65,New,Card
INV100684,7/19/2025 3:14,S013,C0046,Clothing,6,52.34,6.32,26.41,New,Card
INV105366,7/19/2025 4:16,S005,C0011,Clothing,4,111.82,2.12,86.57,Returning,Card
INV103273,7/19/2025 6:25,S012,SH0034,Shoes,3,78.75,19.56,63.21,New,Card
INV103999,7/19/2025 9:31,S001,A0038,Accessories,6,35.07,9.93,22.18,Returning,Cash
INV104452,7/19/2025 11:31,S010,C0015,Clothing,5,118.24,3.38,89.73,New,Cash
INV105206,7/19/2025 12:50,S005,SH0017,Shoes,3,91.15,15.93,51.79,New,Card
INV108220,7/19/2025 13:48,S001,A0054,Accessories,2,48.86,10.9,34.31,New,Digital
INV101300,7/19/2025 13:50,S001,C0067,Clothing,2,89.37,8.53,47.81,New,Cash
INV105395,7/19/2025 17:12,S012,C0027,Clothing,2,117.49,4.06,67.69,Returning,Digital
INV102479,7/19/2025 19:58,S016,SH0040,Shoes,5,112.8,9.22,95.65,Returning,Card
INV109706,7/20/2025 0:52,S006,SH0016,Shoes,3,129.59,17.13,103.24,New,Card
INV107428,7/20/2025 5:22,S020,SH0022,Shoes,5,160.24,0.53,93.03,Returning,Digital
INV107542,7/20/2025 6:22,S020,SH0023,Shoes,2,152.41,1.43,111.55,Returning,Card
INV109592,7/20/2025 10:32,S018,SH0029,Shoes,4,58.92,9.05,43.77,New,Card
INV109933,7/20/2025 10:43,S009,SH0006,Shoes,3,108.82,16.04,85.5,Returning,Card
INV105700,7/20/2025 10:50,S007,C0079,Clothing,5,106,2.49,67.47,Returning,Cash
INV106110,7/20/2025 11:50,S017,C0020,Clothing,5,22.18,5.74,12.35,New,Cash
INV107510,7/20/2025 13:37,S019,C0055,Clothing,1,116.08,7.07,59.32,New,Card
INV106533,7/20/2025 15:01,S008,A0057,Accessories,1,17.36,9.48,11.11,Returning,Cash
INV108557,7/20/2025 16:53,S005,A0054,Accessories,2,28.14,9.88,17.86,New,Cash
INV103047,7/20/2025 17:07,S014,C0043,Clothing,5,41.23,16.02,21.78,Returning,Cash
INV102336,7/21/2025 3:47,S014,C0010,Clothing,6,87.14,7.29,66.38,New,Card
INV103634,7/21/2025 4:53,S017,SH0028,Shoes,4,168.98,13.87,125.71,New,Cash
INV101640,7/21/2025 8:57,S004,C0079,Clothing,1,78.75,13.79,53.22,New,Digital
INV109250,7/21/2025 11:43,S019,C0053,Clothing,3,37.74,13.07,25.54,New,Cash
INV100201,7/21/2025 20:38,S013,A0021,Accessories,4,52.22,6.28,33.6,Returning,Card
INV107918,7/21/2025 23:01,S012,C0079,Clothing,5,23.98,0.04,18.22,Returning,Digital
INV100790,7/22/2025 1:57,S005,SH0025,Shoes,5,78.26,1.5,66.45,Returning,Cash
INV109812,7/22/2025 6:44,S006,C0079,Clothing,5,22.46,16.75,15.23,New,Digital
INV109322,7/22/2025 7:30,S004,A0027,Accessories,6,21.38,1.55,14.88,New,Card
INV101017,7/22/2025 8:29,S015,SH0010,Shoes,6,144.07,11.5,82.39,Returning,Cash
INV105551,7/22/2025 9:13,S014,C0004,Clothing,6,54.53,8.08,28.26,Returning,Cash
INV104398,7/22/2025 9:24,S009,A0025,Accessories,6,42.68,14.64,28.62,Returning,Digital
INV106133,7/22/2025 14:01,S007,A0043,Accessories,2,42.54,7.91,17.52,Returning,Card
INV108709,7/22/2025 16:17,S003,SH0039,Shoes,2,138.73,7.47,93.14,Returning,Card
INV102644,7/22/2025 18:10,S018,C0052,Clothing,1,60.09,17.75,47.47,Returning,Cash
INV106557,7/22/2025 21:00,S001,A0036,Accessories,4,21.36,5.67,11.78,Returning,Digital
INV106185,7/22/2025 22:02,S015,A0034,Accessories,1,21.7,9.48,14.09,Returning,Card
INV101900,7/23/2025 0:10,S003,SH0017,Shoes,1,83.24,16.03,62.03,Returning,Digital
INV105848,7/23/2025 0:27,S016,C0029,Clothing,3,101.6,4.84,74.82,Returning,Card
INV102420,7/23/2025 2:51,S011,A0053,Accessories,2,73.08,7.36,33.79,Returning,Digital
INV101213,7/23/2025 4:26,S016,C0043,Clothing,2,113.76,9.73,60.91,Returning,Digital
INV109140,7/23/2025 9:19,S004,C0082,Clothing,3,65.68,3.36,45.64,Returning,Cash
INV100598,7/23/2025 13:54,S013,SH0038,Shoes,3,135.33,0.74,96.94,Returning,Digital
INV104275,7/23/2025 16:54,S010,C0073,Clothing,1,29.79,3.31,20.68,Returning,Card
INV109585,7/23/2025 20:35,S016,A0004,Accessories,3,16.7,0.04,9.38,Returning,Card
INV100588,7/23/2025 23:51,S012,A0058,Accessories,6,57.95,1.92,25.84,New,Card
INV106437,7/24/2025 1:28,S013,A0027,Accessories,3,28.64,4.19,12.36,New,Card
INV105960,7/24/2025 3:22,S018,A0050,Accessories,1,20.59,18.2,13.27,Returning,Digital
INV101710,7/24/2025 8:38,S013,A0011,Accessories,2,34.98,0.34,21.03,Returning,Card
INV108871,7/24/2025 11:32,S019,A0006,Accessories,4,60.65,9.63,39.43,Returning,Cash
INV107089,7/24/2025 12:10,S019,SH0003,Shoes,6,180.15,7.58,117.26,Returning,Card
INV108356,7/24/2025 13:04,S018,A0047,Accessories,6,13.11,0.95,8.18,Returning,Digital
INV101205,7/24/2025 16:02,S013,SH0037,Shoes,2,120.95,18.66,102.76,Returning,Digital
INV108235,7/24/2025 17:07,S015,C0092,Clothing,1,61.87,3.9,46.15,New,Digital
INV106457,7/24/2025 17:15,S009,A0003,Accessories,6,35.78,7.93,22.8,New,Digital
INV106777,7/24/2025 19:01,S016,SH0033,Shoes,4,119.66,10.63,77.16,New,Card
INV109595,7/24/2025 22:28,S004,C0010,Clothing,4,67.19,13.89,34.03,Returning,Cash
INV101335,7/24/2025 23:38,S020,SH0017,Shoes,2,121.18,5.96,77.26,Returning,Digital
INV100747,7/25/2025 0:22,S011,SH0013,Shoes,2,57.71,7.89,36.67,New,Cash
INV109756,7/25/2025 1:15,S009,C0034,Clothing,6,24.79,19.3,19.54,Returning,Cash
INV103961,7/25/2025 3:18,S020,C0070,Clothing,3,104.57,0.98,80.6,Returning,Cash
INV109163,7/25/2025 5:41,S005,C0087,Clothing,5,115.32,2.26,85.14,New,Cash
INV104766,7/25/2025 9:11,S003,SH0020,Shoes,6,133.67,10.21,108.47,Returning,Digital
INV100766,7/25/2025 11:09,S016,A0006,Accessories,2,44.72,3.78,25.08,New,Digital
INV100733,7/25/2025 12:01,S003,C0010,Clothing,6,47.01,10.97,31,Returning,Digital
INV107581,7/25/2025 12:05,S015,C0059,Clothing,1,60.18,17.96,34.99,Returning,Digital
INV100411,7/25/2025 13:59,S013,C0099,Clothing,5,42.67,18.57,29.69,New,Card
INV103564,7/25/2025 15:13,S012,SH0020,Shoes,6,79.31,6.35,61.98,Returning,Card
INV107349,7/26/2025 5:07,S012,SH0033,Shoes,6,95.34,2.39,72.07,New,Digital
INV105247,7/26/2025 7:56,S013,A0016,Accessories,5,23.77,16.69,17.21,New,Card
INV102574,7/26/2025 9:01,S020,C0092,Clothing,2,34.55,12.95,25.81,Returning,Digital
INV103769,7/26/2025 14:41,S008,SH0025,Shoes,4,86.48,12.55,51.8,New,Card
INV100247,7/26/2025 21:08,S011,A0017,Accessories,4,69.56,14.01,50.37,Returning,Card
INV102682,7/27/2025 0:54,S012,A0010,Accessories,1,39.63,2.48,24.52,New,Cash
INV104504,7/27/2025 7:20,S005,SH0040,Shoes,1,107.44,11.38,75.58,Returning,Cash
INV108703,7/27/2025 13:12,S007,A0017,Accessories,1,22.11,9.46,14.77,New,Cash
INV109326,7/27/2025 17:34,S010,SH0009,Shoes,2,64.36,7.13,51.79,New,Cash
INV108267,7/27/2025 18:10,S004,A0052,Accessories,2,18.33,5.14,10.13,Returning,Card
INV100032,7/27/2025 19:32,S017,A0058,Accessories,6,50.36,8.72,24.63,New,Card
INV105816,7/27/2025 23:15,S017,A0002,Accessories,2,47.53,9.94,28.51,Returning,Digital
INV109539,7/28/2025 0:20,S011,A0041,Accessories,4,68.02,5.41,33.57,Returning,Digital
INV104420,7/28/2025 2:31,S003,A0030,Accessories,4,62.98,12.53,30.96,Returning,Digital
INV103394,7/28/2025 3:33,S005,A0059,Accessories,4,43.82,8.56,29.78,New,Digital
INV104090,7/28/2025 5:36,S010,C0081,Clothing,5,35.67,16.98,26.31,New,Digital
INV105132,7/28/2025 8:34,S018,A0017,Accessories,2,42.38,13.32,20.61,New,Digital
INV107097,7/28/2025 13:25,S020,SH0005,Shoes,3,92.45,9.15,76.88,New,Digital
INV104261,7/28/2025 15:36,S019,SH0037,Shoes,5,137.07,19.01,84.33,New,Digital
INV106897,7/28/2025 16:02,S011,C0037,Clothing,2,100.36,19.13,72.75,Returning,Cash
INV103596,7/28/2025 19:57,S001,SH0001,Shoes,3,122,17.17,80.84,Returning,Cash
INV109492,7/28/2025 21:20,S020,C0005,Clothing,5,70.59,14.89,39.66,New,Cash
INV103780,7/28/2025 23:50,S008,SH0040,Shoes,3,108.56,15.32,79.02,New,Card
INV105790,7/29/2025 1:40,S014,C0056,Clothing,6,73.92,13.28,51.87,New,Card
INV108496,7/29/2025 3:54,S020,C0067,Clothing,5,31.51,5.84,24.98,New,Cash
INV103936,7/29/2025 4:17,S005,A0022,Accessories,3,68.03,12.05,31.63,Returning,Card
INV107564,7/29/2025 6:22,S014,SH0027,Shoes,6,178.94,15.95,138.96,Returning,Card
INV109923,7/29/2025 6:59,S018,SH0016,Shoes,2,109.75,14.29,79.15,New,Digital
INV100305,7/29/2025 19:17,S015,SH0006,Shoes,1,99.62,8.02,65.03,Returning,Card
INV104724,7/29/2025 20:50,S017,C0095,Clothing,2,38.93,8.99,24.05,New,Digital
INV106993,7/29/2025 23:27,S007,C0045,Clothing,3,61.65,10.76,47.07,Returning,Cash
INV100363,7/30/2025 0:12,S008,SH0034,Shoes,5,85.76,10.21,48.03,New,Digital
INV105052,7/30/2025 3:27,S003,A0021,Accessories,1,73.65,2.36,35.05,New,Digital
INV106108,7/30/2025 8:21,S009,SH0025,Shoes,6,51.78,13.2,36.59,New,Cash
INV106102,7/30/2025 8:56,S019,C0055,Clothing,6,72.62,5.56,46.94,Returning,Cash
INV107330,7/30/2025 11:30,S004,C0021,Clothing,1,34.63,3.95,19.32,Returning,Cash
INV100738,7/30/2025 11:51,S008,SH0019,Shoes,6,84.13,17.63,57.07,Returning,Digital
INV109962,7/30/2025 12:00,S013,C0013,Clothing,3,37.88,0.4,27.2,Returning,Digital
INV108368,7/30/2025 16:34,S004,SH0027,Shoes,5,147,12.01,111.54,New,Digital
INV108336,7/30/2025 18:04,S016,SH0017,Shoes,2,171.46,6.05,120.61,Returning,Card
INV105190,7/30/2025 20:37,S017,C0100,Clothing,1,119.85,13.78,87.26,New,Digital
INV109652,7/30/2025 21:39,S015,A0051,Accessories,6,45.39,3.82,28.14,New,Card
INV109679,7/30/2025 22:45,S002,SH0016,Shoes,6,174.81,9.66,144.2,Returning,Digital
INV105681,7/30/2025 23:18,S020,C0095,Clothing,6,41.2,10.7,31.83,New,Digital
INV104101,7/30/2025 23:38,S020,C0016,Clothing,1,107.18,13.11,65.51,New,Cash
INV109401,7/31/2025 0:18,S013,SH0035,Shoes,5,141.13,14.07,115.08,New,Cash
INV106962,7/31/2025 1:11,S007,SH0031,Shoes,2,171.14,6.63,117.16,New,Digital
INV109754,7/31/2025 11:10,S012,SH0038,Shoes,6,109.08,12.79,73,New,Cash
INV102959,7/31/2025 14:42,S019,A0056,Accessories,5,23.27,18.35,10.52,New,Digital
INV104738,7/31/2025 16:15,S017,C0012,Clothing,3,82.49,2.47,60.08,New,Card
INV107177,7/31/2025 18:10,S017,C0065,Clothing,6,44.73,8.14,33.59,Returning,Card
INV109543,7/31/2025 18:12,S001,A0035,Accessories,1,50.66,18.37,20.57,New,Card
INV100618,7/31/2025 22:59,S015,SH0027,Shoes,2,171.81,9.7,101.94,New,Digital
INV103621,7/31/2025 23:48,S013,SH0027,Shoes,2,51.2,15.31,42.02,New,Digital
INV109635,8/1/2025 2:15,S017,C0058,Clothing,5,102.19,1.49,65.98,Returning,Digital
INV102596,8/1/2025 8:29,S006,SH0038,Shoes,1,59.6,8.52,46.04,New,Cash
INV107944,8/1/2025 14:49,S003,C0068,Clothing,5,68.21,16.73,45.23,New,Cash
INV105491,8/1/2025 19:13,S018,C0089,Clothing,6,109.08,17.93,59.35,New,Cash
INV101358,8/1/2025 23:18,S006,A0010,Accessories,5,62.28,19.7,27.74,Returning,Card
INV106377,8/2/2025 4:12,S020,C0072,Clothing,1,94.28,3.81,50.14,New,Digital
INV108608,8/2/2025 5:14,S019,C0029,Clothing,4,71.79,8.45,53.73,New,Digital
INV100520,8/2/2025 10:44,S001,SH0031,Shoes,5,184.03,2.34,108.91,Returning,Digital
INV107972,8/2/2025 12:23,S005,A0003,Accessories,3,34.14,14.04,18.88,New,Card
INV102912,8/2/2025 12:45,S015,C0041,Clothing,6,35.72,10.15,23.31,Returning,Digital
INV108330,8/2/2025 17:52,S019,C0002,Clothing,5,50.53,14.77,39.05,New,Card
INV105697,8/2/2025 23:24,S008,C0030,Clothing,4,59.67,8.16,42.33,Returning,Digital
INV101991,8/3/2025 4:10,S014,SH0034,Shoes,1,134.73,15.83,111.43,Returning,Cash
INV100230,8/3/2025 6:05,S014,C0018,Clothing,4,95.24,7.03,64.47,Returning,Cash
INV107840,8/3/2025 13:02,S019,C0081,Clothing,6,49.91,15.89,35.45,New,Card
INV109346,8/3/2025 17:46,S017,C0051,Clothing,4,28.37,12.94,21.36,Returning,Digital
INV101665,8/3/2025 20:47,S015,SH0015,Shoes,3,157.17,15.22,96.55,New,Card
INV102291,8/4/2025 2:42,S018,C0008,Clothing,3,114.64,2.46,83.43,Returning,Cash
INV104928,8/4/2025 3:00,S020,SH0029,Shoes,1,83.75,6.79,54.23,Returning,Card
INV107960,8/4/2025 3:46,S004,C0060,Clothing,1,108.78,3.96,56.67,Returning,Digital
INV109505,8/4/2025 4:57,S016,C0041,Clothing,3,57.9,0.85,36.48,New,Card
INV104175,8/4/2025 7:06,S009,SH0010,Shoes,2,145.52,2.91,98.54,Returning,Card
INV108547,8/4/2025 7:08,S005,A0055,Accessories,3,66.04,1.58,40.56,New,Card
INV108725,8/4/2025 8:52,S003,A0014,Accessories,3,49.56,10,31.78,Returning,Cash
INV106885,8/4/2025 11:36,S015,C0054,Clothing,5,116.82,4.34,69.42,Returning,Digital
INV103568,8/4/2025 12:51,S003,SH0006,Shoes,1,142.55,18.65,110.41,New,Card
INV109732,8/4/2025 14:20,S014,SH0006,Shoes,5,103.48,4.92,84.77,New,Digital
INV101720,8/4/2025 16:47,S015,A0009,Accessories,1,64.56,14.3,39.35,New,Card
INV103959,8/4/2025 17:59,S009,SH0029,Shoes,5,90.16,7.7,68.24,Returning,Card
INV106950,8/5/2025 5:03,S005,A0055,Accessories,6,30.97,14.77,13.8,Returning,Card
INV102451,8/5/2025 5:57,S001,C0008,Clothing,6,60.02,13.2,32.72,New,Cash
INV101996,8/5/2025 8:59,S018,C0093,Clothing,3,60.25,16.29,40.53,Returning,Card
INV101786,8/5/2025 9:17,S011,A0005,Accessories,3,63.8,6.91,29.28,New,Digital
INV104516,8/5/2025 10:24,S006,SH0012,Shoes,2,73.31,3.7,40.45,New,Cash
INV100724,8/5/2025 11:00,S019,C0011,Clothing,5,32.21,4.5,22.3,Returning,Card
INV104340,8/5/2025 15:02,S014,C0069,Clothing,3,100.46,0.82,64.47,New,Card
INV109929,8/5/2025 18:00,S017,C0062,Clothing,6,31.46,3.11,16.09,New,Card
INV105835,8/5/2025 20:46,S010,C0094,Clothing,4,103.58,9.61,66.95,Returning,Cash
INV102540,8/5/2025 23:55,S002,C0050,Clothing,3,99.78,13.16,56.83,Returning,Digital
INV101116,8/6/2025 0:47,S020,C0041,Clothing,3,78.81,13.96,61.07,New,Digital
INV101918,8/6/2025 0:51,S007,A0016,Accessories,6,61.78,17.98,41.27,New,Card
INV100170,8/6/2025 1:29,S010,SH0027,Shoes,4,113.09,13.46,64.16,New,Card
INV100521,8/6/2025 11:05,S009,C0078,Clothing,2,84.13,15.63,56.79,New,Cash
INV107220,8/6/2025 13:10,S012,SH0034,Shoes,5,42.87,13.63,34.82,Returning,Cash
INV105876,8/6/2025 15:41,S008,SH0005,Shoes,4,84.01,5.83,67.18,Returning,Digital
INV102712,8/6/2025 21:05,S011,A0025,Accessories,5,67.08,12.33,31.93,New,Cash
INV108424,8/6/2025 22:12,S006,SH0005,Shoes,1,145.52,8.25,114.29,Returning,Cash
INV109561,8/7/2025 2:19,S012,C0060,Clothing,6,83.58,2.1,60.67,New,Cash
INV109236,8/7/2025 5:06,S012,C0014,Clothing,6,78.89,19.49,42.91,New,Digital
INV109764,8/7/2025 12:01,S019,C0098,Clothing,1,81.47,4.52,62.42,Returning,Cash
INV108445,8/7/2025 13:27,S008,SH0002,Shoes,6,174.45,6.09,122.72,Returning,Digital
INV107788,8/7/2025 18:06,S012,C0002,Clothing,4,83.53,17.98,46.68,New,Card
INV102673,8/7/2025 20:23,S012,SH0031,Shoes,3,124.5,0.46,76.33,New,Card
INV105287,8/8/2025 0:02,S012,SH0004,Shoes,4,100.27,19.95,84.91,New,Cash
INV105862,8/8/2025 2:06,S005,A0019,Accessories,2,45.61,15.53,32.47,Returning,Digital
INV109722,8/8/2025 5:59,S005,A0001,Accessories,1,57.13,12.71,35.32,New,Cash
INV103994,8/8/2025 10:22,S020,C0020,Clothing,6,63.13,1.12,40.34,Returning,Digital
INV109498,8/8/2025 12:58,S009,C0076,Clothing,5,37.61,12.09,28.18,New,Digital
INV104014,8/8/2025 14:00,S013,A0054,Accessories,6,64.88,18.05,48.55,New,Digital
INV107467,8/8/2025 18:12,S012,A0025,Accessories,2,67.3,11.19,45.75,Returning,Digital
INV103033,8/8/2025 22:21,S008,A0054,Accessories,1,16.87,16.27,10.48,New,Card
INV102955,8/8/2025 23:42,S018,C0040,Clothing,1,83.47,18.8,55.33,New,Digital
INV101817,8/9/2025 0:08,S012,A0016,Accessories,6,36.28,6.17,16.2,Returning,Cash
INV105563,8/9/2025 1:04,S015,C0010,Clothing,5,115.09,17.23,81.51,Returning,Card
INV101632,8/9/2025 2:03,S009,C0068,Clothing,3,105.17,11.99,54.07,Returning,Card
INV107808,8/9/2025 6:13,S005,SH0025,Shoes,4,65.73,5.59,41.77,Returning,Cash
INV106591,8/9/2025 6:25,S020,A0008,Accessories,2,77.59,3.66,32.67,Returning,Card
INV102422,8/9/2025 18:51,S005,C0003,Clothing,4,90.86,8.23,66.11,Returning,Card
INV100109,8/9/2025 21:59,S003,SH0040,Shoes,3,91.71,3.02,77.15,Returning,Card
INV104517,8/10/2025 2:25,S012,A0015,Accessories,2,79.16,14.72,50.01,New,Digital
INV101255,8/10/2025 6:44,S015,A0054,Accessories,2,43.38,9.61,23.28,New,Cash
INV105860,8/10/2025 7:20,S001,A0004,Accessories,3,39.33,9.97,22.62,Returning,Digital
INV103808,8/10/2025 8:22,S015,SH0005,Shoes,5,125.16,5.88,75.45,Returning,Cash
INV100794,8/10/2025 8:56,S018,SH0003,Shoes,6,139.3,15.81,103.52,New,Cash
INV104990,8/10/2025 14:24,S019,C0050,Clothing,2,116.15,7.46,92.6,Returning,Card
INV108373,8/10/2025 15:44,S002,C0026,Clothing,3,37.31,12.61,20.53,New,Card
INV104497,8/10/2025 16:55,S001,A0009,Accessories,6,28.43,15.93,16.03,New,Card
INV107730,8/10/2025 19:59,S001,SH0013,Shoes,3,101.17,10.08,61.13,New,Digital
INV108663,8/10/2025 20:46,S004,A0053,Accessories,2,64.23,11.75,45.54,Returning,Cash
INV100433,8/11/2025 0:11,S006,SH0013,Shoes,3,181.21,13.83,104.57,New,Cash
INV107108,8/11/2025 1:27,S006,SH0024,Shoes,6,55.46,16.26,38.99,New,Card
INV100817,8/11/2025 5:11,S011,C0023,Clothing,1,85.97,2.34,59.26,Returning,Card
INV108426,8/11/2025 17:23,S006,SH0025,Shoes,4,122.4,5.53,69.94,Returning,Card
INV106671,8/11/2025 21:59,S007,SH0014,Shoes,5,51.27,17.43,33.53,Returning,Card
INV101645,8/12/2025 2:29,S004,A0049,Accessories,3,50.64,18.51,25.56,Returning,Cash
INV108951,8/12/2025 3:16,S007,SH0005,Shoes,5,162.08,2.99,125.5,Returning,Digital
INV101840,8/12/2025 8:17,S013,SH0026,Shoes,6,147.05,2.34,91.86,New,Digital
INV105175,8/12/2025 14:42,S018,C0035,Clothing,6,87.8,6.72,50.5,Returning,Cash
INV104518,8/12/2025 20:47,S001,C0009,Clothing,5,26.87,3.23,14.51,New,Digital
INV109130,8/12/2025 23:33,S009,SH0033,Shoes,3,47.65,9.2,37.74,Returning,Card
INV102149,8/13/2025 0:30,S006,C0016,Clothing,3,67.88,19.49,38.55,Returning,Cash
INV100314,8/13/2025 3:06,S010,SH0015,Shoes,6,40.35,19.29,26.49,Returning,Digital
INV105362,8/13/2025 3:31,S007,A0025,Accessories,4,60.94,11.64,29.64,New,Digital
INV108194,8/13/2025 5:43,S011,SH0007,Shoes,4,61.25,10.99,43.21,Returning,Digital
INV103396,8/13/2025 5:47,S009,SH0032,Shoes,4,125.56,18.23,76.45,New,Digital
INV104287,8/13/2025 10:00,S019,A0013,Accessories,2,19.92,13.01,12.39,New,Card
INV107036,8/13/2025 13:19,S018,A0049,Accessories,2,51.2,11.06,23.75,Returning,Card
INV105291,8/13/2025 17:16,S018,C0059,Clothing,6,29.3,15.41,15.55,Returning,Digital
INV100462,8/13/2025 17:18,S010,SH0037,Shoes,3,111.55,5.99,68.23,Returning,Digital
INV108093,8/13/2025 20:15,S013,A0017,Accessories,6,67.83,16.11,50.16,New,Card
INV107987,8/13/2025 21:34,S016,A0056,Accessories,1,51.98,7.53,22.21,Returning,Card
INV100010,8/14/2025 0:46,S010,SH0017,Shoes,5,195.5,18.25,152.21,New,Cash
INV101663,8/14/2025 4:54,S018,C0059,Clothing,6,46.59,19.36,26.04,New,Cash
INV109286,8/14/2025 5:25,S007,SH0019,Shoes,5,47.5,14.56,37.88,Returning,Digital
INV108790,8/14/2025 9:42,S020,A0014,Accessories,3,46.25,17.48,25.63,New,Card
INV102237,8/14/2025 10:55,S007,SH0009,Shoes,2,54.29,8.34,32.44,Returning,Card
INV109537,8/14/2025 18:34,S012,A0059,Accessories,3,49.54,15,22.21,Returning,Cash
INV101035,8/14/2025 19:16,S011,A0008,Accessories,5,62.15,18.48,39.12,New,Card
INV101955,8/14/2025 20:42,S006,SH0016,Shoes,6,84.28,12.5,60.84,Returning,Cash
INV108911,8/14/2025 20:53,S018,SH0012,Shoes,1,127.7,3.07,91.77,Returning,Card
INV106878,8/14/2025 23:12,S007,A0010,Accessories,4,42.04,6,27.71,New,Digital
INV100347,8/15/2025 1:02,S009,A0007,Accessories,3,59.26,16.7,34.52,New,Card
INV102256,8/15/2025 4:08,S012,SH0014,Shoes,2,83.21,4.61,47.9,New,Cash
INV108345,8/15/2025 4:37,S012,SH0036,Shoes,2,144.58,13.6,121.76,Returning,Card
INV104885,8/15/2025 6:35,S016,C0044,Clothing,5,83.33,18.79,59.59,New,Digital
INV100084,8/15/2025 11:43,S008,SH0017,Shoes,3,133.53,2.17,106.39,Returning,Cash
INV109589,8/15/2025 13:37,S005,C0037,Clothing,6,91.34,7.14,66.48,Returning,Card
INV104579,8/15/2025 15:15,S017,SH0025,Shoes,5,117.28,7.11,77.29,Returning,Card
INV104113,8/15/2025 15:42,S016,C0014,Clothing,3,37.57,7.24,22.83,New,Cash
INV103034,8/15/2025 17:03,S020,C0017,Clothing,3,90.1,3.04,65.94,Returning,Digital
INV105431,8/15/2025 18:35,S007,C0007,Clothing,2,34.5,0.77,24.98,New,Cash
INV106686,8/15/2025 23:00,S018,C0061,Clothing,1,77.4,18.93,56.41,Returning,Cash
INV105582,8/16/2025 0:43,S016,A0057,Accessories,5,54.06,16.34,25.22,New,Digital
INV109901,8/16/2025 1:15,S017,A0002,Accessories,5,11.04,9.94,8.26,Returning,Digital
INV109064,8/16/2025 2:03,S015,SH0015,Shoes,6,163.2,6.79,117.66,New,Digital
INV107112,8/16/2025 2:29,S019,SH0034,Shoes,6,171.61,4.08,117.81,Returning,Card
INV109324,8/16/2025 4:35,S005,A0044,Accessories,6,59.83,16.32,35.85,New,Digital
INV102819,8/16/2025 4:43,S003,C0036,Clothing,3,22.17,9.89,16.11,New,Cash
INV101725,8/16/2025 8:25,S014,A0002,Accessories,6,37.23,7.13,20.66,New,Cash
INV103491,8/16/2025 11:39,S009,SH0026,Shoes,2,126.06,8.94,85.63,New,Digital
INV103165,8/16/2025 14:16,S017,A0044,Accessories,1,33.74,13.17,15.44,Returning,Cash
INV106806,8/16/2025 14:49,S016,C0066,Clothing,2,66.66,5.84,40.89,Returning,Digital
INV107537,8/16/2025 18:56,S009,C0098,Clothing,5,116.13,13.4,88.1,Returning,Cash
INV106392,8/17/2025 5:27,S004,SH0021,Shoes,2,125.05,18.08,80.38,New,Card
INV107018,8/17/2025 7:27,S007,A0007,Accessories,2,64.01,7.08,25.65,Returning,Digital
INV107628,8/17/2025 8:38,S003,A0057,Accessories,5,60.11,19.33,28.59,Returning,Cash
INV106137,8/17/2025 10:54,S002,A0029,Accessories,6,24.1,2.13,15.5,New,Card
INV101573,8/17/2025 11:59,S012,C0057,Clothing,4,105.59,12.19,57.29,Returning,Cash
INV105032,8/17/2025 12:11,S006,C0003,Clothing,5,78.45,12.99,58.42,Returning,Digital
INV108806,8/17/2025 17:35,S015,A0010,Accessories,5,72.74,1.79,51.35,Returning,Cash
INV107404,8/17/2025 20:52,S003,A0029,Accessories,6,37,0.12,20.08,New,Digital
INV104183,8/17/2025 23:28,S016,SH0027,Shoes,2,193.89,14.02,145.65,New,Digital
INV101811,8/18/2025 4:33,S015,SH0038,Shoes,2,194.55,12.83,162.53,Returning,Cash
INV109697,8/18/2025 9:08,S002,SH0008,Shoes,3,92.62,4.92,71.22,New,Cash
INV104338,8/18/2025 10:11,S006,A0046,Accessories,3,74.61,18.67,44.74,Returning,Digital
INV102554,8/18/2025 11:51,S017,C0094,Clothing,4,96.74,4.26,73.71,Returning,Digital
INV109110,8/18/2025 18:16,S005,C0097,Clothing,5,49.82,4.31,25.52,Returning,Digital
INV106040,8/18/2025 18:18,S012,C0041,Clothing,1,65.72,0.71,43.31,Returning,Card
INV104300,8/18/2025 19:10,S008,SH0030,Shoes,5,102.4,16.43,69.76,Returning,Cash
INV104792,8/18/2025 20:49,S016,A0023,Accessories,3,51.28,5.31,35.07,New,Cash
INV102166,8/18/2025 22:54,S003,SH0002,Shoes,4,179.55,11.68,145.43,Returning,Digital
INV108874,8/19/2025 0:53,S011,A0046,Accessories,5,46.52,14.55,27.07,New,Digital
INV104145,8/19/2025 4:39,S006,SH0040,Shoes,4,191.09,7.33,129.27,New,Card
INV102478,8/19/2025 5:31,S006,SH0004,Shoes,2,169.39,12.43,110.65,Returning,Card
INV109400,8/19/2025 9:12,S004,SH0011,Shoes,1,156.68,3.69,110.25,New,Digital
INV100519,8/19/2025 10:09,S010,SH0035,Shoes,6,196.1,5.91,127.34,New,Digital
INV105065,8/19/2025 10:19,S012,C0016,Clothing,3,86.86,3.94,48.16,New,Digital
INV100367,8/19/2025 21:29,S008,SH0002,Shoes,4,117.12,12.67,73.47,New,Card
INV107229,8/19/2025 22:37,S013,SH0020,Shoes,4,112.37,9.94,91.85,Returning,Digital
INV109634,8/19/2025 22:43,S015,SH0002,Shoes,4,58.76,4.76,32.35,New,Digital
INV108652,8/19/2025 22:50,S020,C0060,Clothing,5,92.17,14.74,49.37,New,Card
INV100225,8/20/2025 0:07,S005,C0057,Clothing,4,65.65,4.05,52.36,Returning,Cash
INV108803,8/20/2025 2:28,S012,A0017,Accessories,6,20.72,14.67,10.01,New,Card
INV104316,8/20/2025 2:34,S015,SH0013,Shoes,3,175,9.97,124.17,New,Card
INV105694,8/20/2025 3:01,S002,C0059,Clothing,3,71.28,6.47,44.37,New,Card
INV101933,8/20/2025 3:38,S011,A0027,Accessories,1,38.97,2.79,28.58,Returning,Cash
INV106376,8/20/2025 7:49,S020,C0068,Clothing,5,32.86,13.74,21.43,New,Digital
INV106208,8/20/2025 7:57,S011,A0035,Accessories,6,46.82,9.17,24.74,New,Cash
INV106613,8/20/2025 12:39,S005,SH0036,Shoes,5,99.95,19.33,72.52,Returning,Cash
INV108453,8/20/2025 16:18,S015,A0045,Accessories,6,52.28,2.03,27.16,New,Digital
INV102843,8/20/2025 17:36,S009,C0088,Clothing,4,112.46,11.83,70.65,Returning,Digital
INV106735,8/20/2025 18:59,S013,A0022,Accessories,1,21.1,1.14,12.77,New,Digital
INV102115,8/20/2025 21:22,S018,SH0005,Shoes,2,125.84,15.78,96.53,New,Cash
INV104654,8/21/2025 2:01,S014,A0032,Accessories,5,25.04,4.33,16.43,New,Card
INV108357,8/21/2025 2:06,S015,C0063,Clothing,6,45.61,12.96,26.14,New,Cash
INV101275,8/21/2025 5:43,S001,A0002,Accessories,1,12.32,15.51,4.98,New,Cash
INV109343,8/21/2025 6:22,S008,SH0002,Shoes,1,44,12.75,28.2,Returning,Card
INV105043,8/21/2025 11:26,S019,A0043,Accessories,4,39.55,16.09,21.04,New,Cash
INV106900,8/21/2025 17:13,S012,SH0005,Shoes,5,161.58,5.74,124.48,Returning,Card
INV101050,8/21/2025 18:55,S001,C0052,Clothing,4,101.32,13.38,69.75,New,Digital
INV103903,8/21/2025 19:50,S012,C0061,Clothing,3,109.34,12.62,75.73,Returning,Cash
INV101110,8/21/2025 20:55,S003,SH0007,Shoes,2,138.01,3.99,78.23,New,Cash
INV105318,8/22/2025 0:02,S018,A0017,Accessories,5,69.39,10.96,48.4,New,Digital
INV104923,8/22/2025 2:13,S013,SH0003,Shoes,5,88.42,9.38,71.27,New,Digital
INV103684,8/22/2025 3:15,S001,SH0010,Shoes,3,140.64,12.85,89.89,Returning,Cash
INV102584,8/22/2025 6:46,S019,C0022,Clothing,5,114.71,9.04,64.39,New,Digital
INV102635,8/22/2025 9:17,S004,C0028,Clothing,4,26.91,1.93,19.88,Returning,Cash
INV107921,8/22/2025 10:07,S013,SH0020,Shoes,4,156.39,0.46,98.33,New,Card
INV108492,8/22/2025 14:09,S019,SH0025,Shoes,1,86.46,12.67,71.03,New,Cash
INV104853,8/22/2025 17:49,S001,C0040,Clothing,3,116.9,3.15,85.9,New,Cash
INV109545,8/22/2025 18:53,S014,SH0009,Shoes,4,66.99,6.75,36.95,Returning,Digital
INV106423,8/23/2025 2:34,S004,C0033,Clothing,5,31.41,0.54,17.44,Returning,Digital
INV108780,8/23/2025 5:08,S017,A0052,Accessories,4,30.11,8.89,13.57,New,Card
INV103689,8/23/2025 7:36,S008,SH0006,Shoes,5,140.7,16.39,112.35,Returning,Digital
INV103901,8/23/2025 7:44,S014,SH0007,Shoes,5,142.49,2.09,113.83,Returning,Card
INV105679,8/23/2025 10:12,S007,C0032,Clothing,6,74.93,9.69,41.77,Returning,Digital
INV106877,8/23/2025 12:58,S018,SH0025,Shoes,1,133.4,0.59,98.3,New,Digital
INV106130,8/23/2025 13:53,S009,A0052,Accessories,5,14.06,17.4,10.53,Returning,Digital
INV100856,8/23/2025 16:29,S020,C0011,Clothing,6,25.47,2.14,19.08,New,Card
INV108116,8/23/2025 17:35,S004,A0055,Accessories,6,74.16,8.41,40.65,New,Cash
INV107852,8/23/2025 18:45,S003,C0051,Clothing,2,59.42,17.64,42.65,New,Digital
INV107447,8/23/2025 19:24,S010,C0068,Clothing,4,61.8,10.48,30.91,New,Cash
INV104244,8/23/2025 19:58,S018,C0069,Clothing,5,84.63,6.01,50.42,New,Cash
INV102506,8/23/2025 22:58,S019,SH0019,Shoes,5,96.55,6.87,67.43,Returning,Card
INV101577,8/23/2025 23:49,S020,A0042,Accessories,3,54.52,8.28,31.26,New,Card
INV104100,8/23/2025 23:58,S015,A0003,Accessories,2,50.38,17.97,21.28,Returning,Cash
INV108692,8/24/2025 2:15,S003,A0003,Accessories,2,53.54,8.32,28.32,Returning,Cash
INV106628,8/24/2025 4:22,S013,C0094,Clothing,6,62.43,7.37,44.03,New,Card
INV103439,8/24/2025 5:08,S011,A0031,Accessories,6,53.11,0.47,22.06,Returning,Cash
INV105532,8/24/2025 22:28,S005,C0083,Clothing,3,47.3,18.35,36.32,Returning,Card
INV109797,8/25/2025 0:13,S015,SH0028,Shoes,5,54.58,0.84,39.29,New,Digital
INV103473,8/25/2025 1:49,S002,A0008,Accessories,2,54.55,10.25,39.81,Returning,Cash
INV103323,8/25/2025 2:23,S002,A0007,Accessories,2,32.48,4.33,22.65,Returning,Cash
INV104440,8/25/2025 3:00,S002,A0046,Accessories,2,52.71,14.33,35.88,Returning,Cash
INV107541,8/25/2025 12:02,S005,SH0006,Shoes,5,154.8,16.23,115.09,New,Card
INV108977,8/25/2025 13:53,S020,SH0014,Shoes,1,46.25,1.14,32.16,New,Card
INV105941,8/25/2025 14:55,S006,A0012,Accessories,2,18.06,7.35,12.78,Returning,Digital
INV100282,8/25/2025 16:25,S016,C0088,Clothing,5,23.06,8.92,14.11,Returning,Card
INV107517,8/25/2025 19:21,S005,SH0020,Shoes,3,156.93,12.08,102.18,New,Digital
INV105202,8/25/2025 19:45,S020,A0029,Accessories,2,76.23,9.28,32.41,Returning,Card
INV101824,8/25/2025 22:31,S008,SH0012,Shoes,1,99.55,6.02,78.08,Returning,Digital
INV101670,8/26/2025 0:37,S019,SH0036,Shoes,3,115.95,17.31,89.67,Returning,Cash
INV108815,8/26/2025 0:46,S009,A0035,Accessories,6,75.78,14.82,40.13,Returning,Card
INV100796,8/26/2025 3:05,S011,SH0007,Shoes,4,186.79,3.99,154.43,New,Card
INV105807,8/26/2025 4:35,S010,SH0008,Shoes,3,145.15,13.48,101.79,Returning,Card
INV108310,8/26/2025 5:45,S018,C0089,Clothing,4,76.62,10.71,46.88,New,Digital
INV108866,8/26/2025 9:53,S002,SH0001,Shoes,5,92.81,12.56,52.23,Returning,Digital
INV107434,8/26/2025 10:24,S011,SH0040,Shoes,6,137.63,15.28,113.06,Returning,Digital
INV101118,8/26/2025 14:20,S013,A0030,Accessories,2,70.81,2.84,39.83,Returning,Cash
INV104065,8/26/2025 19:50,S008,SH0034,Shoes,5,106.54,16.09,76.11,Returning,Digital
INV109558,8/27/2025 4:02,S007,SH0005,Shoes,6,113.36,3.36,66.65,New,Card
INV105356,8/27/2025 7:27,S005,SH0029,Shoes,5,168.43,5.22,125.14,New,Cash
INV103913,8/27/2025 10:07,S011,A0031,Accessories,5,51.32,8.15,23.74,Returning,Card
INV105783,8/27/2025 10:12,S010,A0003,Accessories,2,43.81,3.6,27.21,Returning,Card
INV107487,8/27/2025 11:11,S012,C0025,Clothing,3,106.4,18.08,64.31,New,Digital
INV105943,8/27/2025 15:23,S016,SH0008,Shoes,6,177.99,10,105.02,Returning,Cash
INV109268,8/27/2025 18:17,S014,SH0001,Shoes,6,91.9,19.61,66.07,New,Cash
INV109646,8/27/2025 20:33,S009,A0008,Accessories,6,35.12,12.78,25.56,Returning,Cash
INV103500,8/27/2025 21:09,S001,SH0018,Shoes,4,66.11,1,36.4,Returning,Digital
INV107211,8/27/2025 21:43,S020,C0022,Clothing,3,82.97,13.37,52.78,New,Cash
INV107473,8/27/2025 21:52,S016,A0020,Accessories,1,55.48,13.95,28.9,Returning,Digital
INV105097,8/28/2025 0:42,S002,SH0004,Shoes,1,101.45,18.59,56.1,Returning,Card
INV101792,8/28/2025 4:43,S010,A0049,Accessories,1,26.37,7.35,15.66,New,Digital
INV108503,8/28/2025 8:15,S011,SH0034,Shoes,2,156.91,15.91,123.94,Returning,Cash
INV104663,8/28/2025 10:23,S016,A0054,Accessories,2,63.77,11.63,32.05,Returning,Card
INV109758,8/28/2025 10:50,S011,C0041,Clothing,4,20.72,9.85,11.75,Returning,Cash
INV108450,8/28/2025 11:11,S010,A0036,Accessories,2,53.21,10.58,28.68,Returning,Digital
INV106992,8/28/2025 15:02,S017,C0072,Clothing,4,47.32,5.87,27.64,New,Cash
INV104374,8/28/2025 16:12,S011,A0010,Accessories,4,74.53,14.41,40.92,Returning,Cash
INV103049,8/28/2025 23:00,S017,C0010,Clothing,1,111.64,9.01,78.31,Returning,Card
INV102552,8/29/2025 1:43,S019,SH0039,Shoes,1,84.42,9.75,70.04,New,Cash
INV105656,8/29/2025 3:24,S004,C0025,Clothing,2,95.68,6.78,63.58,Returning,Digital
INV103017,8/29/2025 3:44,S019,A0054,Accessories,4,39.11,8.29,21.34,Returning,Cash
INV100163,8/29/2025 8:12,S001,C0043,Clothing,3,36.25,14.37,23.12,Returning,Card
INV103055,8/29/2025 12:54,S011,C0081,Clothing,6,58.72,10.47,32.27,New,Cash
INV102576,8/29/2025 21:43,S004,C0087,Clothing,1,41.12,4.76,29.11,Returning,Digital
INV107618,8/30/2025 0:44,S012,A0048,Accessories,3,57.9,10.04,39.93,New,Cash
INV106304,8/30/2025 2:44,S006,SH0031,Shoes,5,92.7,8.1,58.06,Returning,Cash
INV109368,8/30/2025 4:50,S014,A0035,Accessories,6,64.66,8.79,33.29,New,Card
INV109775,8/30/2025 14:55,S014,A0003,Accessories,6,40.73,9.35,26.38,New,Digital
INV100471,8/30/2025 18:46,S020,A0023,Accessories,3,77.24,3.35,52.48,Returning,Digital
INV108611,8/30/2025 19:59,S011,SH0002,Shoes,3,124.83,14.96,90.58,Returning,Cash
INV100292,8/31/2025 1:55,S013,SH0038,Shoes,2,191.09,10.01,109.18,Returning,Card
INV102740,8/31/2025 2:28,S012,SH0024,Shoes,4,100.91,12.1,58.78,New,Card
INV104480,8/31/2025 5:12,S018,C0044,Clothing,3,95.33,10.66,50.14,Returning,Card
INV105440,8/31/2025 7:57,S015,A0053,Accessories,4,47.6,16.69,23.07,Returning,Cash
INV109488,8/31/2025 8:11,S018,SH0038,Shoes,6,156.99,5.15,87.42,New,Cash
INV105252,8/31/2025 12:40,S002,SH0004,Shoes,6,116.42,11.54,64.56,Returning,Card
INV101174,8/31/2025 16:31,S019,SH0038,Shoes,5,151.24,11.99,125.08,New,Card
INV101565,9/1/2025 0:35,S018,C0074,Clothing,3,80.95,14.12,63.41,Returning,Cash
INV105915,9/1/2025 1:15,S007,SH0032,Shoes,5,138.93,12,110.65,Returning,Cash
INV109237,9/1/2025 3:51,S002,SH0033,Shoes,5,120.25,7.92,92.85,Returning,Card
INV108586,9/1/2025 3:51,S017,A0008,Accessories,1,49.34,8.83,22.19,New,Card
INV108978,9/1/2025 8:52,S002,A0011,Accessories,2,60.07,0.7,40.44,New,Digital
INV105114,9/1/2025 14:15,S007,C0002,Clothing,3,99.3,13.81,74.02,Returning,Digital
INV101963,9/1/2025 22:10,S001,C0013,Clothing,4,47.39,19.18,32.42,New,Card
INV102856,9/2/2025 4:11,S009,SH0031,Shoes,1,53.66,10.45,32.03,Returning,Cash
INV107891,9/2/2025 4:18,S012,SH0014,Shoes,6,42.82,5.04,32.43,Returning,Digital
INV107576,9/2/2025 6:15,S001,C0065,Clothing,6,116.53,10.54,81,Returning,Cash
INV107436,9/2/2025 6:41,S009,A0041,Accessories,1,66.44,9.32,43.47,Returning,Digital
INV105172,9/2/2025 7:53,S015,A0022,Accessories,6,42.26,19.58,21.51,New,Card
INV101520,9/2/2025 8:25,S009,SH0039,Shoes,1,164.31,8.62,109.22,New,Cash
INV104119,9/2/2025 15:21,S019,A0015,Accessories,2,37.79,0.94,20.93,Returning,Digital
INV108846,9/2/2025 18:52,S001,SH0039,Shoes,4,89.93,0.74,65.65,Returning,Card
INV103062,9/2/2025 21:59,S013,A0021,Accessories,1,33.91,3.79,24.01,Returning,Digital
INV101841,9/3/2025 0:03,S011,C0076,Clothing,1,44.58,14.34,33.38,Returning,Cash
INV109736,9/3/2025 0:23,S006,SH0027,Shoes,4,177.28,17.45,149.48,Returning,Card
INV107310,9/3/2025 7:47,S018,A0049,Accessories,6,78.66,10.39,46.06,New,Cash
INV107244,9/3/2025 8:08,S020,SH0017,Shoes,3,195.71,19.46,116.32,Returning,Card
INV102465,9/3/2025 8:41,S015,SH0022,Shoes,4,142.4,6.43,115.41,Returning,Card
INV100719,9/3/2025 11:48,S018,A0005,Accessories,6,46.95,18.46,23.43,Returning,Cash
INV109257,9/3/2025 13:13,S005,C0043,Clothing,2,102.58,16.26,74.08,Returning,Digital
INV102836,9/3/2025 15:31,S019,A0019,Accessories,4,64.5,5.29,31.97,New,Cash
INV109973,9/3/2025 16:05,S006,A0032,Accessories,1,16.63,2.52,6.99,Returning,Digital
INV108110,9/3/2025 17:41,S009,SH0004,Shoes,5,53.6,5.63,32.84,New,Cash
INV107216,9/3/2025 17:57,S001,C0090,Clothing,1,66.82,15.2,52.21,New,Digital
INV106183,9/3/2025 19:51,S008,A0053,Accessories,5,12.17,7.87,7.55,Returning,Cash
INV100934,9/4/2025 0:20,S007,C0020,Clothing,1,67.05,6.24,53.51,New,Digital
INV104278,9/4/2025 0:34,S018,C0040,Clothing,4,109.81,18.42,62.67,Returning,Cash
INV105590,9/4/2025 1:12,S017,C0018,Clothing,6,108.34,6.77,57.86,New,Digital
INV106856,9/4/2025 1:22,S018,SH0004,Shoes,4,186.42,1.82,154.15,New,Digital
INV100096,9/4/2025 2:05,S018,C0012,Clothing,3,63.19,16.24,45.71,New,Digital
INV105106,9/4/2025 3:56,S005,A0042,Accessories,6,37.03,0.63,19.09,Returning,Cash
INV100498,9/4/2025 15:11,S011,SH0003,Shoes,2,48.64,8.69,32.07,Returning,Cash
INV106344,9/4/2025 20:25,S001,C0019,Clothing,6,66.87,12.36,43.49,New,Digital
INV101006,9/4/2025 20:38,S010,A0050,Accessories,3,60.85,9.44,29.21,Returning,Cash
INV101535,9/4/2025 22:44,S012,C0046,Clothing,4,42.55,1.74,24.17,New,Card
INV106665,9/5/2025 2:12,S013,A0006,Accessories,1,46.36,14.01,21.13,Returning,Cash
INV107081,9/5/2025 6:32,S013,SH0028,Shoes,4,128.49,1.33,71.13,New,Cash
INV107644,9/5/2025 16:40,S007,A0027,Accessories,5,53.8,16.16,27.15,New,Cash
INV104054,9/5/2025 20:15,S018,A0055,Accessories,1,65.86,14.9,48.74,Returning,Card
INV101985,9/6/2025 0:42,S008,C0038,Clothing,3,105.9,2.22,73.72,New,Card
INV106467,9/6/2025 1:22,S012,C0089,Clothing,3,29.04,0.21,19.73,New,Card
INV100369,9/6/2025 10:22,S007,SH0018,Shoes,2,69.25,9.98,53.59,New,Digital
INV104252,9/6/2025 10:26,S007,C0003,Clothing,1,74.55,0.78,52.14,New,Cash
INV100437,9/6/2025 14:26,S018,C0077,Clothing,5,80.01,5.56,45.88,New,Cash
INV108358,9/6/2025 16:00,S004,C0024,Clothing,5,48.3,9.67,34.03,Returning,Cash
INV102672,9/6/2025 18:40,S009,C0067,Clothing,1,39.63,8.54,22.62,Returning,Cash
INV101090,9/6/2025 18:41,S016,A0044,Accessories,6,53.12,4.75,29.61,Returning,Card
INV100377,9/6/2025 20:06,S009,SH0022,Shoes,5,81.56,18.64,53.67,Returning,Cash
INV100542,9/6/2025 21:23,S003,C0087,Clothing,4,69.16,10.45,36.76,New,Cash
INV100709,9/6/2025 21:54,S017,C0094,Clothing,6,58.49,2.86,39.9,New,Cash
INV106814,9/6/2025 22:06,S005,SH0011,Shoes,6,156.52,2.96,106.43,Returning,Digital
INV104751,9/7/2025 0:01,S001,C0028,Clothing,3,51.77,16.09,28.05,Returning,Cash
INV105294,9/7/2025 2:22,S001,A0054,Accessories,1,71.44,19.06,47.62,Returning,Card
INV103063,9/7/2025 8:44,S006,C0089,Clothing,4,94.51,7.13,56.22,Returning,Card
INV103962,9/7/2025 10:18,S009,A0027,Accessories,5,67.3,5.89,41.81,New,Card
INV103006,9/7/2025 13:10,S015,A0019,Accessories,3,49.37,13.22,23.98,Returning,Cash
INV107502,9/7/2025 16:31,S011,SH0015,Shoes,4,44.38,7.11,29,Returning,Card
INV108680,9/7/2025 17:55,S001,A0023,Accessories,2,30.5,18.69,15.38,New,Card
INV104603,9/7/2025 20:16,S006,SH0035,Shoes,2,117.55,18.23,90.93,Returning,Cash
INV107260,9/7/2025 21:22,S012,A0036,Accessories,4,26.02,17.1,15.09,Returning,Digital
INV109943,9/7/2025 21:32,S019,SH0033,Shoes,1,72.83,0.44,45.42,New,Digital
INV106283,9/7/2025 22:00,S013,C0048,Clothing,2,30.77,11.16,20.26,New,Cash
INV108929,9/8/2025 7:28,S010,A0028,Accessories,5,67.83,15.05,37.08,New,Digital
INV106049,9/8/2025 8:15,S015,C0069,Clothing,3,73.08,17.37,57.57,Returning,Digital
INV103539,9/8/2025 9:05,S008,C0044,Clothing,4,76.71,6.75,54.01,New,Cash
INV107973,9/8/2025 9:35,S010,C0079,Clothing,4,32.68,9.62,16.45,Returning,Cash
INV109715,9/8/2025 9:50,S006,SH0008,Shoes,6,179.5,15.24,99.98,New,Digital
INV108671,9/8/2025 12:14,S020,SH0020,Shoes,5,112.81,13.2,73.94,New,Cash
INV109959,9/8/2025 12:31,S003,A0020,Accessories,4,43.58,2.11,28.48,New,Cash
INV103436,9/8/2025 13:27,S013,C0068,Clothing,4,50.89,10.42,25.66,Returning,Cash
INV100306,9/8/2025 13:41,S019,C0015,Clothing,2,33.25,2.07,23.87,Returning,Digital
INV108665,9/8/2025 14:14,S011,C0021,Clothing,4,58.56,18.91,29.71,Returning,Cash
INV101169,9/8/2025 15:13,S005,C0050,Clothing,1,75.3,2.92,51.81,New,Cash
INV106825,9/8/2025 19:24,S017,C0094,Clothing,3,25.44,11.54,19.88,Returning,Cash
INV101430,9/8/2025 22:42,S004,A0026,Accessories,1,19.4,7.8,9.91,New,Cash
INV103620,9/8/2025 22:49,S003,SH0026,Shoes,4,170.32,15.55,98.38,Returning,Cash
INV104561,9/8/2025 23:00,S012,C0096,Clothing,4,69.81,10.35,47.15,Returning,Card
INV107256,9/8/2025 23:09,S012,A0024,Accessories,6,23.4,6.63,11.12,Returning,Cash
INV103487,9/9/2025 3:54,S015,C0056,Clothing,1,59.81,4.41,37.03,New,Card
INV108991,9/9/2025 6:02,S010,C0022,Clothing,4,68.6,18.81,39.37,New,Digital
INV100138,9/9/2025 16:26,S015,A0053,Accessories,3,50.24,12.85,22.3,Returning,Digital
INV102660,9/9/2025 18:18,S016,C0090,Clothing,4,111.58,5.48,89.02,New,Cash
INV100748,9/9/2025 21:17,S013,A0032,Accessories,6,48.51,2.55,32.98,Returning,Cash
INV109099,9/10/2025 0:07,S010,A0004,Accessories,2,15.55,4.51,6.76,Returning,Card
INV108212,9/10/2025 1:10,S014,C0006,Clothing,2,55.07,7.29,35.9,New,Cash
INV102314,9/10/2025 5:56,S010,A0020,Accessories,6,23.39,17.67,11.86,Returning,Digital
INV109450,9/10/2025 6:30,S007,A0014,Accessories,5,42.07,16.22,24.11,Returning,Cash
INV103947,9/10/2025 6:32,S015,SH0037,Shoes,4,44.52,4.08,27.59,Returning,Cash
INV106749,9/10/2025 7:44,S013,C0027,Clothing,4,45.67,0.23,36.07,New,Digital
INV100534,9/10/2025 11:19,S011,A0009,Accessories,5,67.19,10.46,47.8,New,Digital
INV109051,9/10/2025 11:55,S003,A0026,Accessories,2,25.34,13.31,15.37,New,Card
INV102376,9/10/2025 21:01,S002,C0094,Clothing,1,43.41,17.53,24.88,Returning,Digital
INV103122,9/10/2025 22:12,S012,A0027,Accessories,3,54.17,8.91,38.3,Returning,Digital
INV103352,9/11/2025 3:17,S012,A0052,Accessories,1,41.52,2.7,28.92,New,Digital
INV102978,9/11/2025 5:35,S005,SH0035,Shoes,5,106.5,19.24,90.37,New,Cash
INV104381,9/11/2025 7:03,S009,A0036,Accessories,5,34,8.46,15.67,Returning,Digital
INV103310,9/11/2025 8:07,S011,SH0033,Shoes,5,112.86,5.75,82.98,New,Digital
INV109621,9/11/2025 10:14,S018,C0049,Clothing,5,97.32,12.34,57.88,New,Card
INV107543,9/11/2025 12:34,S006,C0064,Clothing,5,73.27,12.8,57.33,Returning,Digital
INV106688,9/11/2025 21:07,S009,A0019,Accessories,6,20.15,16.17,12.68,New,Card
INV100287,9/12/2025 2:21,S010,SH0021,Shoes,6,177.84,19.04,111.74,New,Cash
INV106921,9/12/2025 2:37,S003,SH0018,Shoes,5,192.01,17.61,123.92,Returning,Cash
INV100486,9/12/2025 3:36,S003,A0022,Accessories,6,57.73,19.94,31.19,Returning,Digital
INV107369,9/12/2025 3:40,S010,C0020,Clothing,6,83.86,15.59,61.16,New,Card
INV100632,9/12/2025 8:38,S017,SH0025,Shoes,2,199.88,11.7,160.45,Returning,Cash
INV105182,9/12/2025 9:55,S005,A0027,Accessories,6,58.38,16.79,27.3,Returning,Cash
INV104354,9/12/2025 11:26,S011,A0040,Accessories,4,74.68,17.31,54.32,New,Cash
INV100371,9/12/2025 11:39,S017,A0058,Accessories,3,78.98,9.82,56.39,Returning,Card
INV103367,9/12/2025 11:56,S016,SH0019,Shoes,3,181.86,7.7,128.93,Returning,Cash
INV104162,9/12/2025 12:10,S010,C0098,Clothing,5,68.03,17.07,52.02,New,Digital
INV109982,9/12/2025 18:45,S016,A0010,Accessories,4,51.31,15.85,30.5,New,Cash
INV102129,9/13/2025 0:13,S008,SH0036,Shoes,1,164.71,5.57,102.02,Returning,Digital
INV105237,9/13/2025 0:21,S003,C0083,Clothing,5,118.18,15.62,82.83,New,Digital
INV102603,9/13/2025 0:34,S018,SH0020,Shoes,2,137.65,14.14,81.8,Returning,Cash
INV107319,9/13/2025 1:24,S003,C0036,Clothing,5,52.76,7.34,31.96,New,Digital
INV106331,9/13/2025 1:24,S014,C0081,Clothing,5,31.1,6.16,20.61,New,Cash
INV102131,9/13/2025 1:24,S005,SH0015,Shoes,3,84.83,1,47.77,New,Cash
INV102268,9/13/2025 1:46,S008,C0054,Clothing,1,86.14,19.43,55.56,Returning,Card
INV102881,9/13/2025 2:23,S013,SH0018,Shoes,6,57.67,13.91,48.17,New,Card
INV101344,9/13/2025 5:58,S008,A0011,Accessories,5,77.8,4.43,35.8,Returning,Digital
INV108687,9/13/2025 7:46,S016,A0048,Accessories,5,63.13,5.46,35.33,Returning,Cash
INV106310,9/13/2025 12:35,S006,SH0007,Shoes,2,123.49,14.48,71.71,Returning,Cash
INV100930,9/13/2025 16:35,S001,SH0006,Shoes,1,187.4,7.51,127,New,Digital
INV103852,9/13/2025 17:57,S004,C0074,Clothing,4,77.9,2.69,43.79,New,Cash
INV108517,9/13/2025 20:56,S014,A0032,Accessories,3,33.32,2.21,22.76,Returning,Digital
INV109508,9/13/2025 21:27,S020,A0028,Accessories,3,73.92,13.87,48.53,New,Digital
INV105518,9/13/2025 22:03,S011,C0028,Clothing,1,95.19,0.86,61.05,Returning,Card
INV105488,9/13/2025 23:16,S019,SH0007,Shoes,2,130.77,2.81,108.29,Returning,Cash
INV108030,9/14/2025 0:19,S007,SH0007,Shoes,2,110.12,0.78,78.87,New,Cash
INV106516,9/14/2025 4:29,S003,C0078,Clothing,4,39.38,6.89,29.11,New,Card
INV104108,9/14/2025 5:41,S018,A0053,Accessories,5,52.5,18.85,37.77,New,Cash
INV107246,9/14/2025 6:18,S019,A0051,Accessories,3,63.42,10.71,34.65,New,Digital
INV102476,9/14/2025 17:55,S009,SH0040,Shoes,3,62.55,9.41,35.61,Returning,Card
INV103956,9/14/2025 21:50,S001,C0049,Clothing,6,66.96,5.19,36.03,Returning,Digital
INV103341,9/14/2025 23:42,S008,C0099,Clothing,1,103.32,13.82,54.81,New,Digital
INV100922,9/15/2025 1:10,S004,A0002,Accessories,2,26.1,0.68,17.5,Returning,Digital
INV105780,9/15/2025 6:07,S018,A0049,Accessories,2,42.47,13.56,27.08,Returning,Cash
INV107697,9/15/2025 8:18,S018,SH0039,Shoes,6,128.03,14.12,74.98,New,Digital
INV104036,9/15/2025 9:33,S017,A0048,Accessories,6,32.27,17.75,16.49,Returning,Card
INV108582,9/15/2025 10:34,S018,SH0029,Shoes,4,47.83,10.54,34.61,New,Cash
INV103249,9/15/2025 13:08,S013,SH0013,Shoes,4,169.69,4.93,134.46,Returning,Digital
INV108125,9/15/2025 15:42,S014,A0057,Accessories,3,61.23,19.12,34.54,Returning,Cash
INV107040,9/15/2025 17:26,S020,SH0006,Shoes,1,95.44,5.12,74.1,New,Digital
INV108893,9/15/2025 19:56,S009,A0030,Accessories,1,13.7,19.83,7.61,New,Digital
INV109427,9/15/2025 20:43,S017,SH0027,Shoes,3,46.57,1.14,29.61,Returning,Cash
INV103972,9/15/2025 20:44,S008,C0026,Clothing,4,56.82,7.61,44.11,New,Card
INV106432,9/15/2025 20:55,S017,C0009,Clothing,6,73.87,13.17,37.21,Returning,Digital
INV103209,9/15/2025 23:14,S017,A0024,Accessories,5,24.35,10.54,13.5,Returning,Card
INV100562,9/16/2025 0:03,S003,C0041,Clothing,4,80.16,17.94,60.93,Returning,Digital
INV109948,9/16/2025 0:09,S007,A0034,Accessories,3,31.93,18.56,22.47,Returning,Digital
INV107055,9/16/2025 1:33,S020,A0050,Accessories,3,68.3,1.19,38.99,New,Digital
INV104844,9/16/2025 8:11,S011,C0017,Clothing,6,87.17,16.8,46.52,Returning,Digital
INV108509,9/16/2025 9:41,S013,C0010,Clothing,4,37.56,1.26,29.73,New,Digital
INV105432,9/16/2025 14:36,S007,C0093,Clothing,1,22.79,16.8,12.02,New,Cash
INV100277,9/16/2025 18:38,S013,C0023,Clothing,5,47.54,13.62,25.82,New,Card
INV106539,9/17/2025 1:21,S001,A0048,Accessories,2,12.55,16.47,5.47,New,Card
INV104232,9/17/2025 3:36,S019,A0042,Accessories,3,17.15,2.03,12.6,Returning,Cash
INV106940,9/17/2025 4:20,S013,A0029,Accessories,5,23.76,7.47,13.14,New,Digital
INV103101,9/17/2025 6:30,S008,A0039,Accessories,1,36.49,8.85,19.41,Returning,Card
INV103095,9/17/2025 8:38,S008,C0031,Clothing,3,76.12,5.91,49.61,Returning,Digital
INV103208,9/17/2025 14:15,S020,A0002,Accessories,3,50.05,11.61,33.18,New,Card
INV102041,9/17/2025 14:35,S004,C0012,Clothing,2,116.21,17.77,79.31,Returning,Digital
INV105454,9/17/2025 16:22,S018,C0027,Clothing,5,62.22,5.48,40.96,New,Digital
INV104409,9/17/2025 21:02,S019,C0055,Clothing,3,56.14,5.89,34.83,Returning,Cash
INV103162,9/17/2025 23:16,S003,A0042,Accessories,6,54.43,18.53,36.08,New,Card
INV105180,9/17/2025 23:43,S019,SH0039,Shoes,4,140.63,13.18,111.65,New,Digital
INV109550,9/18/2025 2:33,S019,SH0034,Shoes,6,80.99,16.19,65.53,Returning,Digital
INV102024,9/18/2025 5:17,S012,A0015,Accessories,4,77.36,19,55.57,Returning,Card
INV105322,9/18/2025 5:39,S001,C0054,Clothing,3,98.02,14.27,66.42,New,Digital
INV109135,9/18/2025 6:38,S020,A0009,Accessories,1,71.27,19.34,37.97,Returning,Digital
INV109168,9/18/2025 8:49,S019,C0025,Clothing,6,56.4,18.68,35.23,Returning,Digital
INV107955,9/18/2025 11:12,S016,A0042,Accessories,1,26.53,17.25,10.71,New,Cash
INV109090,9/18/2025 12:10,S017,C0033,Clothing,5,54.88,14.97,39.2,New,Digital
INV104378,9/19/2025 0:00,S002,SH0029,Shoes,5,119.71,1.08,79.19,New,Cash
INV102829,9/19/2025 3:15,S005,A0042,Accessories,1,50.81,7.21,21.26,New,Cash
INV100216,9/19/2025 5:05,S006,C0098,Clothing,2,42.05,10.75,21.44,Returning,Digital
INV102981,9/19/2025 5:15,S017,SH0028,Shoes,5,50.84,7.36,42.91,Returning,Digital
INV100186,9/19/2025 5:58,S002,SH0004,Shoes,1,123.83,18.9,99.28,New,Card
INV100843,9/19/2025 7:30,S006,C0003,Clothing,2,76.73,10.51,61.16,New,Cash
INV102226,9/19/2025 8:34,S017,A0018,Accessories,6,16.09,12.72,10.3,Returning,Digital
INV103996,9/19/2025 9:26,S006,C0027,Clothing,6,41.41,6.95,25.23,Returning,Card
INV105842,9/19/2025 10:05,S009,C0001,Clothing,5,97.89,12.61,65.64,New,Digital
INV107101,9/19/2025 11:36,S019,C0011,Clothing,3,86.02,4.02,53.57,Returning,Digital
INV100917,9/19/2025 19:26,S011,C0004,Clothing,4,49.09,1.22,32.02,Returning,Digital
INV107881,9/19/2025 19:49,S005,A0037,Accessories,5,43.91,17.33,19.88,Returning,Card
INV103740,9/19/2025 22:13,S013,C0068,Clothing,6,20.33,19.39,13.97,Returning,Cash
INV106910,9/19/2025 22:34,S007,C0041,Clothing,5,35.5,16.6,20.45,Returning,Digital
INV108144,9/20/2025 4:08,S012,SH0016,Shoes,5,88.62,9.17,53.47,Returning,Cash
INV107673,9/20/2025 7:31,S004,C0026,Clothing,5,77.24,16.56,53.8,Returning,Cash
INV102904,9/20/2025 13:22,S008,A0029,Accessories,4,37.85,7.14,20.94,Returning,Card
INV101427,9/20/2025 14:21,S007,C0074,Clothing,3,65.06,19.3,51.13,New,Card
INV109301,9/20/2025 14:34,S010,A0056,Accessories,6,11.47,10.76,7.93,New,Card
INV106532,9/20/2025 16:54,S004,A0021,Accessories,3,63.82,4.38,27.91,New,Cash
INV104470,9/20/2025 18:08,S006,SH0001,Shoes,1,66.8,15.91,38.48,New,Card
INV102407,9/20/2025 19:44,S011,C0081,Clothing,5,59.56,14.63,30.96,Returning,Card
INV104168,9/20/2025 20:00,S009,C0022,Clothing,4,84.67,15.5,57,Returning,Card
INV103016,9/20/2025 21:57,S013,A0059,Accessories,1,16.32,8.46,8.56,New,Card
INV100429,9/20/2025 22:20,S013,A0057,Accessories,1,27.27,12.16,14.77,Returning,Card
INV103900,9/20/2025 22:28,S017,C0038,Clothing,5,102.36,8.35,65.42,Returning,Card
INV108317,9/21/2025 0:02,S019,C0041,Clothing,5,31.82,15.89,17.42,Returning,Cash
INV104816,9/21/2025 4:03,S001,SH0013,Shoes,6,153.86,3.93,89.21,Returning,Cash
INV105549,9/21/2025 11:03,S006,C0052,Clothing,2,109.98,11.28,86.59,Returning,Digital
INV103032,9/21/2025 11:13,S009,SH0013,Shoes,2,146.61,3.11,85.37,Returning,Cash
INV104765,9/21/2025 11:41,S018,SH0034,Shoes,2,155.6,6.93,126.18,New,Digital
INV104172,9/21/2025 17:23,S007,A0021,Accessories,4,43.89,17.74,28.21,New,Digital
INV103486,9/21/2025 22:33,S013,SH0027,Shoes,5,63.83,16.06,38.98,New,Card
INV104161,9/21/2025 23:15,S015,C0027,Clothing,3,49.89,1.25,34.43,New,Digital
INV106754,9/22/2025 3:05,S002,A0025,Accessories,4,26.85,11.25,17.58,Returning,Digital
INV108797,9/22/2025 3:45,S017,SH0017,Shoes,6,179.2,6.19,128.36,Returning,Card
INV102651,9/22/2025 4:12,S001,SH0039,Shoes,4,42.08,2.3,33.39,New,Cash
INV103880,9/22/2025 5:05,S012,SH0033,Shoes,1,118.47,19.07,81.75,New,Card
INV101542,9/22/2025 8:06,S004,C0001,Clothing,5,68.56,19,40.76,Returning,Cash
INV103385,9/22/2025 10:54,S004,C0095,Clothing,4,71.82,2.19,46.65,Returning,Digital
INV103912,9/22/2025 12:47,S004,A0004,Accessories,2,76.34,18.91,41.54,Returning,Cash
INV106272,9/22/2025 14:48,S014,C0032,Clothing,6,87.08,8.61,49,Returning,Card
INV107679,9/22/2025 15:37,S004,C0098,Clothing,5,25.61,13.82,19.14,Returning,Card
INV109515,9/22/2025 16:21,S011,C0032,Clothing,2,71.91,0.88,46.11,New,Digital
INV109952,9/22/2025 17:14,S009,C0004,Clothing,5,117.48,4.57,83.97,Returning,Cash
INV101328,9/22/2025 23:43,S018,A0015,Accessories,2,63.05,17.49,44.34,New,Cash
INV108711,9/23/2025 1:08,S007,SH0016,Shoes,3,106.58,7.77,81.91,New,Digital
INV105468,9/23/2025 2:26,S019,A0009,Accessories,2,66.06,13.5,36.71,Returning,Card
INV106996,9/23/2025 6:35,S002,SH0032,Shoes,1,150.61,15.13,94.14,New,Card
INV105739,9/23/2025 9:30,S018,A0032,Accessories,1,22.59,19.63,11.44,Returning,Card
INV106501,9/23/2025 12:53,S013,SH0020,Shoes,4,110.82,12.42,82.94,New,Cash
INV108601,9/23/2025 14:09,S002,A0040,Accessories,4,16.79,3.61,11.79,Returning,Digital
INV100547,9/23/2025 14:12,S018,SH0032,Shoes,3,118.44,16.19,74.44,New,Cash
INV100259,9/23/2025 17:19,S016,A0003,Accessories,2,16.32,0.4,7.86,New,Card
INV103470,9/24/2025 3:23,S015,A0048,Accessories,1,25.67,19.52,18.9,New,Cash
INV100639,9/24/2025 5:35,S005,SH0037,Shoes,2,147.55,1.31,107.84,New,Cash
INV109778,9/24/2025 7:17,S009,C0100,Clothing,3,102,5.54,78.31,New,Card
INV107886,9/24/2025 14:19,S015,A0044,Accessories,6,69.67,5.35,30.43,New,Card
INV109418,9/24/2025 16:44,S008,SH0039,Shoes,5,101.94,8.98,76.64,Returning,Digital
INV108839,9/24/2025 19:10,S013,C0045,Clothing,3,76.94,12.04,58.17,New,Cash
INV102629,9/24/2025 20:09,S004,A0019,Accessories,3,62.35,4.05,27.74,New,Card
INV102741,9/24/2025 23:15,S012,SH0016,Shoes,1,44.88,13.71,34.13,New,Card
INV106071,9/24/2025 23:33,S003,C0047,Clothing,2,89.88,0.27,63.44,New,Cash
INV101104,9/25/2025 0:39,S009,SH0027,Shoes,3,198.67,3.84,131.04,New,Card
INV102896,9/25/2025 2:38,S005,C0087,Clothing,6,98.66,14.82,67.69,New,Cash
INV109655,9/25/2025 6:02,S012,A0024,Accessories,6,54.48,8.51,32.45,New,Digital
INV102125,9/25/2025 6:29,S002,C0070,Clothing,6,104.61,5.73,68.77,New,Digital
INV108953,9/25/2025 7:38,S017,C0049,Clothing,1,28.78,16.86,16.99,Returning,Card
INV107907,9/25/2025 12:25,S009,C0056,Clothing,6,27.39,8.75,18.7,New,Card
INV100776,9/25/2025 13:30,S013,A0039,Accessories,6,65.55,18.43,33.87,Returning,Digital
INV106574,9/25/2025 13:31,S004,C0008,Clothing,4,114.84,5,75.78,Returning,Cash
INV106611,9/25/2025 14:10,S010,A0048,Accessories,4,19.64,6.97,8.87,Returning,Cash
INV100982,9/25/2025 14:18,S011,A0011,Accessories,3,74.67,0.07,34.51,Returning,Digital
INV103126,9/25/2025 14:22,S019,A0050,Accessories,2,79.98,17.63,44.25,Returning,Cash
INV109580,9/25/2025 15:30,S010,SH0019,Shoes,4,96.69,15.17,53.63,Returning,Cash
INV102085,9/25/2025 22:05,S014,SH0018,Shoes,5,88.81,7.35,74.05,Returning,Card
INV109709,9/26/2025 0:10,S002,A0033,Accessories,3,38.08,7.21,23.93,New,Card
INV104267,9/26/2025 2:42,S019,C0088,Clothing,2,25.5,9.22,17.81,Returning,Cash
INV103522,9/26/2025 3:48,S011,C0054,Clothing,3,85.09,7.53,58.73,Returning,Cash
INV100858,9/26/2025 4:14,S020,SH0010,Shoes,1,88.14,16.11,56.7,New,Cash
INV107277,9/26/2025 4:54,S019,A0046,Accessories,4,28.23,12.62,18.45,Returning,Cash
INV106803,9/26/2025 5:50,S014,C0064,Clothing,6,32.51,16.06,23.02,Returning,Card
INV109533,9/26/2025 5:51,S010,C0051,Clothing,2,86,8.73,52.67,Returning,Cash
INV102426,9/26/2025 8:24,S016,C0095,Clothing,5,31.68,12.09,18.18,New,Card
INV105306,9/26/2025 11:47,S010,SH0025,Shoes,3,186.44,15.02,102.57,Returning,Card
INV108016,9/26/2025 12:41,S015,SH0010,Shoes,3,71.4,15.48,52.93,Returning,Cash
INV103824,9/26/2025 15:12,S009,A0005,Accessories,1,28.23,1.6,20.31,New,Digital
INV105891,9/26/2025 15:39,S003,SH0037,Shoes,2,47.17,10.69,37.99,New,Cash
INV100217,9/26/2025 17:32,S002,SH0008,Shoes,3,82.86,10.84,59.07,Returning,Digital
INV107076,9/27/2025 0:57,S014,C0018,Clothing,3,26.69,15.96,20.47,Returning,Cash
INV109345,9/27/2025 2:32,S001,SH0037,Shoes,5,82,17.58,53.63,Returning,Cash
INV107658,9/27/2025 6:07,S008,A0057,Accessories,4,10.94,5.16,5.71,Returning,Cash
INV106474,9/27/2025 11:36,S019,A0024,Accessories,6,51.68,14.95,29.58,Returning,Cash
INV109787,9/27/2025 15:46,S003,A0021,Accessories,4,42.77,12.56,28.08,Returning,Cash
INV105967,9/27/2025 17:41,S015,A0015,Accessories,3,43.32,2.71,25.07,New,Cash
INV106277,9/28/2025 2:11,S015,A0015,Accessories,5,79.59,4.47,43.99,Returning,Digital
INV104372,9/28/2025 6:08,S016,A0058,Accessories,3,32.09,8.54,15.9,New,Digital
INV101614,9/28/2025 8:35,S017,SH0040,Shoes,3,176.1,1.51,111.87,New,Digital
INV100130,9/28/2025 11:59,S006,SH0018,Shoes,1,168.18,8.61,129.18,Returning,Card
INV106639,9/28/2025 12:41,S007,A0040,Accessories,5,24.29,16.04,11.19,New,Digital
INV100183,9/28/2025 14:06,S014,SH0031,Shoes,2,161.86,7.41,104.57,New,Digital
INV100400,9/28/2025 17:09,S003,A0021,Accessories,1,38.69,10.46,19.84,New,Cash
INV104882,9/28/2025 23:45,S014,C0064,Clothing,5,40.23,17.95,21.46,Returning,Card
INV103307,9/29/2025 4:22,S006,SH0014,Shoes,4,123.06,2.47,80.38,Returning,Digital
INV103200,9/29/2025 8:26,S008,SH0024,Shoes,2,91.35,17.94,62.71,New,Cash
INV108253,9/29/2025 11:14,S014,SH0017,Shoes,4,190.04,7.12,121.92,New,Cash
INV101925,9/29/2025 11:28,S004,C0077,Clothing,6,111,8.78,77.79,Returning,Digital
INV109689,9/29/2025 14:37,S004,A0004,Accessories,3,27.49,12.99,11.08,New,Card
INV100146,9/29/2025 16:29,S008,A0032,Accessories,5,11.62,9.14,8.49,New,Digital
INV107393,9/29/2025 19:24,S003,SH0020,Shoes,2,162.53,12.94,91.94,Returning,Digital
INV109158,9/29/2025 19:59,S005,A0008,Accessories,1,53.72,14.36,40.18,Returning,Digital
INV105390,9/29/2025 20:56,S015,A0034,Accessories,6,24.99,18.14,15.96,New,Cash
INV106780,9/29/2025 22:25,S004,A0057,Accessories,4,37.55,14.19,20.65,Returning,Card
INV103975,9/30/2025 1:32,S007,SH0010,Shoes,3,62.27,1.76,45.22,New,Cash
INV100544,9/30/2025 8:48,S012,SH0038,Shoes,6,83.68,18.86,65.84,Returning,Digital
INV104434,9/30/2025 12:39,S002,C0008,Clothing,4,71.21,16.28,47.09,Returning,Digital
INV104978,9/30/2025 17:38,S015,SH0007,Shoes,5,177.42,15.5,134.38,New,Digital
INV103928,9/30/2025 18:35,S007,C0085,Clothing,6,48.26,16.27,31.57,Returning,Digital
INV104205,9/30/2025 20:54,S011,SH0024,Shoes,5,80.56,9.44,55.36,Returning,Card
INV105828,9/30/2025 21:33,S020,C0009,Clothing,2,77.65,13.4,57.71,New,Card
INV107119,10/1/2025 0:06,S007,A0045,Accessories,9,55.14,19.92,36.2,Returning,Card
INV108561,10/1/2025 0:26,S010,A0045,Accessories,8,21.01,5.55,12.18,Returning,Cash
INV102009,10/1/2025 1:19,S002,A0001,Accessories,4,22.95,21.79,9.54,New,Digital
INV102406,10/1/2025 2:39,S003,C0071,Clothing,7,49.49,25.74,32.83,Returning,Digital
INV106865,10/1/2025 4:33,S009,A0058,Accessories,8,76.93,27.85,48.16,New,Card
INV102537,10/1/2025 7:24,S003,A0060,Accessories,6,69.45,17.5,46.71,Returning,Cash
INV103233,10/1/2025 9:05,S004,C0060,Clothing,7,93.51,19.5,73.02,Returning,Card
INV100874,10/1/2025 9:25,S009,C0070,Clothing,10,89.75,28.42,47.86,New,Cash
INV109484,10/1/2025 9:42,S013,A0006,Accessories,7,60.52,29.33,30.34,New,Card
INV108572,10/1/2025 11:09,S011,A0010,Accessories,9,18.9,13.33,12.43,New,Digital
INV103035,10/1/2025 11:10,S003,SH0039,Shoes,5,192.99,27.73,119.92,Returning,Cash
INV107780,10/1/2025 13:06,S013,C0065,Clothing,9,99.46,20.97,57.95,New,Card
INV105026,10/1/2025 14:06,S010,SH0036,Shoes,8,142.75,23.67,116.25,Returning,Cash
INV101289,10/1/2025 16:11,S011,A0022,Accessories,3,60.78,21.84,27.17,New,Card
INV101684,10/1/2025 16:17,S018,A0017,Accessories,10,11.65,25.52,7.71,New,Digital
INV106632,10/1/2025 16:30,S004,SH0005,Shoes,4,71.07,7.35,42.81,New,Digital
INV109062,10/1/2025 18:01,S008,C0038,Clothing,7,92.68,19.39,67.99,Returning,Cash
INV102055,10/1/2025 19:45,S013,C0021,Clothing,5,113.62,29.66,85.43,Returning,Cash
INV104482,10/1/2025 19:51,S013,SH0017,Shoes,5,135.59,23.13,110.96,Returning,Digital
INV104297,10/1/2025 20:08,S004,C0068,Clothing,8,82.53,22.56,65.02,New,Digital
INV104486,10/1/2025 20:42,S008,A0005,Accessories,8,79.36,12.12,48.36,Returning,Digital
INV104012,10/1/2025 21:32,S019,A0053,Accessories,9,16.29,13.01,9.44,New,Card
INV106355,10/1/2025 22:00,S003,A0015,Accessories,8,53.96,8.1,36.08,Returning,Digital
INV105061,10/2/2025 0:43,S011,A0043,Accessories,5,34.49,13.4,18.23,Returning,Digital
INV109180,10/2/2025 1:38,S007,SH0014,Shoes,3,91.97,14.73,50.98,New,Digital
INV106817,10/2/2025 3:16,S008,SH0017,Shoes,10,138.98,10.87,107.52,New,Cash
INV100722,10/2/2025 3:32,S004,A0038,Accessories,9,40.37,11.13,18.25,New,Card
INV100112,10/2/2025 4:03,S015,C0044,Clothing,5,118.24,5.98,62.11,Returning,Digital
INV108388,10/2/2025 4:21,S008,C0061,Clothing,9,97.4,5.02,68.62,New,Card
INV100947,10/2/2025 4:46,S014,C0023,Clothing,6,64.34,22.22,37.49,New,Digital
INV107914,10/2/2025 7:45,S015,SH0027,Shoes,8,70.08,12.94,56.58,Returning,Digital
INV101667,10/2/2025 8:04,S005,C0030,Clothing,8,109.44,16.26,74.79,New,Card
INV106703,10/2/2025 11:25,S018,SH0027,Shoes,3,191.14,12.97,142.88,New,Digital
INV105534,10/2/2025 11:53,S018,SH0025,Shoes,6,84.25,17.16,48.71,New,Cash
INV109977,10/2/2025 12:38,S010,A0007,Accessories,7,78.05,15.89,57.59,Returning,Cash
INV103138,10/2/2025 12:41,S019,A0043,Accessories,10,34.21,25.01,18.07,Returning,Digital
INV102837,10/2/2025 13:00,S014,SH0035,Shoes,9,179.81,12.44,148.73,New,Digital
INV105678,10/2/2025 13:54,S013,C0004,Clothing,4,95.47,26.97,62.75,Returning,Card
INV108566,10/2/2025 16:47,S005,A0037,Accessories,7,25.68,25.2,11.11,Returning,Digital
INV107845,10/2/2025 17:40,S009,A0021,Accessories,6,40.19,9.9,26.83,Returning,Digital
INV105315,10/2/2025 19:06,S004,C0080,Clothing,5,82.87,18.9,47.52,Returning,Card
INV104383,10/2/2025 19:33,S009,SH0040,Shoes,10,66.94,18.59,40.95,New,Cash
INV106958,10/2/2025 19:34,S016,A0026,Accessories,3,66.33,15.99,34.52,New,Cash
INV104250,10/2/2025 19:54,S012,A0045,Accessories,5,27.42,29.11,18.22,New,Card
INV100322,10/2/2025 21:03,S002,A0049,Accessories,7,64.99,8.66,48.37,Returning,Cash
INV109666,10/3/2025 0:07,S002,A0033,Accessories,4,78.33,13.68,48.94,Returning,Cash
INV105089,10/3/2025 8:58,S011,A0015,Accessories,9,77.71,13.3,32.9,New,Cash
INV107767,10/3/2025 8:58,S020,A0057,Accessories,9,72.34,9.04,37.17,New,Card
INV107900,10/3/2025 10:57,S018,C0093,Clothing,4,54.7,12.12,35.4,New,Digital
INV105377,10/3/2025 12:35,S020,SH0003,Shoes,7,100.9,8.53,72.47,Returning,Digital
INV101029,10/3/2025 13:04,S020,A0030,Accessories,10,78.84,8.36,55.16,New,Card
INV109016,10/3/2025 13:19,S006,SH0025,Shoes,10,67.81,23.83,48.79,Returning,Cash
INV105924,10/3/2025 14:52,S006,A0040,Accessories,3,15.44,29.45,9.88,New,Digital
INV103967,10/3/2025 15:06,S011,A0052,Accessories,8,18.11,26.53,12.36,Returning,Card
INV105727,10/3/2025 15:18,S008,SH0007,Shoes,5,138.94,21.51,111.91,New,Card
INV107757,10/3/2025 16:20,S011,C0007,Clothing,5,44.92,15.64,31.1,New,Cash
INV107392,10/3/2025 18:39,S014,SH0022,Shoes,8,105.89,17.61,77.4,Returning,Digital
INV102274,10/3/2025 19:15,S001,A0047,Accessories,5,19.7,15.04,13.91,New,Cash
INV106922,10/3/2025 19:26,S011,C0086,Clothing,5,23.23,9.69,12.83,New,Card
INV105434,10/3/2025 19:34,S013,A0018,Accessories,9,62.21,16.25,26.06,Returning,Digital
INV108614,10/3/2025 20:28,S011,SH0033,Shoes,3,174.53,28.04,143.34,New,Cash
INV105386,10/3/2025 21:07,S016,C0084,Clothing,3,75.33,6.38,48.75,Returning,Cash
INV104625,10/3/2025 21:31,S020,A0057,Accessories,9,75.7,9.73,43.82,New,Digital
INV109842,10/3/2025 22:04,S018,C0021,Clothing,8,83.67,12.52,56.5,New,Card
INV101652,10/3/2025 22:07,S007,A0021,Accessories,6,14.27,22.87,6.39,Returning,Cash
INV109908,10/4/2025 0:10,S008,SH0035,Shoes,5,132.45,23.21,87.71,Returning,Cash
INV106017,10/4/2025 1:19,S003,C0016,Clothing,9,103.1,18.22,59.57,New,Digital
INV108763,10/4/2025 1:24,S020,C0100,Clothing,4,82.38,13.11,46.89,Returning,Digital
INV104841,10/4/2025 2:21,S015,C0021,Clothing,6,116.97,28.84,66.22,Returning,Cash
INV102267,10/4/2025 3:11,S016,C0070,Clothing,6,40.71,5.04,25.11,Returning,Card
INV107396,10/4/2025 4:17,S014,C0064,Clothing,4,106.27,25,65.07,Returning,Digital
INV100782,10/4/2025 5:00,S017,A0044,Accessories,7,76.38,27.98,42.7,Returning,Digital
INV109557,10/4/2025 5:34,S004,SH0022,Shoes,10,199.09,18.03,132.01,Returning,Digital
INV103411,10/4/2025 6:21,S012,A0030,Accessories,10,15.64,21.81,10.64,New,Digital
INV109874,10/4/2025 6:43,S018,C0039,Clothing,10,69.67,14.31,53.2,New,Card
INV105852,10/4/2025 7:37,S007,SH0031,Shoes,8,151.82,11.02,97.56,Returning,Cash
INV108550,10/4/2025 7:38,S011,A0053,Accessories,8,21.22,18.09,14.46,Returning,Cash
INV104281,10/4/2025 7:39,S012,SH0020,Shoes,9,65.26,9.94,43.96,Returning,Cash
INV104770,10/4/2025 8:40,S004,C0019,Clothing,3,80.93,6.27,45.98,New,Cash
INV104402,10/4/2025 10:17,S014,A0032,Accessories,9,38.34,29.97,21.53,New,Cash
INV103730,10/4/2025 12:11,S010,SH0030,Shoes,4,83.2,27.76,50.94,New,Digital
INV104475,10/4/2025 14:07,S005,SH0004,Shoes,10,77.55,11.2,49.53,Returning,Digital
INV100652,10/4/2025 14:56,S015,C0064,Clothing,6,41.94,22.33,21.02,New,Cash
INV106652,10/4/2025 15:08,S015,SH0039,Shoes,5,123.54,10.49,90.13,New,Cash
INV100969,10/4/2025 15:29,S001,C0077,Clothing,8,88.64,21.87,51.03,Returning,Cash
INV100954,10/4/2025 16:42,S019,C0061,Clothing,8,33.98,19.09,22.97,New,Card
INV101037,10/4/2025 17:45,S017,C0045,Clothing,4,50.7,29.16,31.98,New,Card
INV108352,10/4/2025 19:00,S005,C0064,Clothing,9,72.03,20.04,38.55,New,Digital
INV103787,10/4/2025 19:50,S004,SH0023,Shoes,6,53.32,9.77,40.44,Returning,Card
INV103275,10/4/2025 20:56,S007,C0099,Clothing,3,56.26,12.07,38.05,New,Cash
INV105554,10/4/2025 22:30,S019,A0011,Accessories,5,64.99,7.55,28.37,New,Card
INV109935,10/5/2025 0:12,S010,C0087,Clothing,7,101.84,18.75,73.44,New,Card
INV107014,10/5/2025 1:29,S007,A0029,Accessories,6,40.83,29.42,21.36,New,Cash
INV100317,10/5/2025 4:31,S006,SH0004,Shoes,10,128.52,28.11,87.37,New,Digital
INV109444,10/5/2025 4:43,S011,C0045,Clothing,3,95.93,23.4,69.57,New,Card
INV105301,10/5/2025 5:43,S017,C0064,Clothing,10,110.85,18.12,79.82,New,Card
INV106433,10/5/2025 5:48,S005,A0025,Accessories,7,10.96,28.01,7.6,New,Cash
INV105176,10/5/2025 7:23,S011,C0052,Clothing,10,44.23,16.29,33.92,Returning,Digital
INV104564,10/5/2025 7:44,S008,SH0034,Shoes,9,143.67,28.55,121.1,New,Card
INV101274,10/5/2025 7:44,S018,C0067,Clothing,9,34.78,23.02,22.01,New,Digital
INV101678,10/5/2025 7:48,S003,A0055,Accessories,5,65.06,14.01,46.57,Returning,Cash
INV106485,10/5/2025 9:29,S013,C0022,Clothing,8,70.42,6.94,36.56,New,Digital
INV109079,10/5/2025 11:17,S003,C0073,Clothing,7,105.72,15.93,78.25,Returning,Card
INV104778,10/5/2025 11:41,S017,SH0035,Shoes,4,156.76,11.33,124.68,New,Card
INV100629,10/5/2025 12:07,S008,C0041,Clothing,10,66.48,5.72,41.36,New,Card
INV100039,10/5/2025 13:53,S008,SH0029,Shoes,10,183.55,16.25,141.9,Returning,Digital
INV105899,10/5/2025 15:07,S005,C0066,Clothing,6,82.65,20.07,61.59,New,Cash
INV109469,10/5/2025 15:09,S016,C0057,Clothing,6,88.11,16.01,46.02,Returning,Digital
INV109938,10/5/2025 16:38,S005,SH0010,Shoes,9,111.56,16.84,69.69,Returning,Card
INV104736,10/5/2025 18:45,S005,A0046,Accessories,6,57.36,21.11,42.82,New,Cash
INV100972,10/5/2025 19:46,S010,C0049,Clothing,8,71.26,28.19,51.14,Returning,Card
INV106292,10/5/2025 20:00,S017,A0040,Accessories,5,77.5,29.7,37.15,New,Digital
INV108275,10/5/2025 21:13,S003,C0057,Clothing,3,100.08,7.17,58.51,New,Cash
INV106848,10/5/2025 21:39,S005,C0036,Clothing,10,86.02,27.89,54.79,New,Card
INV104595,10/5/2025 23:02,S006,A0009,Accessories,6,33.62,5.41,16.99,Returning,Cash
INV108783,10/5/2025 23:04,S016,SH0025,Shoes,6,174.71,25.55,110.55,New,Digital
INV104963,10/6/2025 0:33,S017,C0039,Clothing,8,116.49,16.58,93.08,Returning,Cash
INV103534,10/6/2025 0:54,S009,SH0036,Shoes,7,182.03,5.12,105.08,Returning,Digital
INV104167,10/6/2025 2:36,S016,SH0013,Shoes,4,176.68,17.32,131.93,New,Digital
INV104865,10/6/2025 2:37,S012,SH0003,Shoes,5,105.13,26.17,75.21,Returning,Cash
INV105112,10/6/2025 5:32,S009,A0028,Accessories,6,65.23,6.95,48.11,New,Card
INV102310,10/6/2025 5:37,S004,C0044,Clothing,8,73.55,27.86,57.47,New,Card
INV102926,10/6/2025 5:56,S006,SH0023,Shoes,8,184.87,13.38,102.59,Returning,Digital
INV107832,10/6/2025 6:18,S011,C0043,Clothing,9,32.46,7.93,25.9,Returning,Card
INV100169,10/6/2025 6:36,S019,C0022,Clothing,4,52.81,22.01,34.65,Returning,Cash
INV103736,10/6/2025 8:02,S013,A0060,Accessories,6,60.7,6.14,31.93,New,Cash
INV100767,10/6/2025 12:43,S013,C0009,Clothing,10,34.35,27.73,21.57,New,Digital
INV101527,10/6/2025 14:16,S001,SH0032,Shoes,5,47.78,26.74,33.41,Returning,Card
INV108374,10/6/2025 15:41,S002,SH0014,Shoes,5,191.86,16.45,133.35,New,Card
INV106537,10/6/2025 15:59,S011,C0039,Clothing,4,38.06,6.65,20.51,New,Card
INV104747,10/6/2025 16:01,S019,A0039,Accessories,8,73.66,11.86,53.74,New,Card
INV105215,10/6/2025 16:15,S010,SH0037,Shoes,10,93.61,29.74,65.55,New,Card
INV105119,10/6/2025 17:40,S012,C0097,Clothing,6,99.56,18.75,74.84,Returning,Cash
INV103173,10/6/2025 18:24,S019,A0019,Accessories,10,63.61,21.97,37.97,New,Digital
INV107273,10/6/2025 18:59,S016,SH0039,Shoes,3,162.82,7.73,113.33,Returning,Cash
INV102724,10/6/2025 19:04,S012,A0003,Accessories,4,12.67,18.22,5.74,Returning,Digital
INV108246,10/6/2025 21:34,S017,C0096,Clothing,7,97.36,29.65,77.49,Returning,Digital
INV108653,10/6/2025 22:18,S012,A0050,Accessories,10,24.52,25.73,14.76,Returning,Cash
INV107578,10/6/2025 22:38,S006,A0004,Accessories,9,61.36,14.41,33.5,Returning,Digital
INV101846,10/6/2025 23:38,S020,A0003,Accessories,4,51.76,19.99,21.45,New,Digital
INV100550,10/7/2025 1:25,S010,A0038,Accessories,8,77.96,24.16,48.02,Returning,Cash
INV107848,10/7/2025 8:29,S017,C0041,Clothing,5,49.4,17.52,24.72,New,Cash
INV103308,10/7/2025 8:50,S016,A0042,Accessories,6,59.59,12.89,27.77,New,Digital
INV104748,10/7/2025 9:41,S005,SH0022,Shoes,3,145.31,27.86,83.72,New,Card
INV103635,10/7/2025 9:45,S015,A0055,Accessories,7,15.11,24.37,9.95,Returning,Digital
INV108877,10/7/2025 9:49,S008,C0084,Clothing,7,37.89,17.02,23.46,Returning,Digital
INV101021,10/7/2025 11:01,S007,A0008,Accessories,10,68.39,26.69,36.33,Returning,Cash
INV105062,10/7/2025 13:35,S016,A0006,Accessories,8,19.86,24.18,14.14,New,Card
INV109075,10/7/2025 15:08,S009,C0041,Clothing,5,69.99,19.91,55.8,New,Card
INV103416,10/7/2025 15:13,S014,A0040,Accessories,4,16.06,19.19,10.05,Returning,Digital
INV103272,10/7/2025 17:25,S019,A0024,Accessories,3,52.01,6.44,29.08,New,Digital
INV108740,10/7/2025 18:01,S004,A0004,Accessories,10,59.46,25.4,35.03,New,Cash
INV104133,10/7/2025 18:36,S005,C0072,Clothing,10,104.1,26.88,55.35,New,Card
INV102530,10/7/2025 19:49,S006,SH0027,Shoes,7,165.08,17.98,138.53,New,Card
INV104886,10/7/2025 20:01,S003,SH0015,Shoes,9,177.07,10.39,138.99,Returning,Digital
INV100049,10/7/2025 20:21,S015,A0053,Accessories,8,44.31,20.89,24.45,New,Card
INV100205,10/7/2025 22:26,S008,C0047,Clothing,4,90.16,7.73,67.05,Returning,Cash
INV107880,10/7/2025 22:58,S009,A0051,Accessories,6,10.14,29.95,4.97,Returning,Card
INV105077,10/8/2025 0:16,S004,A0040,Accessories,8,75.46,7.9,55.97,Returning,Card
INV100770,10/8/2025 1:34,S010,A0041,Accessories,3,48.05,7.57,19.58,New,Digital
INV101135,10/8/2025 1:41,S002,SH0002,Shoes,6,48.4,16.97,38.86,New,Cash
INV101941,10/8/2025 2:16,S016,A0018,Accessories,4,36.46,14.34,24.01,Returning,Digital
INV109354,10/8/2025 2:20,S011,C0066,Clothing,8,92.78,25.68,67.06,New,Card
INV107797,10/8/2025 2:24,S005,SH0030,Shoes,8,165.18,6.34,98.35,New,Digital
INV101717,10/8/2025 3:48,S004,A0048,Accessories,9,16.92,6.14,11.64,Returning,Cash
INV100370,10/8/2025 6:53,S016,SH0023,Shoes,4,64.96,21.9,37.81,New,Digital
INV100879,10/8/2025 7:05,S001,C0030,Clothing,3,61.31,29.77,44.5,New,Cash
INV100601,10/8/2025 7:37,S010,SH0022,Shoes,10,187.48,8.28,151.12,Returning,Card
INV100298,10/8/2025 7:46,S002,C0094,Clothing,4,22.19,14.16,14.45,Returning,Digital
INV104144,10/8/2025 9:05,S003,A0048,Accessories,6,26.68,11.59,18.16,New,Card
INV100809,10/8/2025 9:17,S001,SH0017,Shoes,9,89.18,21.83,73.2,Returning,Cash
INV102246,10/8/2025 10:17,S012,SH0032,Shoes,8,89.44,26.89,59.75,Returning,Cash
INV101852,10/8/2025 10:44,S013,SH0025,Shoes,3,187.66,8.45,123.67,New,Digital
INV107151,10/8/2025 11:25,S020,SH0024,Shoes,10,55.11,29.42,34.35,Returning,Cash
INV101999,10/8/2025 14:48,S014,A0029,Accessories,8,72.56,8.6,31.13,New,Cash
INV103923,10/8/2025 14:52,S018,A0026,Accessories,9,56.73,5.24,38.01,Returning,Cash
INV109177,10/8/2025 15:04,S005,SH0018,Shoes,7,97.61,18.29,63.74,Returning,Card
INV106966,10/8/2025 15:48,S012,A0016,Accessories,4,30.87,8.71,15.13,New,Digital
INV105687,10/8/2025 17:05,S001,A0007,Accessories,7,43.86,20.03,21.65,Returning,Digital
INV106673,10/8/2025 17:51,S005,SH0010,Shoes,4,193.55,23.96,117.47,New,Digital
INV105709,10/8/2025 18:26,S012,C0035,Clothing,10,110.37,24.77,58.18,Returning,Digital
INV109796,10/8/2025 19:43,S013,SH0006,Shoes,10,50.52,28.15,33.26,New,Cash
INV103525,10/8/2025 20:21,S016,SH0033,Shoes,7,85.79,10.24,67.31,New,Cash
INV100866,10/8/2025 21:33,S013,C0090,Clothing,8,52.41,19.61,41.22,New,Cash
INV105391,10/8/2025 22:05,S005,SH0006,Shoes,5,154.93,12.22,111.9,Returning,Cash
INV101917,10/8/2025 22:20,S008,A0032,Accessories,9,32.95,26.56,19.07,New,Card
INV101061,10/8/2025 22:30,S018,A0007,Accessories,8,66.51,22.94,40.67,New,Card
INV101839,10/9/2025 1:38,S003,C0072,Clothing,8,99.48,13.66,64.93,New,Card
INV106170,10/9/2025 2:05,S015,SH0025,Shoes,10,199.57,8.72,112.94,New,Cash
INV106687,10/9/2025 3:41,S016,A0020,Accessories,10,51.17,18.75,31.45,Returning,Digital
INV109395,10/9/2025 3:45,S008,A0038,Accessories,9,61.83,17.48,33.83,Returning,Card
INV109534,10/9/2025 3:57,S008,C0023,Clothing,5,78.77,25.6,44.03,New,Card
INV103627,10/9/2025 3:59,S017,SH0030,Shoes,5,92.33,16.55,69.88,Returning,Cash
INV106226,10/9/2025 4:21,S003,SH0010,Shoes,8,141.41,23.55,106.01,New,Card
INV103246,10/9/2025 5:24,S014,C0034,Clothing,10,103.43,7.19,75.61,Returning,Cash
INV109768,10/9/2025 6:51,S002,A0028,Accessories,8,21.45,29.16,15.83,Returning,Card
INV100752,10/9/2025 6:59,S017,A0002,Accessories,3,53.15,14.51,22.95,Returning,Digital
INV104447,10/9/2025 8:35,S001,A0018,Accessories,8,63.96,10.4,27.04,New,Digital
INV107469,10/9/2025 8:53,S016,A0048,Accessories,8,17.95,19.57,7.2,New,Digital
INV104423,10/9/2025 9:15,S010,A0046,Accessories,9,39.44,6.89,19.77,Returning,Digital
INV103925,10/9/2025 10:07,S019,A0039,Accessories,5,59.8,24.91,38.19,New,Card
INV103842,10/9/2025 10:17,S012,A0031,Accessories,4,68.26,29.1,46.85,Returning,Digital
INV103069,10/9/2025 10:28,S017,A0005,Accessories,8,32.18,23.06,22.79,New,Card
INV107272,10/9/2025 10:45,S016,A0050,Accessories,9,31.21,27.44,17.63,New,Card
INV108845,10/9/2025 10:57,S009,A0058,Accessories,10,11.26,24.54,7.13,New,Cash
INV100116,10/9/2025 11:01,S005,A0012,Accessories,10,76.58,9.8,39.79,New,Cash
INV105558,10/9/2025 11:04,S005,C0026,Clothing,4,30.95,12.5,16.07,New,Digital
INV101414,10/9/2025 12:30,S003,SH0029,Shoes,3,136.31,20.58,77.76,New,Card
INV107979,10/9/2025 13:15,S011,A0037,Accessories,8,27.79,21.34,12.95,Returning,Card
INV104867,10/9/2025 14:04,S003,A0059,Accessories,9,37.41,27.31,17.51,New,Cash
INV106879,10/9/2025 14:16,S015,A0009,Accessories,6,67.75,18.11,46.69,New,Digital
INV104150,10/9/2025 15:45,S017,SH0040,Shoes,7,114.72,13.74,81.99,Returning,Digital
INV109094,10/9/2025 19:11,S010,C0006,Clothing,4,29.45,28.77,14.86,New,Digital
INV103704,10/9/2025 19:43,S018,SH0007,Shoes,4,83.97,25.24,67.62,New,Card
INV109199,10/9/2025 21:27,S004,A0041,Accessories,3,27.79,14.18,11.7,Returning,Cash
INV104211,10/9/2025 21:41,S014,C0011,Clothing,3,30.07,8.27,22.37,New,Cash
INV100212,10/9/2025 21:55,S015,SH0021,Shoes,4,135.52,13.7,99.39,New,Digital
INV100905,10/9/2025 23:37,S013,C0030,Clothing,9,49.73,12.13,29.95,Returning,Cash
INV102979,10/9/2025 23:44,S013,SH0019,Shoes,10,62.56,20.46,35.1,Returning,Digital
INV101899,10/10/2025 0:36,S011,A0041,Accessories,7,54.74,21.92,26.16,New,Cash
INV101709,10/10/2025 1:19,S005,A0057,Accessories,5,61.72,28.69,32.86,New,Card
INV100513,10/10/2025 2:06,S001,A0008,Accessories,6,58.8,18.02,33.73,Returning,Card
INV108261,10/10/2025 3:06,S002,C0032,Clothing,3,64.23,19.06,45.01,New,Card
INV101491,10/10/2025 3:29,S008,A0012,Accessories,5,50.75,10.47,31.45,Returning,Card
INV105820,10/10/2025 4:35,S010,A0038,Accessories,7,71.93,12.87,37.07,New,Digital
INV109318,10/10/2025 5:05,S014,C0092,Clothing,10,77.21,24.73,52.01,Returning,Digital
INV107116,10/10/2025 6:44,S016,C0095,Clothing,8,73.31,27.55,55.64,Returning,Digital
INV104753,10/10/2025 7:21,S017,A0015,Accessories,4,66.6,22.88,33.74,New,Card
INV107652,10/10/2025 7:35,S004,A0056,Accessories,10,72.58,14.98,38.07,Returning,Cash
INV101214,10/10/2025 7:39,S004,C0044,Clothing,9,35.92,26.33,21.49,New,Cash
INV104510,10/10/2025 8:34,S019,C0031,Clothing,4,57.87,13.62,38.7,Returning,Card
INV106702,10/10/2025 9:54,S010,C0004,Clothing,5,81.73,26.93,46.45,Returning,Cash
INV104631,10/10/2025 10:18,S002,A0019,Accessories,10,72.68,5.58,52.57,Returning,Digital
INV109691,10/10/2025 10:38,S010,C0018,Clothing,10,98.27,14.21,78.43,New,Card
INV106116,10/10/2025 11:35,S001,SH0022,Shoes,3,43.57,20.29,31.06,New,Cash
INV105493,10/10/2025 11:42,S003,A0013,Accessories,10,57.31,9.82,30.25,New,Cash
INV100760,10/10/2025 12:35,S007,A0026,Accessories,3,52.51,9,24.81,New,Digital
INV101706,10/10/2025 12:54,S005,SH0025,Shoes,9,189.59,28.82,157.28,Returning,Cash
INV101172,10/10/2025 13:41,S014,SH0011,Shoes,10,78.61,24.33,55.53,New,Card
INV100477,10/10/2025 14:24,S014,A0034,Accessories,8,57.8,28.9,23.95,Returning,Card
INV109050,10/10/2025 14:35,S003,A0014,Accessories,5,23.92,10.73,12.45,New,Digital
INV109419,10/10/2025 14:53,S001,SH0033,Shoes,7,172.25,24.29,108.63,Returning,Cash
INV107942,10/10/2025 15:48,S008,A0048,Accessories,7,50.97,26.62,31.14,New,Cash
INV104658,10/10/2025 16:13,S003,C0096,Clothing,6,88.02,26.42,47.63,Returning,Card
INV108661,10/10/2025 16:48,S006,C0016,Clothing,7,67.24,28.56,51.63,Returning,Card
INV107665,10/10/2025 17:03,S006,SH0027,Shoes,9,65.73,20.88,48.8,New,Cash
INV103588,10/10/2025 17:28,S018,SH0022,Shoes,10,104.43,18.61,64.14,Returning,Digital
INV107344,10/10/2025 18:11,S017,SH0040,Shoes,10,107.42,13.2,62.49,New,Digital
INV109828,10/10/2025 19:34,S004,C0020,Clothing,4,110.47,22.83,74.57,New,Digital
INV105657,10/10/2025 20:20,S006,C0041,Clothing,6,65.36,14.16,45.29,New,Cash
INV109134,10/10/2025 20:21,S009,SH0032,Shoes,4,88.16,19.92,70.43,Returning,Cash
INV108024,10/10/2025 20:39,S010,A0053,Accessories,8,12.94,7.47,5.28,New,Cash
INV107710,10/10/2025 21:00,S012,C0048,Clothing,6,46.31,10.19,25.27,New,Digital
INV108161,10/10/2025 21:24,S018,SH0008,Shoes,5,162.77,27.67,95.79,New,Cash
INV100799,10/10/2025 22:28,S003,A0034,Accessories,5,24.99,25.76,17.81,Returning,Card
INV100875,10/11/2025 1:08,S003,SH0022,Shoes,3,187.87,10.89,140.71,New,Card
INV100644,10/11/2025 1:52,S015,SH0016,Shoes,10,190.97,24.1,149.48,New,Cash
INV102813,10/11/2025 2:41,S019,A0054,Accessories,3,60.69,17.47,30.24,Returning,Card
INV108901,10/11/2025 4:43,S018,A0005,Accessories,7,50.69,28.27,34.58,New,Digital
INV108881,10/11/2025 5:00,S015,C0066,Clothing,5,70.42,15.25,47.25,New,Card
INV106121,10/11/2025 7:00,S007,SH0009,Shoes,5,56.69,28.21,36.64,New,Cash
INV107015,10/11/2025 11:21,S017,SH0028,Shoes,6,198.96,19.72,140.77,Returning,Cash
INV101151,10/11/2025 11:41,S005,A0049,Accessories,3,47.74,13.59,30.46,Returning,Digital
INV108316,10/11/2025 14:50,S006,C0077,Clothing,8,80.58,24.5,63.42,Returning,Card
INV106360,10/11/2025 18:08,S005,SH0018,Shoes,6,123.95,23.29,76.58,Returning,Digital
INV105103,10/11/2025 20:54,S016,A0004,Accessories,4,77.26,20.49,53.94,Returning,Card
INV105654,10/11/2025 23:36,S006,SH0006,Shoes,3,110.51,21.33,79.02,Returning,Cash
INV106218,10/12/2025 0:38,S006,SH0025,Shoes,8,185.72,22.44,133.81,Returning,Cash
INV108931,10/12/2025 1:56,S013,SH0012,Shoes,3,108.98,25.97,73.1,New,Card
INV105814,10/12/2025 2:05,S002,SH0036,Shoes,5,122.6,26.94,100.28,New,Cash
INV105458,10/12/2025 5:39,S006,C0014,Clothing,8,115.75,9.09,80.87,New,Cash
INV101375,10/12/2025 6:03,S019,C0001,Clothing,4,77.65,10.26,61.94,Returning,Cash
INV101038,10/12/2025 6:09,S005,SH0015,Shoes,8,164.15,18.14,100.07,New,Digital
INV105429,10/12/2025 7:23,S009,C0094,Clothing,6,94.11,17.13,61.8,New,Cash
INV102762,10/12/2025 7:32,S019,SH0005,Shoes,8,50.99,5.79,33.1,New,Card
INV104568,10/12/2025 7:57,S014,SH0039,Shoes,3,66.68,25.91,54.56,New,Digital
INV109028,10/12/2025 11:31,S007,A0015,Accessories,5,58.27,26.58,31.54,Returning,Digital
INV104208,10/12/2025 11:41,S016,SH0030,Shoes,6,108.51,25.65,75.46,New,Digital
INV109677,10/12/2025 12:18,S004,A0016,Accessories,4,23.44,6.54,12.68,Returning,Digital
INV108010,10/12/2025 12:22,S012,SH0010,Shoes,4,196.04,26.11,124.42,New,Card
INV101450,10/12/2025 12:50,S008,A0004,Accessories,7,74.21,28.21,35.79,New,Digital
INV106447,10/12/2025 14:25,S011,C0031,Clothing,5,60.49,26.31,41.96,Returning,Card
INV106111,10/12/2025 14:49,S014,A0054,Accessories,8,71.31,22.87,30.09,Returning,Cash
INV107620,10/12/2025 15:31,S017,C0067,Clothing,4,78.01,21.2,59.39,New,Card
INV108100,10/12/2025 16:48,S011,A0045,Accessories,9,62.78,17.61,38.93,New,Cash
INV100576,10/12/2025 18:43,S013,A0006,Accessories,8,10.72,29.36,4.79,New,Digital
INV104063,10/12/2025 19:31,S011,C0009,Clothing,8,30.85,14.5,15.85,New,Digital
INV102473,10/12/2025 19:35,S019,SH0021,Shoes,4,135.43,11.07,107.74,Returning,Cash
INV109367,10/12/2025 20:13,S014,C0059,Clothing,6,66.6,27.55,34.32,New,Digital
INV100989,10/12/2025 20:41,S019,A0051,Accessories,7,18.68,23.95,8.43,New,Digital
INV105784,10/12/2025 21:36,S002,C0018,Clothing,10,104.26,7.18,68.54,New,Cash
INV100119,10/12/2025 21:36,S007,A0050,Accessories,9,29.72,29.16,15.86,New,Card
INV100736,10/12/2025 23:43,S009,SH0036,Shoes,10,135.14,19.81,108.77,New,Digital
INV104550,10/13/2025 2:03,S001,A0033,Accessories,8,35.86,24.31,15.6,Returning,Card
INV100816,10/13/2025 3:31,S014,C0053,Clothing,4,27.36,10.26,21.55,Returning,Card
INV108771,10/13/2025 5:53,S009,A0053,Accessories,9,41.91,17.8,23.33,Returning,Digital
INV107503,10/13/2025 6:24,S018,A0039,Accessories,9,57.62,25.48,25.76,New,Cash
INV109230,10/13/2025 6:26,S017,C0069,Clothing,10,51.62,22.88,30.82,New,Cash
INV109213,10/13/2025 6:28,S003,SH0011,Shoes,6,173.2,26.8,133.17,New,Cash
INV102238,10/13/2025 8:18,S011,A0001,Accessories,3,41.21,25.78,25.28,New,Digital
INV104556,10/13/2025 9:15,S012,C0084,Clothing,9,118.33,25.13,63.2,Returning,Cash
INV102953,10/13/2025 10:04,S003,SH0031,Shoes,10,142.09,25.05,113.61,Returning,Cash
INV106511,10/13/2025 10:23,S016,SH0026,Shoes,4,91.56,16.91,54.67,New,Cash
INV106410,10/13/2025 10:39,S008,A0003,Accessories,7,39.32,29.91,16.46,Returning,Cash
INV105240,10/13/2025 12:40,S017,SH0007,Shoes,6,72.19,13.2,39.78,Returning,Cash
INV105689,10/13/2025 13:52,S011,SH0016,Shoes,8,59.55,24.99,42.28,New,Digital
INV105743,10/13/2025 14:20,S002,A0057,Accessories,3,22.35,14.36,15.99,New,Card
INV105506,10/13/2025 15:56,S012,A0001,Accessories,10,17.45,17.1,8.61,New,Card
INV109238,10/13/2025 16:38,S007,SH0027,Shoes,4,87.26,17.12,68.11,New,Digital
INV104473,10/13/2025 17:20,S006,A0025,Accessories,8,10.95,25.55,6.33,New,Digital
INV101467,10/13/2025 17:59,S002,A0001,Accessories,8,43.7,28.57,18.38,New,Cash
INV102287,10/13/2025 18:50,S009,C0022,Clothing,7,58.74,17.67,39.53,New,Cash
INV103980,10/13/2025 21:49,S019,A0043,Accessories,3,70.04,10.03,34.46,New,Card
INV106960,10/13/2025 22:05,S014,C0042,Clothing,5,39.86,12.39,23.79,Returning,Digital
INV100284,10/14/2025 0:55,S001,SH0001,Shoes,5,115.86,20.03,68.32,New,Card
INV101384,10/14/2025 3:23,S020,C0062,Clothing,3,43.08,9.16,27.94,New,Card
INV105174,10/14/2025 3:43,S015,SH0007,Shoes,5,93.05,25.77,58.72,New,Digital
INV108825,10/14/2025 4:36,S003,C0025,Clothing,4,94.12,7.43,55.39,New,Digital
INV103005,10/14/2025 4:51,S004,A0001,Accessories,4,36.99,13,18.44,Returning,Card
INV102260,10/14/2025 5:54,S009,C0086,Clothing,10,61.51,25.24,47.31,New,Cash
INV103705,10/14/2025 8:21,S002,SH0020,Shoes,7,125.77,6.07,87.42,New,Card
INV109765,10/14/2025 8:30,S005,C0046,Clothing,6,22.7,9.3,16.8,New,Card
INV107084,10/14/2025 8:35,S005,C0048,Clothing,4,88.89,10.25,54.52,New,Digital
INV107925,10/14/2025 8:36,S017,SH0009,Shoes,10,183.61,15.75,143.78,Returning,Digital
INV107903,10/14/2025 10:17,S012,C0052,Clothing,6,68.97,11.22,38.17,New,Digital
INV108343,10/14/2025 13:13,S015,C0048,Clothing,3,68.26,24.17,43.84,Returning,Card
INV104557,10/14/2025 16:31,S007,A0036,Accessories,6,21.48,11.82,11.65,New,Card
INV100092,10/14/2025 18:06,S001,SH0015,Shoes,7,191.27,16.45,107.69,New,Card
INV102890,10/14/2025 19:29,S015,A0023,Accessories,6,41.84,12.93,30.7,New,Digital
INV101515,10/14/2025 20:56,S014,SH0032,Shoes,4,191.86,23.5,139.72,New,Digital
INV100740,10/14/2025 21:32,S020,SH0009,Shoes,4,116.74,15.14,82.24,New,Digital
INV100911,10/14/2025 21:49,S017,SH0021,Shoes,4,182.76,28.31,102.62,Returning,Cash
INV104246,10/14/2025 21:56,S014,SH0022,Shoes,6,199.24,15.7,121.65,Returning,Card
INV109737,10/14/2025 22:12,S014,A0025,Accessories,3,13.73,19.18,9.51,Returning,Card
INV106617,10/14/2025 22:58,S004,SH0040,Shoes,6,157.42,14.4,115.05,Returning,Card
INV104105,10/14/2025 23:57,S004,C0076,Clothing,7,42.07,23.26,31.06,Returning,Cash
INV105801,10/15/2025 2:09,S005,C0071,Clothing,9,119.17,13.97,83.58,New,Digital
INV101735,10/15/2025 3:01,S009,C0008,Clothing,8,102.69,14.61,65.63,Returning,Digital
INV101389,10/15/2025 3:02,S009,C0095,Clothing,4,99.25,16.23,66.12,New,Card
INV106484,10/15/2025 4:10,S016,SH0001,Shoes,6,157.36,12.75,114.99,Returning,Digital
INV101781,10/15/2025 5:12,S004,A0006,Accessories,5,41.13,26.43,22.58,New,Cash
INV101435,10/15/2025 5:19,S012,C0086,Clothing,8,75.75,26.97,54.95,Returning,Cash
INV109369,10/15/2025 5:20,S003,A0053,Accessories,5,54.41,26.92,22.21,Returning,Digital
INV105066,10/15/2025 5:32,S014,SH0010,Shoes,4,185.73,24.21,131.83,Returning,Digital
INV108632,10/15/2025 6:33,S015,C0055,Clothing,4,28.93,10.48,20.49,Returning,Digital
INV106627,10/15/2025 7:47,S009,A0040,Accessories,6,29.92,27.66,13.15,Returning,Card
INV109361,10/15/2025 8:11,S002,A0024,Accessories,9,42.48,27.06,24.64,New,Digital
INV100970,10/15/2025 10:19,S003,C0077,Clothing,9,31.17,11.22,22.43,New,Cash
INV102948,10/15/2025 10:50,S016,C0068,Clothing,7,45.95,15.32,27.38,Returning,Cash
INV109197,10/15/2025 12:52,S016,C0033,Clothing,5,77.3,15.47,58.61,Returning,Card
INV105942,10/15/2025 13:20,S012,A0034,Accessories,4,79.72,24.94,46.18,New,Digital
INV107254,10/15/2025 14:01,S010,C0040,Clothing,5,41.61,23.1,33.12,Returning,Card
INV104433,10/15/2025 14:43,S006,SH0011,Shoes,3,167.83,29.58,117.88,Returning,Card
INV107290,10/15/2025 15:21,S017,SH0025,Shoes,8,53.28,25.78,31.74,Returning,Card
INV105606,10/15/2025 15:34,S009,C0089,Clothing,6,113.71,8.3,76.96,Returning,Card
INV104534,10/15/2025 16:21,S015,SH0027,Shoes,9,65.77,28.15,45.44,New,Card
INV106184,10/15/2025 16:30,S004,C0085,Clothing,4,39.01,11.99,20.11,New,Card
INV102817,10/15/2025 17:42,S008,C0008,Clothing,8,88.68,22.97,53.55,Returning,Card
INV104259,10/15/2025 17:46,S007,A0041,Accessories,3,64.47,26.99,40,Returning,Card
INV102547,10/15/2025 19:31,S001,C0088,Clothing,3,115.55,7.26,87.32,Returning,Digital
INV108789,10/15/2025 21:08,S012,SH0009,Shoes,5,99.91,14.67,77.18,New,Digital
INV108047,10/16/2025 1:16,S003,SH0040,Shoes,8,97.43,9.56,58.06,Returning,Digital
INV106773,10/16/2025 1:25,S002,A0023,Accessories,8,32.35,29.45,15.95,New,Card
INV101448,10/16/2025 1:45,S008,SH0014,Shoes,4,66.85,5.37,39.2,New,Cash
INV102044,10/16/2025 1:46,S012,C0043,Clothing,8,116.96,9.74,77.3,New,Digital
INV103552,10/16/2025 1:50,S007,C0022,Clothing,8,37.35,27.7,20.58,New,Cash
INV103267,10/16/2025 6:03,S007,SH0030,Shoes,6,53.24,19.46,33.76,New,Digital
INV102202,10/16/2025 6:18,S012,C0038,Clothing,6,92.37,7.1,48.63,Returning,Cash
INV100617,10/16/2025 6:28,S019,A0044,Accessories,9,46.84,26.8,28.38,Returning,Digital
INV106796,10/16/2025 8:34,S018,SH0027,Shoes,7,160.72,14.76,115.24,Returning,Cash
INV102277,10/16/2025 9:21,S006,A0025,Accessories,8,50.17,8.05,33.61,New,Card
INV101671,10/16/2025 9:50,S004,C0038,Clothing,6,21.4,9.31,16.04,New,Digital
INV103081,10/16/2025 9:50,S008,SH0032,Shoes,4,85.01,15.83,48.81,Returning,Digital
INV106602,10/16/2025 11:02,S001,A0007,Accessories,10,51.59,10.63,28.85,New,Card
INV100516,10/16/2025 11:18,S006,C0019,Clothing,5,55.31,20.47,35.22,Returning,Cash
INV101134,10/16/2025 12:34,S003,SH0027,Shoes,5,142.69,18.7,95.43,New,Card
INV103347,10/16/2025 12:42,S015,SH0031,Shoes,10,106.89,28.13,66.96,New,Card
INV101190,10/16/2025 13:46,S009,A0006,Accessories,7,40.62,14.16,21.2,Returning,Cash
INV108076,10/16/2025 15:12,S014,A0026,Accessories,10,73,17.81,40.81,Returning,Card
INV103834,10/16/2025 16:24,S015,SH0040,Shoes,3,153.8,18.48,110.33,Returning,Cash
INV106370,10/16/2025 19:56,S018,SH0032,Shoes,6,102.93,27.2,74.99,New,Digital
INV103573,10/16/2025 20:46,S007,C0070,Clothing,7,106.82,10.59,70.16,New,Cash
INV100555,10/16/2025 20:54,S013,C0069,Clothing,7,41.41,29.91,24,New,Digital
INV100716,10/16/2025 21:29,S010,SH0019,Shoes,3,63.34,19.97,47.48,New,Card
INV100751,10/16/2025 22:50,S019,C0090,Clothing,6,93.05,29.81,63.58,New,Cash
INV102295,10/16/2025 22:53,S016,C0049,Clothing,8,106.15,12.18,61.51,Returning,Cash
INV103219,10/16/2025 23:15,S016,A0055,Accessories,10,36.94,21.43,15.13,Returning,Card
INV100807,10/16/2025 23:48,S014,SH0007,Shoes,3,141.36,21.69,99.09,New,Cash
INV102791,10/17/2025 0:30,S015,SH0003,Shoes,6,83.87,13.81,62.5,New,Cash
INV109601,10/17/2025 0:58,S001,A0028,Accessories,9,36.05,28.64,21.43,Returning,Cash
INV108609,10/17/2025 1:25,S015,C0009,Clothing,8,41.48,6.88,33.05,New,Digital
INV101859,10/17/2025 2:07,S012,C0081,Clothing,9,76.11,13.7,54.46,New,Card
INV103229,10/17/2025 3:27,S013,C0026,Clothing,9,73.57,6.15,46.18,Returning,Card
INV109853,10/17/2025 4:36,S013,C0010,Clothing,4,77.58,24.62,56.5,Returning,Digital
INV106936,10/17/2025 7:11,S002,A0052,Accessories,4,12.44,27.1,7.85,Returning,Card
INV100311,10/17/2025 7:35,S015,A0026,Accessories,10,67.2,25.03,28.73,New,Card
INV101432,10/17/2025 12:30,S012,A0036,Accessories,5,18.95,19.45,13.38,Returning,Cash
INV102946,10/17/2025 12:55,S020,C0056,Clothing,5,64.24,9.28,47.15,Returning,Cash
INV104157,10/17/2025 13:34,S013,A0005,Accessories,10,20.04,15.28,13.28,New,Cash
INV108382,10/17/2025 15:11,S003,C0073,Clothing,7,55.9,12.97,29.39,Returning,Digital
INV104969,10/17/2025 17:00,S001,A0013,Accessories,8,50.1,11.79,29.17,Returning,Digital
INV109226,10/17/2025 17:10,S002,C0036,Clothing,9,84.7,10.09,54.29,New,Cash
INV107308,10/17/2025 19:42,S013,C0096,Clothing,6,103.76,22.8,60.77,Returning,Card
INV106179,10/17/2025 21:27,S015,A0048,Accessories,10,32.97,7.53,17.93,Returning,Digital
INV105626,10/17/2025 22:27,S011,A0022,Accessories,10,57.94,6.52,39.72,Returning,Cash
INV101236,10/17/2025 22:34,S014,A0060,Accessories,8,63.01,26.34,32.95,New,Digital
INV107549,10/17/2025 22:48,S013,A0014,Accessories,3,67.67,9.85,41.8,Returning,Cash
INV102860,10/17/2025 22:50,S019,A0022,Accessories,3,57.79,19.69,29.95,New,Card
INV103155,10/17/2025 23:00,S002,A0055,Accessories,7,45.28,27.11,27.25,New,Card
INV104982,10/18/2025 0:05,S005,A0050,Accessories,7,26.25,19.28,19.1,New,Cash
INV108644,10/18/2025 1:38,S010,C0057,Clothing,3,116.53,18.62,65.56,New,Cash
INV109280,10/18/2025 3:34,S004,SH0003,Shoes,9,158.57,11.63,92.79,Returning,Digital
INV103270,10/18/2025 3:56,S015,C0020,Clothing,5,79.61,8.38,59.54,New,Card
INV103594,10/18/2025 5:39,S001,SH0036,Shoes,9,127.45,23.98,72.84,New,Card
INV108308,10/18/2025 8:18,S001,A0028,Accessories,3,33.19,11.35,14.99,New,Card
INV100004,10/18/2025 9:53,S010,SH0024,Shoes,3,132.38,21.53,100.79,New,Cash
INV109760,10/18/2025 10:14,S015,A0008,Accessories,10,45.33,6.91,26.09,New,Cash
INV107237,10/18/2025 10:46,S013,SH0003,Shoes,5,97.99,13.64,60.11,Returning,Card
INV109047,10/18/2025 10:50,S006,C0083,Clothing,4,115.53,6.27,91.59,Returning,Digital
INV102018,10/18/2025 11:37,S012,C0018,Clothing,7,57.86,21.18,39.97,Returning,Cash
INV105296,10/18/2025 13:56,S015,A0028,Accessories,3,69.27,8.54,41.99,Returning,Cash
INV109559,10/18/2025 15:19,S017,C0018,Clothing,6,74.37,24.74,40.13,Returning,Card
INV108245,10/18/2025 16:06,S006,SH0008,Shoes,5,121.58,19.63,98.84,New,Cash
INV109893,10/18/2025 16:46,S016,A0040,Accessories,3,20.01,13.76,13.38,New,Cash
INV106417,10/18/2025 18:35,S009,C0019,Clothing,4,71.73,28.75,36.69,Returning,Digital
INV105006,10/18/2025 21:00,S017,A0018,Accessories,8,69.9,23.16,28.64,New,Digital
INV107849,10/18/2025 21:11,S016,A0013,Accessories,9,70.19,16.57,40.81,New,Cash
INV107145,10/18/2025 21:31,S013,SH0008,Shoes,8,116.98,14.73,99.02,Returning,Cash
INV101793,10/18/2025 23:38,S004,C0008,Clothing,5,34.92,19.42,22.44,New,Digital
INV102082,10/19/2025 0:25,S007,SH0039,Shoes,5,95.14,10.68,80.74,Returning,Digital
INV108816,10/19/2025 6:00,S001,SH0011,Shoes,6,53.95,11.26,45.27,Returning,Card
INV105528,10/19/2025 6:59,S019,SH0006,Shoes,4,156.31,8.77,129.57,Returning,Cash
INV107927,10/19/2025 8:04,S016,SH0020,Shoes,4,49.91,26.43,33.41,New,Card
INV103873,10/19/2025 8:06,S008,A0008,Accessories,7,17.75,17.88,12.6,New,Card
INV109767,10/19/2025 8:30,S010,SH0036,Shoes,7,190.86,16.35,157.71,New,Digital
INV105049,10/19/2025 10:03,S014,C0042,Clothing,4,47.24,10.24,37.26,Returning,Cash
INV107453,10/19/2025 10:05,S009,SH0024,Shoes,6,42.44,13.31,25.1,New,Cash
INV108879,10/19/2025 11:06,S014,SH0003,Shoes,8,52.26,7.68,39.39,Returning,Card
INV102162,10/19/2025 11:10,S016,SH0034,Shoes,7,169.11,26.98,143.17,New,Cash
INV101777,10/19/2025 11:27,S008,C0009,Clothing,3,67.72,5.47,39.65,New,Cash
INV100125,10/19/2025 13:11,S016,SH0006,Shoes,3,123.76,14.76,81.46,New,Digital
INV107062,10/19/2025 13:36,S015,A0006,Accessories,5,49.72,27.61,22.11,New,Cash
INV104552,10/19/2025 14:31,S006,SH0023,Shoes,9,175.54,20.25,100.63,New,Digital
INV107861,10/19/2025 15:19,S010,C0062,Clothing,5,96.99,9.2,63.76,New,Cash
INV102401,10/19/2025 20:52,S007,A0047,Accessories,4,41.6,6.61,26.57,Returning,Card
INV107789,10/19/2025 23:33,S003,A0052,Accessories,7,57.7,10.04,29.79,Returning,Card
INV105343,10/19/2025 23:54,S012,SH0011,Shoes,10,113.94,7.23,78.77,Returning,Cash
INV100688,10/20/2025 2:03,S008,A0032,Accessories,6,30.76,21.05,13.94,Returning,Digital
INV102199,10/20/2025 3:24,S004,A0049,Accessories,6,53.46,28.56,25.41,New,Card
INV104756,10/20/2025 4:23,S019,SH0003,Shoes,7,157.39,20.31,114.73,Returning,Cash
INV102007,10/20/2025 4:53,S012,C0039,Clothing,5,28.7,27.63,18.35,New,Digital
INV105249,10/20/2025 5:12,S008,A0026,Accessories,7,22.89,25.37,15.99,Returning,Card
INV107882,10/20/2025 6:04,S016,A0003,Accessories,10,50.43,7.75,32.27,New,Card
INV106097,10/20/2025 6:17,S006,C0024,Clothing,7,114.98,25.57,87.83,Returning,Cash
INV101370,10/20/2025 7:08,S002,C0087,Clothing,8,95.27,14.93,50.45,New,Cash
INV101993,10/20/2025 9:58,S005,SH0022,Shoes,8,78.81,26.79,45.17,New,Digital
INV106750,10/20/2025 10:54,S006,C0098,Clothing,8,47.79,21.04,30.73,Returning,Cash
INV106101,10/20/2025 11:27,S010,C0080,Clothing,3,61.33,20.5,34.57,Returning,Cash
INV105962,10/20/2025 14:54,S013,SH0035,Shoes,8,54.95,12.71,43.85,New,Digital
INV103213,10/20/2025 15:21,S006,A0038,Accessories,6,70.93,8.17,41.72,New,Digital
INV103614,10/20/2025 15:33,S008,C0073,Clothing,7,111.29,8.06,88.59,Returning,Digital
INV108675,10/20/2025 16:33,S015,SH0030,Shoes,6,116.79,5.47,74.87,Returning,Digital
INV100309,10/20/2025 16:44,S013,SH0007,Shoes,10,109.26,13.64,83.91,New,Digital
INV108697,10/20/2025 17:24,S008,C0024,Clothing,7,23.44,23.88,13.46,Returning,Cash
INV100207,10/20/2025 17:37,S001,SH0015,Shoes,5,111.32,13.62,74.29,Returning,Cash
INV106202,10/20/2025 17:47,S011,A0038,Accessories,10,25.34,5.3,12.75,Returning,Card
INV103279,10/20/2025 18:18,S019,A0059,Accessories,4,61.69,20.09,25.67,Returning,Cash
INV105575,10/20/2025 20:04,S008,C0080,Clothing,5,44.81,8.65,35.62,New,Digital
INV103897,10/20/2025 21:01,S010,SH0030,Shoes,10,140.33,18.22,80.02,Returning,Cash
INV105673,10/20/2025 22:31,S011,SH0010,Shoes,6,140.55,17.68,82.72,Returning,Card
INV104029,10/20/2025 22:31,S013,A0036,Accessories,5,35.76,7.03,17.91,Returning,Cash
INV103680,10/20/2025 23:40,S012,SH0022,Shoes,3,56.68,18.91,42.6,Returning,Digital
INV108607,10/20/2025 23:49,S001,A0023,Accessories,4,37.67,18.58,20.07,New,Digital
INV104217,10/21/2025 3:22,S020,SH0008,Shoes,9,192.83,7.32,121.74,Returning,Card
INV106834,10/21/2025 4:53,S012,C0036,Clothing,6,44.64,10.99,25.79,New,Cash
INV105363,10/21/2025 6:10,S010,C0060,Clothing,9,116.16,13.22,65.18,New,Card
INV104788,10/21/2025 7:19,S019,C0065,Clothing,3,79.22,20.44,58.74,New,Card
INV102568,10/21/2025 7:29,S008,C0064,Clothing,6,87.42,7.55,48.59,New,Digital
INV109227,10/21/2025 8:47,S013,A0024,Accessories,7,56.7,7.86,36.78,New,Cash
INV105041,10/21/2025 8:50,S016,SH0024,Shoes,9,108.63,10.46,73.05,New,Digital
INV109610,10/21/2025 8:59,S001,SH0035,Shoes,5,148.38,6.35,100.17,Returning,Cash
INV106707,10/21/2025 9:33,S002,SH0033,Shoes,4,60.8,27.21,40.24,New,Card
INV100246,10/21/2025 13:44,S013,A0030,Accessories,4,78.22,17.64,33.61,New,Digital
INV102457,10/21/2025 16:27,S003,A0025,Accessories,3,61,24.87,32.89,Returning,Card
INV108498,10/21/2025 18:12,S012,SH0034,Shoes,4,166.98,23.7,113.64,Returning,Cash
INV102329,10/21/2025 21:13,S016,C0030,Clothing,5,62.31,8.81,33.05,Returning,Cash
INV106766,10/21/2025 21:17,S007,SH0033,Shoes,6,191.83,6.02,124.97,New,Card
INV107833,10/21/2025 21:39,S004,C0052,Clothing,9,35.16,28.12,17.92,Returning,Digital
INV103029,10/21/2025 21:55,S020,SH0007,Shoes,4,55.02,16.67,45.61,New,Cash
INV104438,10/21/2025 22:49,S016,A0030,Accessories,9,22.49,9.1,9.08,New,Cash
INV105368,10/21/2025 22:53,S015,SH0006,Shoes,10,143.13,11.68,87.95,New,Card
INV103145,10/22/2025 0:20,S009,SH0038,Shoes,3,137.28,18.66,75.99,New,Cash
INV105111,10/22/2025 0:54,S010,C0069,Clothing,10,119.98,21.05,79.5,New,Card
INV106654,10/22/2025 0:59,S009,A0010,Accessories,7,25.74,11.73,11.62,Returning,Cash
INV108240,10/22/2025 2:16,S016,SH0019,Shoes,5,102.07,16.28,65.09,New,Card
INV107770,10/22/2025 3:34,S018,A0040,Accessories,9,46.63,28.05,20.06,New,Card
INV100160,10/22/2025 4:00,S007,C0053,Clothing,10,85.29,16.94,65.18,Returning,Card
INV102656,10/22/2025 5:03,S012,SH0025,Shoes,5,130.82,27.4,89.17,Returning,Cash
INV102997,10/22/2025 5:41,S002,A0039,Accessories,6,72.52,22.29,33.79,Returning,Cash
INV108048,10/22/2025 6:43,S013,C0039,Clothing,10,106.59,10.26,70.9,Returning,Card
INV103014,10/22/2025 7:06,S005,C0029,Clothing,10,86.36,19.69,43.51,New,Card
INV106074,10/22/2025 9:40,S003,SH0032,Shoes,6,87.13,11.62,53.12,Returning,Cash
INV101596,10/22/2025 10:49,S004,A0041,Accessories,9,38.12,23.72,27.87,Returning,Digital
INV109150,10/22/2025 11:50,S004,SH0033,Shoes,6,61.39,17.73,38.34,Returning,Cash
INV106716,10/22/2025 12:01,S002,SH0027,Shoes,4,189.6,9.16,161.15,Returning,Card
INV105690,10/22/2025 13:09,S018,C0077,Clothing,7,55.81,28.54,34.43,Returning,Card
INV103723,10/22/2025 13:36,S013,A0031,Accessories,7,27.7,24.39,16.94,New,Digital
INV104229,10/22/2025 14:03,S007,SH0025,Shoes,7,80.31,12.65,66.1,New,Card
INV106873,10/22/2025 14:11,S018,C0008,Clothing,5,27.23,16.68,14.74,New,Cash
INV109914,10/22/2025 14:34,S006,SH0017,Shoes,9,68.18,20.59,51.34,New,Cash
INV104511,10/22/2025 14:48,S005,A0025,Accessories,3,23.59,10.19,14.49,New,Cash
INV104093,10/22/2025 14:49,S011,C0100,Clothing,9,37.35,15.66,23.92,Returning,Digital
INV108072,10/22/2025 16:27,S019,A0030,Accessories,5,21.56,22.88,10.26,New,Digital
INV106265,10/22/2025 17:11,S019,SH0001,Shoes,6,174.77,5.55,110.51,New,Card
INV103156,10/22/2025 20:30,S001,SH0023,Shoes,4,130.34,19.74,107.97,Returning,Digital
INV109443,10/22/2025 21:12,S007,C0050,Clothing,8,67.92,24.29,46.97,Returning,Cash
INV105330,10/22/2025 22:19,S006,C0021,Clothing,4,92.54,7.84,55.81,Returning,Card
INV107275,10/22/2025 22:20,S016,C0019,Clothing,4,23.45,9.63,16.16,Returning,Digital
INV102886,10/22/2025 22:35,S008,SH0003,Shoes,10,106.26,24.59,77.8,Returning,Digital
INV105367,10/23/2025 0:25,S014,A0027,Accessories,9,39.62,13.93,27.86,Returning,Digital
INV103908,10/23/2025 1:53,S014,SH0007,Shoes,9,155.87,6.18,109.74,Returning,Cash
INV101409,10/23/2025 3:16,S018,C0075,Clothing,3,62.35,17.36,37.81,New,Cash
INV102460,10/23/2025 3:30,S004,SH0033,Shoes,10,164.71,26.81,124.45,Returning,Cash
INV105079,10/23/2025 5:12,S017,A0049,Accessories,8,18.62,5.57,11.93,New,Cash
INV107727,10/23/2025 5:25,S018,SH0003,Shoes,7,73.42,9.52,60.08,Returning,Digital
INV106334,10/23/2025 6:25,S020,SH0010,Shoes,5,91.05,22.44,63.46,New,Card
INV106246,10/23/2025 6:36,S013,SH0036,Shoes,4,160.89,29.74,110.09,Returning,Card
INV104591,10/23/2025 7:56,S014,SH0037,Shoes,4,175.02,20.73,117.06,New,Cash
INV109083,10/23/2025 8:15,S001,C0005,Clothing,5,70.85,11.91,52.25,New,Digital
INV108523,10/23/2025 10:12,S013,C0038,Clothing,10,40.3,7.92,23.31,New,Card
INV101959,10/23/2025 12:31,S015,SH0010,Shoes,4,87.65,8.92,57.12,Returning,Cash
INV102821,10/23/2025 13:16,S009,C0056,Clothing,10,32.61,6.48,19.17,Returning,Card
INV108516,10/23/2025 13:18,S012,A0042,Accessories,8,15.18,7.87,9.13,Returning,Cash
INV106987,10/23/2025 14:36,S013,C0048,Clothing,9,93.88,24.38,53.58,Returning,Card
INV103678,10/23/2025 15:28,S014,SH0016,Shoes,7,85.5,7.35,50.74,Returning,Card
INV106197,10/23/2025 16:13,S003,A0022,Accessories,3,41.32,7.43,17.84,Returning,Digital
INV102810,10/23/2025 16:51,S016,SH0036,Shoes,10,190.55,17.28,136.49,Returning,Card
INV104884,10/23/2025 17:01,S019,A0057,Accessories,7,46.58,14.35,20.37,Returning,Card
INV102612,10/23/2025 17:49,S003,A0017,Accessories,3,62.3,26.91,42.52,Returning,Cash
INV103224,10/23/2025 17:51,S017,A0013,Accessories,10,61.92,8.55,32.11,New,Digital
INV108082,10/23/2025 18:14,S015,SH0007,Shoes,5,102.99,9.07,84.2,New,Cash
INV103653,10/23/2025 22:01,S001,C0014,Clothing,6,115.37,5.29,88.87,New,Digital
INV107637,10/24/2025 0:40,S018,A0042,Accessories,7,77.69,19.99,47.76,Returning,Cash
INV105682,10/24/2025 1:36,S015,SH0007,Shoes,8,185.5,22.54,118.69,Returning,Digital
INV107826,10/24/2025 2:17,S015,A0045,Accessories,8,49.69,10.29,37.05,New,Digital
INV103499,10/24/2025 2:57,S013,A0020,Accessories,9,70.21,26.78,38.62,New,Cash
INV106079,10/24/2025 3:35,S008,SH0022,Shoes,10,182.14,16.49,113.07,New,Card
INV101099,10/24/2025 4:13,S006,C0047,Clothing,10,82.32,16.88,48.95,Returning,Card
INV109729,10/24/2025 4:15,S010,C0064,Clothing,5,98.37,7.18,72.25,Returning,Cash
INV108864,10/24/2025 6:25,S010,C0062,Clothing,9,110.11,5.22,59.44,Returning,Card
INV101783,10/24/2025 6:29,S014,A0031,Accessories,8,56.09,16.92,30.06,New,Card
INV101791,10/24/2025 8:17,S012,A0004,Accessories,10,37.73,26.08,20.05,Returning,Card
INV105691,10/24/2025 9:37,S010,SH0013,Shoes,5,167.79,15.23,99.46,Returning,Card
INV109501,10/24/2025 11:30,S007,SH0011,Shoes,9,142.4,21.1,87.86,New,Cash
INV106634,10/24/2025 12:22,S018,SH0036,Shoes,5,133.42,21.8,94.75,Returning,Digital
INV102261,10/24/2025 12:27,S006,C0012,Clothing,6,101.02,24.92,70.88,New,Card
INV103388,10/24/2025 12:31,S003,SH0002,Shoes,8,124.81,26.2,70.91,Returning,Cash
INV105707,10/24/2025 12:44,S007,C0079,Clothing,9,73.17,12.24,53.28,New,Digital
INV102674,10/24/2025 12:55,S018,A0022,Accessories,10,40.29,7.13,22.75,New,Cash
INV107148,10/24/2025 13:21,S007,SH0002,Shoes,5,126.46,20.51,101.56,New,Cash
INV103097,10/24/2025 13:40,S002,C0037,Clothing,5,75.66,19.77,52.71,Returning,Cash
INV109578,10/24/2025 14:11,S001,SH0036,Shoes,7,90.24,9.22,66.77,New,Card
INV101001,10/24/2025 14:49,S009,C0076,Clothing,10,100.58,29.81,68.83,Returning,Digital
INV101434,10/24/2025 15:21,S012,A0023,Accessories,3,58.75,16.53,38.5,New,Card
INV105577,10/24/2025 17:33,S014,C0060,Clothing,10,110.17,20.03,60.05,New,Digital
INV109507,10/24/2025 17:50,S006,A0055,Accessories,9,13.03,6.65,6.57,New,Cash
INV101965,10/24/2025 18:53,S007,C0050,Clothing,9,104.24,10.13,61.39,New,Card
INV100218,10/24/2025 20:48,S003,A0056,Accessories,8,79.95,26.55,44.56,Returning,Cash
INV103330,10/24/2025 23:02,S011,A0031,Accessories,3,48.41,26.18,30.57,Returning,Cash
INV102732,10/25/2025 2:11,S008,SH0034,Shoes,6,54.61,25.25,36.31,Returning,Cash
INV103426,10/25/2025 2:56,S018,C0063,Clothing,5,78.8,14.24,46.77,Returning,Card
INV104474,10/25/2025 5:08,S019,SH0027,Shoes,3,186.62,29.09,156.52,Returning,Digital
INV108581,10/25/2025 5:12,S012,SH0036,Shoes,8,112.46,20.17,91.91,Returning,Card
INV108229,10/25/2025 5:29,S014,C0012,Clothing,6,53.67,19.76,27.59,New,Cash
INV105035,10/25/2025 8:50,S018,A0059,Accessories,6,64.69,6.71,44.07,Returning,Cash
INV107687,10/25/2025 9:35,S008,A0013,Accessories,6,17.48,11.83,12.55,New,Cash
INV103738,10/25/2025 11:26,S017,SH0015,Shoes,8,75.03,15.05,49.5,Returning,Digital
INV101633,10/25/2025 11:40,S015,A0050,Accessories,7,19.88,7.8,11,New,Card
INV106787,10/25/2025 12:25,S007,SH0018,Shoes,3,111.69,8.19,69.72,New,Card
INV103329,10/25/2025 13:21,S015,C0074,Clothing,6,86.06,14.61,43.65,New,Cash
INV103942,10/25/2025 13:59,S003,A0038,Accessories,8,58.65,29.92,41.07,Returning,Card
INV104276,10/25/2025 17:02,S001,A0001,Accessories,10,21.3,19.67,13.05,Returning,Digital
INV100281,10/25/2025 18:01,S012,C0026,Clothing,10,103.7,6.26,59.61,New,Card
INV108733,10/25/2025 20:52,S013,A0054,Accessories,5,14.58,26.09,10.93,New,Cash
INV101832,10/25/2025 20:58,S010,SH0019,Shoes,6,175.93,24.89,97.12,Returning,Card
INV105844,10/25/2025 21:05,S019,A0005,Accessories,6,24.76,9.02,17.61,New,Digital
INV108512,10/25/2025 21:18,S011,C0058,Clothing,4,104.91,5.43,76.34,New,Digital
INV109877,10/25/2025 23:13,S009,SH0016,Shoes,9,98.06,9.72,71.96,Returning,Digital
INV103810,10/25/2025 23:29,S006,A0029,Accessories,6,37.46,21.35,17.82,New,Cash
INV101294,10/26/2025 0:00,S011,C0027,Clothing,3,102.03,19.65,81.54,Returning,Cash
INV109599,10/26/2025 0:17,S011,SH0013,Shoes,3,129.29,6.72,81.85,Returning,Digital
INV106626,10/26/2025 0:49,S003,C0039,Clothing,3,66.46,24.86,52.65,Returning,Card
INV109788,10/26/2025 2:09,S020,A0007,Accessories,10,26.41,24.22,16.98,Returning,Card
INV106306,10/26/2025 3:02,S015,A0042,Accessories,3,14.24,23.44,7.9,New,Card
INV104582,10/26/2025 3:09,S002,SH0003,Shoes,5,113.83,12,84.19,Returning,Cash
INV109673,10/26/2025 3:23,S004,SH0033,Shoes,5,162.32,5.15,134.62,New,Digital
INV108518,10/26/2025 4:09,S007,SH0035,Shoes,6,56.22,15.71,39.1,New,Cash
INV108508,10/26/2025 4:30,S005,SH0020,Shoes,10,104.9,26.6,73.26,Returning,Cash
INV105989,10/26/2025 5:49,S003,SH0039,Shoes,8,92.16,8.34,68.12,New,Cash
INV102405,10/26/2025 6:05,S010,SH0029,Shoes,8,76.72,24.06,52.02,Returning,Cash
INV100441,10/26/2025 6:44,S020,SH0004,Shoes,4,57.49,17.09,44.21,Returning,Card
INV101395,10/26/2025 7:53,S014,SH0031,Shoes,7,43.04,15.07,24.42,New,Card
INV109222,10/26/2025 8:47,S016,SH0023,Shoes,3,101.57,11.84,57.88,New,Card
INV106851,10/26/2025 8:56,S003,C0097,Clothing,5,93.95,27.66,50.14,New,Digital
INV100525,10/26/2025 10:04,S018,SH0025,Shoes,7,54.15,15.36,36.43,Returning,Digital
INV109479,10/26/2025 10:19,S018,A0004,Accessories,10,55.58,14.6,33.91,Returning,Digital
INV106207,10/26/2025 10:47,S009,SH0019,Shoes,4,183.05,7.64,144.41,Returning,Card
INV103848,10/26/2025 12:55,S014,SH0033,Shoes,6,122.5,15.92,96.9,New,Card
INV102469,10/26/2025 14:19,S003,SH0003,Shoes,9,167.99,17.91,118.65,Returning,Card
INV109351,10/26/2025 14:25,S003,SH0030,Shoes,10,101.78,27.06,59.45,New,Cash
INV103701,10/26/2025 16:22,S020,C0066,Clothing,6,84.95,21.19,49.17,New,Card
INV101654,10/26/2025 19:03,S010,C0081,Clothing,9,53.39,7.26,31.85,Returning,Digital
INV100106,10/26/2025 19:29,S013,SH0024,Shoes,6,54.1,15.89,43.46,New,Card
INV100419,10/26/2025 22:39,S012,C0060,Clothing,9,85.48,21.51,42.95,New,Cash
INV101211,10/27/2025 4:35,S017,C0032,Clothing,4,66.43,22.43,36.27,Returning,Card
INV103739,10/27/2025 4:35,S002,C0079,Clothing,9,76.38,19.5,48.24,New,Card
INV105404,10/27/2025 6:20,S013,SH0016,Shoes,6,63.42,8.21,43.31,Returning,Digital
INV108925,10/27/2025 7:14,S018,SH0012,Shoes,8,81.88,16.77,69.54,New,Cash
INV100255,10/27/2025 7:40,S016,SH0002,Shoes,8,198.3,16.99,155.58,Returning,Digital
INV106603,10/27/2025 9:37,S012,SH0030,Shoes,7,46.04,24.43,28.13,Returning,Digital
INV106926,10/27/2025 9:47,S011,SH0032,Shoes,7,197.74,8.79,136.39,Returning,Digital
INV103011,10/27/2025 12:31,S016,A0022,Accessories,4,27.9,17.55,19.86,Returning,Digital
INV108984,10/27/2025 13:25,S006,SH0010,Shoes,8,140.96,7.27,92.08,Returning,Cash
INV104707,10/27/2025 14:12,S009,C0059,Clothing,4,26.33,15.1,13.85,Returning,Cash
INV103433,10/27/2025 16:31,S004,A0058,Accessories,8,15.62,17.17,10.55,New,Digital
INV103531,10/27/2025 17:35,S001,C0069,Clothing,3,51.75,15.36,38.48,Returning,Cash
INV103075,10/27/2025 17:39,S001,A0035,Accessories,6,72.83,7.14,51.76,New,Cash
INV104987,10/27/2025 18:22,S016,A0009,Accessories,6,36.03,7.26,20.61,New,Cash
INV106712,10/27/2025 19:09,S007,A0046,Accessories,7,37.87,24.9,25.64,New,Cash
INV107928,10/27/2025 19:48,S001,C0056,Clothing,6,34.32,24.42,23.76,New,Card
INV105265,10/27/2025 20:37,S012,A0041,Accessories,3,23.8,27.87,15.78,New,Card
INV101595,10/27/2025 21:00,S017,A0012,Accessories,10,49.9,16.06,28.74,Returning,Cash
INV103026,10/27/2025 22:02,S017,SH0011,Shoes,5,115,12.71,63.89,New,Digital
INV102849,10/27/2025 22:08,S011,A0032,Accessories,6,43.71,20.62,21.66,Returning,Cash
INV100357,10/28/2025 2:18,S004,SH0027,Shoes,3,81.25,19.45,44.82,New,Card
INV101196,10/28/2025 4:15,S004,SH0024,Shoes,6,131.82,16.37,83.55,New,Cash
INV108606,10/28/2025 8:08,S008,A0026,Accessories,10,76.58,23.76,42.56,New,Card
INV104190,10/28/2025 8:39,S016,A0033,Accessories,8,62.89,23.02,41.61,Returning,Card
INV108044,10/28/2025 13:02,S010,SH0010,Shoes,9,58.19,12.97,37.38,Returning,Digital
INV104386,10/28/2025 15:13,S014,SH0003,Shoes,7,60.88,12.93,36.36,New,Digital
INV102580,10/28/2025 15:24,S015,C0014,Clothing,9,52.53,11.05,35.18,Returning,Cash
INV105496,10/28/2025 16:18,S017,SH0029,Shoes,5,195.97,12.19,109.76,New,Digital
INV108112,10/28/2025 16:35,S002,A0055,Accessories,8,19.77,21.35,9.39,New,Cash
INV101951,10/28/2025 18:08,S020,SH0012,Shoes,3,47.55,7.39,31.54,New,Cash
INV109724,10/28/2025 20:02,S009,SH0012,Shoes,4,113.68,28.68,72.63,Returning,Cash
INV100376,10/28/2025 20:33,S006,SH0021,Shoes,3,165.65,14.96,106.02,New,Cash
INV107193,10/28/2025 22:02,S006,C0009,Clothing,10,44.4,26.99,35.33,New,Card
INV101975,10/28/2025 22:56,S010,A0008,Accessories,4,24.23,19.57,10.84,New,Cash
INV107452,10/29/2025 3:18,S001,C0071,Clothing,3,108.62,21.27,66.44,New,Digital
INV104716,10/29/2025 5:14,S020,A0037,Accessories,10,69.4,14.96,34.56,New,Digital
INV103479,10/29/2025 10:00,S004,A0004,Accessories,5,32.43,13.74,14.22,New,Cash
INV101715,10/29/2025 13:00,S002,C0064,Clothing,9,34.23,6.32,24.44,New,Cash
INV105145,10/29/2025 13:54,S014,C0028,Clothing,6,93.45,5.27,72.73,New,Digital
INV105258,10/29/2025 14:14,S013,SH0017,Shoes,10,101.87,15.71,84.65,New,Digital
INV109711,10/29/2025 16:39,S012,C0090,Clothing,5,22.79,25.67,12.17,New,Cash
INV107091,10/29/2025 19:31,S018,C0082,Clothing,9,57.59,19.02,38.41,New,Digital
INV100612,10/29/2025 19:58,S013,SH0026,Shoes,10,111.39,22.44,68.12,New,Card
INV103425,10/29/2025 21:11,S013,SH0005,Shoes,9,180.7,5.28,128.9,Returning,Digital
INV104177,10/29/2025 21:48,S013,A0008,Accessories,6,54.03,19.95,34,Returning,Digital
INV106801,10/29/2025 23:13,S003,C0007,Clothing,10,104.41,26.58,71.9,Returning,Card
INV101015,10/30/2025 1:58,S016,A0002,Accessories,8,49.6,24.75,37.12,Returning,Digital
INV100619,10/30/2025 3:44,S004,A0031,Accessories,8,12.28,28.04,5.59,Returning,Cash
INV101351,10/30/2025 3:44,S001,SH0031,Shoes,5,129.84,23.94,94.98,Returning,Card
INV101810,10/30/2025 5:38,S011,SH0012,Shoes,7,144.21,26.06,112.65,New,Digital
INV108716,10/30/2025 6:19,S016,A0033,Accessories,10,76.81,8.03,50.55,Returning,Digital
INV102594,10/30/2025 12:38,S008,C0015,Clothing,8,38.67,14.72,20.52,Returning,Cash
INV101286,10/30/2025 13:13,S010,A0050,Accessories,3,27.63,25.55,15.52,Returning,Cash
INV101399,10/30/2025 15:40,S013,SH0005,Shoes,4,71.79,25.34,52.2,Returning,Cash
INV103460,10/30/2025 23:16,S005,A0044,Accessories,8,79.16,29.03,56.38,New,Card
INV103644,10/31/2025 0:43,S017,SH0022,Shoes,6,117.17,20.1,89.96,New,Cash
INV104522,10/31/2025 7:52,S009,C0095,Clothing,6,80.04,9.53,44.02,New,Card
INV104925,10/31/2025 11:09,S011,C0099,Clothing,6,78.7,27.88,62.66,Returning,Cash
INV108738,10/31/2025 23:27,S012,SH0022,Shoes,6,56.31,9.19,44.3,Returning,Card
INV105779,10/31/2025 23:48,S006,C0054,Clothing,3,106.4,11.97,58.04,New,Cash
INV103542,11/1/2025 0:14,S010,A0050,Accessories,8,54.32,17.77,40.46,Returning,Digital
INV104074,11/1/2025 0:24,S003,SH0015,Shoes,7,64.59,6,49.67,Returning,Cash
INV101620,11/1/2025 1:00,S020,C0087,Clothing,9,54.49,7.55,33.63,Returning,Digital
INV108457,11/1/2025 1:27,S017,SH0006,Shoes,7,141.99,23.99,107.68,New,Digital
INV106648,11/1/2025 4:32,S010,SH0030,Shoes,10,71.69,11.55,51.34,Returning,Card
INV101509,11/1/2025 6:07,S013,C0034,Clothing,7,44.79,6.67,35.37,Returning,Cash
INV101171,11/1/2025 6:42,S005,A0026,Accessories,6,41.49,23.72,28.74,Returning,Digital
INV101861,11/1/2025 7:51,S001,C0054,Clothing,9,104.04,5.76,61.68,Returning,Card
INV103384,11/1/2025 8:10,S009,A0026,Accessories,9,70.54,19.77,46.91,Returning,Cash
INV107843,11/1/2025 8:31,S012,A0039,Accessories,4,19.68,11.19,8.65,Returning,Cash
INV100707,11/1/2025 8:44,S007,C0048,Clothing,10,65.19,17.87,46.01,New,Digital
INV104711,11/1/2025 9:22,S001,C0022,Clothing,6,72.39,21.24,43.34,New,Cash
INV107154,11/1/2025 10:32,S013,SH0040,Shoes,3,58.45,8.82,38.95,Returning,Cash
INV109782,11/1/2025 10:44,S017,SH0019,Shoes,9,146.97,21.67,86.93,New,Card
INV102285,11/1/2025 10:54,S010,C0062,Clothing,8,25.15,25.44,17.06,Returning,Card
INV100043,11/1/2025 12:21,S018,SH0026,Shoes,5,155.87,29.52,125.03,New,Card
INV101521,11/1/2025 17:44,S011,C0074,Clothing,7,53.2,17.7,39.99,New,Card
INV103867,11/1/2025 18:09,S001,SH0021,Shoes,3,117.45,9.79,92.46,New,Card
INV101043,11/1/2025 20:07,S015,A0034,Accessories,10,17.18,10.8,10.65,Returning,Cash
INV106519,11/1/2025 20:11,S012,C0058,Clothing,3,43.24,23,24.44,Returning,Card
INV102502,11/1/2025 20:35,S008,A0014,Accessories,3,14.14,10.63,6.29,New,Digital
INV108676,11/1/2025 22:19,S018,SH0022,Shoes,6,130.01,7.99,78.81,Returning,Cash
INV104140,11/1/2025 22:30,S010,SH0027,Shoes,10,175.29,13.14,146.96,Returning,Card
INV109388,11/1/2025 22:48,S005,C0087,Clothing,8,69.53,8.66,38.79,Returning,Cash
INV107615,11/2/2025 4:48,S010,SH0003,Shoes,10,137.63,6.22,108.69,Returning,Digital
INV100536,11/2/2025 6:06,S010,SH0033,Shoes,7,134.91,6.08,93.19,New,Cash
INV108247,11/2/2025 7:14,S011,A0015,Accessories,5,63.96,13.96,29.66,New,Digital
INV107662,11/2/2025 8:35,S001,C0069,Clothing,6,40.76,24.25,30.47,Returning,Digital
INV105644,11/2/2025 8:51,S018,A0004,Accessories,3,30.56,29.21,13.73,New,Digital
INV100968,11/2/2025 12:55,S020,C0020,Clothing,7,20.7,9.94,16.24,Returning,Card
INV107451,11/2/2025 14:03,S012,A0058,Accessories,7,42.4,11.67,17.74,New,Cash
INV105956,11/2/2025 14:06,S002,SH0020,Shoes,4,176.1,9.94,145.89,Returning,Card
INV101267,11/2/2025 21:28,S010,SH0009,Shoes,6,45.04,14.17,34.58,Returning,Cash
INV102969,11/2/2025 22:19,S020,SH0020,Shoes,8,100.57,6.86,70.57,New,Cash
INV102357,11/2/2025 22:34,S016,C0024,Clothing,7,41.75,24.28,22.47,New,Digital
INV103461,11/2/2025 22:55,S008,SH0002,Shoes,6,122.26,6.78,67.98,Returning,Digital
INV102128,11/2/2025 23:26,S018,A0017,Accessories,9,43.54,12.83,30.24,Returning,Digital
INV109742,11/3/2025 2:51,S015,SH0003,Shoes,7,111.43,16.96,85.15,New,Cash
INV102804,11/3/2025 3:32,S002,C0032,Clothing,8,90.5,22.88,53.34,New,Cash
INV108114,11/3/2025 5:41,S011,SH0013,Shoes,6,155.79,8.99,111.38,Returning,Digital
INV105369,11/3/2025 5:52,S010,SH0011,Shoes,10,87.9,15.81,62.91,New,Card
INV102941,11/3/2025 5:57,S018,A0004,Accessories,3,13.26,26.53,6.41,New,Card
INV103872,11/3/2025 8:17,S002,C0085,Clothing,10,116.09,6.53,84.62,New,Digital
INV101766,11/3/2025 8:20,S008,C0035,Clothing,4,26.11,6.57,14.36,Returning,Card
INV101261,11/3/2025 10:31,S002,A0036,Accessories,5,11.15,10.78,4.76,New,Card
INV108726,11/3/2025 11:41,S015,C0068,Clothing,7,30.7,16.52,16.65,Returning,Digital
INV107232,11/3/2025 11:44,S020,SH0022,Shoes,7,192.5,23.84,124.3,Returning,Card
INV102806,11/3/2025 14:41,S001,SH0013,Shoes,10,69.39,26.55,39.5,New,Digital
INV109402,11/3/2025 15:17,S007,SH0040,Shoes,6,59.08,5.77,49.08,New,Card
INV107041,11/3/2025 17:43,S001,C0084,Clothing,9,117.82,16.74,74.11,Returning,Card
INV104363,11/3/2025 17:46,S003,A0050,Accessories,5,17.93,6.59,8.63,New,Digital
INV104228,11/3/2025 18:57,S018,C0038,Clothing,9,30.45,10.92,23.65,Returning,Cash
INV106499,11/3/2025 22:57,S012,C0015,Clothing,7,21.11,29.49,13.82,New,Card
INV100935,11/4/2025 1:39,S001,SH0011,Shoes,6,50.68,13.62,37.55,New,Card
INV106441,11/4/2025 2:27,S011,SH0005,Shoes,9,151.4,13.65,127.87,New,Cash
INV104900,11/4/2025 4:15,S020,A0025,Accessories,9,58.75,25.16,33.93,New,Digital
INV101556,11/4/2025 5:33,S011,A0027,Accessories,6,57.21,29.69,31.43,Returning,Digital
INV104254,11/4/2025 8:08,S005,C0053,Clothing,9,101.88,23.6,70.13,New,Card
INV108423,11/4/2025 8:33,S006,C0009,Clothing,8,94.06,16.98,72.87,Returning,Card
INV107306,11/4/2025 11:13,S010,A0059,Accessories,9,37.72,6.1,15.52,Returning,Cash
INV105770,11/4/2025 11:43,S009,SH0037,Shoes,4,149.87,19.38,104.72,Returning,Digital
INV106797,11/4/2025 11:48,S011,C0029,Clothing,10,28.51,10.34,18.4,New,Digital
INV106606,11/4/2025 11:53,S017,SH0026,Shoes,8,73.62,15.76,52.25,New,Cash
INV100074,11/4/2025 12:20,S010,SH0032,Shoes,4,179.58,10.87,100.7,New,Digital
INV102752,11/4/2025 13:29,S018,A0057,Accessories,10,66.73,9.73,38.95,New,Digital
INV104600,11/4/2025 13:50,S013,SH0033,Shoes,7,118.36,23.92,80.26,New,Digital
INV109111,11/4/2025 14:26,S014,A0006,Accessories,6,15.93,10.1,7.28,New,Card
INV100777,11/4/2025 15:34,S008,C0050,Clothing,6,28.36,22.58,20.26,Returning,Cash
INV104263,11/4/2025 15:54,S007,A0034,Accessories,10,63.24,10.27,45.35,New,Cash
INV108013,11/4/2025 17:32,S010,A0012,Accessories,8,27.6,24.87,13.83,New,Card
INV106203,11/4/2025 17:55,S017,C0031,Clothing,4,84.74,16.15,49.27,Returning,Card
INV101922,11/4/2025 19:04,S018,C0075,Clothing,10,83.89,20.45,64.05,New,Cash
INV108693,11/4/2025 19:24,S020,SH0028,Shoes,4,197.11,13.63,139.4,New,Cash
INV104442,11/4/2025 20:05,S009,C0038,Clothing,7,28.99,27.78,22.99,Returning,Card
INV101603,11/4/2025 22:27,S018,A0049,Accessories,6,40.53,9.43,19.67,New,Digital
INV109932,11/5/2025 1:05,S008,C0032,Clothing,8,103.67,7.27,79.59,Returning,Digital
INV105937,11/5/2025 3:25,S010,C0075,Clothing,8,108.14,25.44,78.69,New,Digital
INV109089,11/5/2025 5:03,S003,A0058,Accessories,7,11.39,5.02,7.71,New,Card
INV107010,11/5/2025 5:20,S008,C0083,Clothing,3,82.06,13.78,61.78,New,Card
INV100734,11/5/2025 7:17,S004,C0049,Clothing,4,117.95,24.57,66.84,New,Digital
INV103977,11/5/2025 7:30,S010,C0089,Clothing,10,81.8,13.62,47.1,Returning,Card
INV105116,11/5/2025 7:37,S002,SH0034,Shoes,5,125.83,7.41,72.28,Returning,Card
INV107450,11/5/2025 8:02,S005,C0100,Clothing,4,70.5,14.2,45.44,New,Cash
INV107470,11/5/2025 8:04,S006,SH0024,Shoes,9,102.21,23.09,80.24,New,Card
INV109358,11/5/2025 8:15,S008,A0018,Accessories,7,27.95,23.81,19.89,New,Digital
INV101120,11/5/2025 8:21,S016,C0064,Clothing,7,59.22,10.69,35,Returning,Card
INV103456,11/5/2025 8:40,S017,A0047,Accessories,5,29.18,24.68,18.01,New,Digital
INV104985,11/5/2025 9:19,S003,A0032,Accessories,7,43.42,20.74,28.1,New,Cash
INV105346,11/5/2025 10:35,S011,C0007,Clothing,9,80.61,28.61,40.43,New,Digital
INV104521,11/5/2025 12:45,S006,C0003,Clothing,8,40.02,10.26,30.12,New,Card
INV109398,11/5/2025 14:54,S017,C0077,Clothing,7,37.54,20.4,26.44,Returning,Digital
INV100977,11/5/2025 14:54,S002,A0014,Accessories,9,47.26,11.39,21.72,New,Digital
INV104763,11/5/2025 17:24,S011,C0085,Clothing,3,35.86,5.82,28.68,New,Card
INV102079,11/5/2025 17:28,S012,SH0008,Shoes,9,174.64,5.98,112.21,New,Cash
INV107864,11/5/2025 19:17,S019,SH0031,Shoes,5,141.34,9.57,115.04,New,Card
INV102974,11/5/2025 20:43,S014,A0011,Accessories,4,31.6,28.02,20.88,New,Card
INV105754,11/5/2025 22:33,S020,SH0006,Shoes,9,109.53,28.43,66.28,Returning,Card
INV105811,11/5/2025 23:52,S012,SH0028,Shoes,9,118.41,14.68,73.81,New,Digital
INV105184,11/6/2025 0:01,S004,SH0037,Shoes,6,157.7,21.55,97.35,Returning,Cash
INV102870,11/6/2025 2:09,S019,C0001,Clothing,10,22.69,21.49,16.66,Returning,Digital
INV108414,11/6/2025 2:45,S018,SH0030,Shoes,7,163.75,13.77,96.93,New,Cash
INV108045,11/6/2025 5:30,S003,C0039,Clothing,4,44.63,28.95,29.35,New,Cash
INV100919,11/6/2025 6:49,S001,C0079,Clothing,3,81.08,28.76,43.68,Returning,Cash
INV107796,11/6/2025 7:51,S019,A0009,Accessories,6,77.82,22.74,32.61,Returning,Cash
INV109926,11/6/2025 13:08,S003,C0097,Clothing,3,109.05,24.8,56.35,Returning,Card
INV101233,11/6/2025 13:13,S018,C0047,Clothing,7,29.76,29.95,23.2,New,Cash
INV101683,11/6/2025 13:16,S015,SH0028,Shoes,9,166.59,8.17,137.02,Returning,Cash
INV107121,11/6/2025 13:45,S015,C0058,Clothing,4,105.97,29.88,67.39,New,Card
INV108569,11/6/2025 14:22,S004,C0014,Clothing,3,98.47,26.23,50.19,New,Cash
INV101594,11/6/2025 15:25,S018,C0014,Clothing,8,96.36,11.55,51.35,New,Card
INV106810,11/6/2025 15:52,S010,A0043,Accessories,5,52.24,21.37,37.8,New,Digital
INV107162,11/6/2025 17:23,S002,SH0022,Shoes,9,104.6,23.74,69.08,New,Digital
INV108289,11/6/2025 17:25,S001,C0100,Clothing,6,48.57,28.44,37.28,Returning,Card
INV106614,11/6/2025 19:26,S003,A0006,Accessories,8,42.5,22.13,25.13,Returning,Digital
INV106262,11/6/2025 20:27,S014,C0091,Clothing,9,20.93,27.49,14.68,New,Cash
INV101630,11/6/2025 20:34,S006,C0080,Clothing,8,54.65,18.85,32.59,New,Digital
INV101713,11/7/2025 0:25,S002,A0056,Accessories,4,64.19,25.41,33.48,New,Cash
INV109425,11/7/2025 1:00,S001,C0027,Clothing,4,71.3,24.87,43.38,Returning,Card
INV102921,11/7/2025 1:11,S019,A0003,Accessories,10,48.16,8.88,22.98,New,Cash
INV109566,11/7/2025 1:18,S006,C0047,Clothing,3,115.87,17.82,71.11,Returning,Card
INV103836,11/7/2025 2:21,S007,A0008,Accessories,4,68.72,23.51,37.2,Returning,Card
INV100745,11/7/2025 2:33,S009,C0053,Clothing,5,32.38,24.24,20.92,New,Card
INV107245,11/7/2025 4:36,S020,A0014,Accessories,10,13.58,11.23,9.59,New,Card
INV100294,11/7/2025 5:36,S014,C0063,Clothing,5,98.52,20.36,72.31,Returning,Card
INV109059,11/7/2025 6:37,S016,A0018,Accessories,9,39.84,8.16,23.99,Returning,Card
INV102720,11/7/2025 8:51,S015,C0006,Clothing,9,26.15,16.08,14.26,New,Card
INV100031,11/7/2025 10:01,S014,A0012,Accessories,3,50.64,7.71,37.69,Returning,Digital
INV104445,11/7/2025 10:11,S008,A0055,Accessories,4,55.6,15.33,23.49,Returning,Card
INV102917,11/7/2025 10:48,S013,SH0024,Shoes,10,57.32,14.9,44.06,Returning,Digital
INV109712,11/7/2025 12:05,S007,A0060,Accessories,9,45.44,12.69,24.01,Returning,Cash
INV103111,11/7/2025 12:34,S004,SH0038,Shoes,3,55.45,12.33,31.35,Returning,Card
INV103206,11/7/2025 17:56,S004,A0016,Accessories,8,30.18,29.09,15.38,Returning,Cash
INV107381,11/7/2025 19:46,S016,SH0034,Shoes,4,45.72,23.52,35.26,Returning,Card
INV101014,11/7/2025 21:45,S014,A0039,Accessories,4,62.34,21.06,25.44,Returning,Card
INV101714,11/7/2025 21:47,S002,C0093,Clothing,4,38.65,22.71,29.33,Returning,Digital
INV108172,11/8/2025 0:39,S001,A0029,Accessories,3,75.52,7.48,48.3,New,Card
INV103561,11/8/2025 0:46,S014,SH0015,Shoes,7,169.9,5.46,105.02,Returning,Card
INV103331,11/8/2025 3:36,S014,A0035,Accessories,7,70.18,11.94,51.1,Returning,Digital
INV104485,11/8/2025 5:24,S020,A0059,Accessories,4,49.8,21.65,32.71,New,Digital
INV100951,11/8/2025 6:17,S016,C0023,Clothing,10,117.93,11.61,68.14,Returning,Digital
INV109540,11/8/2025 12:29,S007,SH0030,Shoes,8,121.39,19.28,88.31,Returning,Digital
INV104191,11/8/2025 12:53,S019,SH0037,Shoes,10,102.68,17.49,78.52,Returning,Card
INV101854,11/8/2025 13:53,S014,A0003,Accessories,4,19.05,21.17,11.16,Returning,Cash
INV105869,11/8/2025 14:16,S013,C0091,Clothing,6,61.18,9.1,44.81,New,Cash
INV103727,11/8/2025 14:27,S003,A0024,Accessories,5,49.57,15.39,34.4,New,Cash
INV102885,11/8/2025 16:31,S010,C0076,Clothing,5,75.83,16.7,49.01,Returning,Cash
INV102185,11/8/2025 16:51,S005,SH0028,Shoes,5,98.47,27.84,64.26,Returning,Card
INV101751,11/8/2025 17:00,S006,C0073,Clothing,8,23.25,11.5,14.4,Returning,Digital
INV104035,11/8/2025 18:16,S010,C0034,Clothing,7,101.33,12.53,60.56,Returning,Digital
INV109859,11/8/2025 18:23,S013,C0006,Clothing,4,94.79,27.56,47.87,New,Card
INV109607,11/8/2025 18:49,S002,SH0033,Shoes,3,58.37,23.27,46.93,Returning,Cash
INV108300,11/8/2025 19:21,S005,A0055,Accessories,9,38.25,9.78,23.75,New,Card
INV109157,11/8/2025 19:28,S008,SH0007,Shoes,4,138.04,5.82,116.75,New,Digital
INV109019,11/8/2025 20:28,S012,A0060,Accessories,5,76.29,26,39.06,Returning,Cash
INV109464,11/8/2025 21:25,S016,A0042,Accessories,8,14.07,19.25,9.18,New,Card
INV100986,11/8/2025 21:38,S011,C0023,Clothing,4,117.28,25.09,76.24,New,Cash
INV106421,11/8/2025 22:36,S008,C0087,Clothing,6,83.14,27.05,64.83,Returning,Card
INV103896,11/8/2025 23:18,S015,A0048,Accessories,4,50.65,25.31,23.92,Returning,Card
INV109017,11/9/2025 4:15,S018,SH0031,Shoes,3,65.06,9.59,47.53,Returning,Card
INV103550,11/9/2025 4:51,S020,SH0009,Shoes,4,134.96,5.95,82.45,New,Digital
INV104458,11/9/2025 5:04,S004,SH0009,Shoes,5,86.44,25.32,57.56,Returning,Cash
INV101004,11/9/2025 5:12,S017,C0098,Clothing,7,43.18,13,25.57,Returning,Cash
INV103106,11/9/2025 5:39,S012,SH0015,Shoes,6,160.94,28.91,99.15,New,Digital
INV103833,11/9/2025 5:51,S018,C0020,Clothing,7,81.53,25.5,65.11,New,Card
INV107328,11/9/2025 8:41,S005,C0011,Clothing,9,44.6,17,33,New,Card
INV108191,11/9/2025 9:07,S017,SH0012,Shoes,4,195.25,16.2,163.1,Returning,Cash
INV102366,11/9/2025 10:30,S015,C0059,Clothing,7,52.81,24.76,41.88,Returning,Cash
INV102330,11/9/2025 11:12,S003,A0011,Accessories,3,13.85,13.1,6.66,Returning,Cash
INV103717,11/9/2025 12:41,S009,A0055,Accessories,8,27.45,8.41,13.72,Returning,Card
INV109467,11/9/2025 13:34,S003,SH0027,Shoes,6,173.15,10.51,104.32,New,Card
INV107359,11/9/2025 13:47,S020,C0086,Clothing,7,28.43,26.89,14.49,New,Cash
INV109408,11/9/2025 13:53,S020,A0044,Accessories,9,56.82,15.32,28.94,New,Digital
INV101805,11/9/2025 14:12,S017,A0017,Accessories,7,79.74,10.8,46.7,Returning,Digital
INV102625,11/9/2025 15:32,S016,A0045,Accessories,10,73.49,26.9,51.47,New,Digital
INV107480,11/9/2025 16:23,S019,SH0015,Shoes,9,197.24,22.76,124.76,Returning,Digital
INV109010,11/9/2025 17:46,S012,A0021,Accessories,6,66.74,22.82,44.36,Returning,Cash
INV103260,11/9/2025 17:52,S008,C0032,Clothing,4,62.34,26.78,41.23,Returning,Cash
INV108379,11/9/2025 17:57,S005,A0027,Accessories,6,18.04,23.46,12.89,Returning,Cash
INV104965,11/9/2025 18:31,S006,SH0024,Shoes,8,73.42,27.69,59.48,Returning,Digital
INV108786,11/9/2025 19:02,S015,C0071,Clothing,7,81.29,11.5,41.67,Returning,Digital
INV103353,11/9/2025 19:18,S011,SH0040,Shoes,8,150.72,16.46,122.6,New,Card
INV102367,11/9/2025 19:40,S004,SH0034,Shoes,6,111.96,11.17,81.87,New,Card
INV109665,11/9/2025 19:56,S018,C0069,Clothing,5,63.98,12.78,40.45,Returning,Cash
INV107289,11/9/2025 21:08,S012,C0093,Clothing,7,65.28,6.74,34.19,New,Digital
INV103766,11/9/2025 23:46,S002,C0053,Clothing,6,83.39,12.46,49.07,New,Card
INV108000,11/10/2025 0:04,S002,A0001,Accessories,8,17.19,29.29,7.72,New,Cash
INV104543,11/10/2025 0:13,S009,C0035,Clothing,4,71.5,20.49,39.69,Returning,Digital
INV101931,11/10/2025 0:47,S001,SH0009,Shoes,6,125.76,29.28,80.06,New,Card
INV106308,11/10/2025 2:22,S018,SH0008,Shoes,7,160.02,28.84,133.01,New,Card
INV108785,11/10/2025 2:47,S012,SH0015,Shoes,4,55.92,25.62,38.48,New,Card
INV101621,11/10/2025 3:35,S019,SH0013,Shoes,7,172.07,15.8,145.16,New,Digital
INV109065,11/10/2025 4:04,S017,C0098,Clothing,8,56.16,25.66,42.28,New,Cash
INV100176,11/10/2025 6:48,S011,C0018,Clothing,8,70.39,19.44,41.3,New,Card
INV105735,11/10/2025 7:38,S011,SH0006,Shoes,6,92.64,19.45,74.59,New,Cash
INV109783,11/10/2025 8:42,S017,A0035,Accessories,9,69.03,12.84,29.68,New,Card
INV108117,11/10/2025 9:07,S001,C0040,Clothing,9,113.45,18.28,86.64,Returning,Cash
INV108587,11/10/2025 10:37,S008,C0087,Clothing,10,76.41,28.27,41.82,Returning,Digital
INV106970,11/10/2025 13:03,S017,A0021,Accessories,4,59.16,8.28,25.48,Returning,Cash
INV107634,11/10/2025 16:40,S012,C0093,Clothing,6,66.42,25.79,42.65,New,Card
INV103494,11/10/2025 19:41,S009,C0083,Clothing,8,44,6.4,23.05,New,Digital
INV101436,11/10/2025 20:23,S003,SH0030,Shoes,6,94.17,26.14,55.91,New,Cash
INV104810,11/11/2025 1:31,S019,SH0008,Shoes,4,156.18,27.94,88.06,Returning,Card
INV104395,11/11/2025 1:47,S002,SH0034,Shoes,10,140.73,22.92,98.62,New,Card
INV101243,11/11/2025 3:11,S018,C0075,Clothing,7,100.04,12.79,56.97,New,Digital
INV106891,11/11/2025 3:35,S001,A0046,Accessories,4,66.62,12.67,31.34,New,Card
INV109372,11/11/2025 5:18,S002,A0029,Accessories,5,69.96,5.7,33.01,New,Card
INV102832,11/11/2025 6:28,S020,A0035,Accessories,5,77.99,23,42.15,Returning,Cash
INV103243,11/11/2025 8:59,S008,A0010,Accessories,5,35.88,26.65,17.26,Returning,Cash
INV107367,11/11/2025 10:53,S013,A0058,Accessories,4,49.17,7.05,34.74,New,Card
INV109910,11/11/2025 11:12,S018,C0026,Clothing,7,46.95,6.01,29.74,New,Cash
INV106150,11/11/2025 13:12,S011,A0036,Accessories,10,63.39,29.25,28.03,New,Cash
INV107567,11/11/2025 13:23,S007,A0043,Accessories,7,53.7,15.02,27.5,Returning,Cash
INV105345,11/11/2025 15:42,S008,A0043,Accessories,5,59.59,19.29,37.21,New,Digital
INV109181,11/11/2025 15:54,S007,C0006,Clothing,3,116.24,7.09,86.88,New,Digital
INV109927,11/11/2025 16:54,S010,A0032,Accessories,7,50.99,24.12,36.42,Returning,Card
INV108474,11/11/2025 17:42,S013,SH0021,Shoes,9,189.64,16.86,119.68,New,Digital
INV105747,11/11/2025 18:06,S011,SH0021,Shoes,7,138.33,15.71,112.68,New,Digital
INV109476,11/11/2025 19:41,S007,SH0007,Shoes,7,126.94,10.87,74.97,Returning,Cash
INV100489,11/11/2025 20:19,S002,SH0029,Shoes,8,194.65,6.4,108.02,Returning,Cash
INV108500,11/11/2025 21:24,S008,C0015,Clothing,3,85.04,27.41,56.39,Returning,Card
INV104058,11/11/2025 22:43,S012,A0025,Accessories,4,25.58,12.42,10.92,New,Cash
INV104136,11/11/2025 23:05,S019,A0013,Accessories,10,15.44,27.52,6.63,New,Cash
INV108372,11/11/2025 23:55,S014,C0033,Clothing,7,87.88,8.09,62.09,New,Cash
INV109071,11/12/2025 2:48,S018,A0019,Accessories,5,41.24,11.44,23.76,Returning,Cash
INV100514,11/12/2025 4:30,S008,A0029,Accessories,6,61.64,6.57,25.12,Returning,Card
INV104611,11/12/2025 5:56,S005,SH0017,Shoes,5,44.49,13.87,36.41,New,Cash
INV107430,11/12/2025 6:14,S001,A0044,Accessories,7,14.53,24.34,9.07,Returning,Card
INV103998,11/12/2025 6:48,S014,A0055,Accessories,5,23.72,13.72,13.24,Returning,Digital
INV106943,11/12/2025 7:45,S020,A0011,Accessories,3,29.67,20.23,13.47,Returning,Digital
INV109025,11/12/2025 8:17,S005,C0005,Clothing,8,77.82,18.1,44.52,New,Card
INV103632,11/12/2025 8:47,S020,A0044,Accessories,3,22.15,6.9,10.88,New,Digital
INV106032,11/12/2025 12:27,S019,C0076,Clothing,3,99.36,14.47,75.47,Returning,Digital
INV105397,11/12/2025 12:44,S016,SH0025,Shoes,10,111.17,5.87,72.88,New,Card
INV100272,11/12/2025 13:48,S016,C0071,Clothing,9,26.1,29.14,16.08,New,Card
INV108767,11/12/2025 16:55,S001,SH0039,Shoes,8,66.44,5.34,55.16,New,Cash
INV109681,11/12/2025 18:44,S011,SH0040,Shoes,10,138.01,19.9,89.38,New,Card
INV106651,11/12/2025 19:04,S008,C0061,Clothing,5,114.69,15.99,75.98,Returning,Cash
INV102916,11/12/2025 20:50,S014,SH0027,Shoes,4,176.91,13.35,125.34,New,Card
INV102562,11/12/2025 21:17,S019,SH0033,Shoes,7,65.63,17.46,38.12,Returning,Cash
INV106454,11/12/2025 21:39,S005,A0050,Accessories,8,37.79,8.27,18.32,New,Digital
INV101882,11/12/2025 22:17,S020,SH0005,Shoes,9,81.23,5.86,66.95,Returning,Card
INV104781,11/12/2025 22:25,S012,A0041,Accessories,4,48.46,26.37,34.67,Returning,Card
INV101117,11/12/2025 23:51,S006,A0032,Accessories,6,31.02,10.7,17.72,New,Digital
INV103603,11/13/2025 0:24,S008,C0035,Clothing,3,97.48,14.32,54.02,New,Digital
INV107079,11/13/2025 4:37,S008,C0010,Clothing,10,110.07,7.98,80.12,Returning,Cash
INV109247,11/13/2025 4:58,S008,A0009,Accessories,3,21.26,28.89,11.12,New,Card
INV100693,11/13/2025 5:30,S016,A0033,Accessories,5,52.66,25.49,29.05,New,Card
INV101566,11/13/2025 7:05,S006,C0070,Clothing,6,75.07,12.42,38.62,New,Card
INV105786,11/13/2025 7:22,S017,SH0019,Shoes,9,94.59,17.2,68.52,New,Cash
INV106811,11/13/2025 7:28,S004,SH0016,Shoes,9,54.19,15.53,30.41,New,Digital
INV109925,11/13/2025 8:51,S001,A0010,Accessories,5,11.48,12.32,6.59,New,Card
INV100888,11/13/2025 9:21,S020,A0003,Accessories,7,53.09,24.56,27.96,New,Cash
INV106732,11/13/2025 9:28,S008,A0014,Accessories,8,71.96,7.67,35.29,Returning,Cash
INV100805,11/13/2025 13:33,S020,A0008,Accessories,8,74.84,9.42,41.95,New,Digital
INV105557,11/13/2025 14:19,S005,C0060,Clothing,9,114.84,11.34,74.28,New,Card
INV106162,11/13/2025 14:49,S013,A0042,Accessories,4,50.51,18.87,36.78,New,Cash
INV101040,11/13/2025 16:26,S009,A0030,Accessories,7,32.53,5.01,21.23,Returning,Cash
INV101413,11/13/2025 17:08,S018,SH0037,Shoes,7,193.62,18.37,151.72,New,Digital
INV101277,11/13/2025 21:07,S005,SH0019,Shoes,4,160.4,18.64,100.77,Returning,Card
INV108910,11/13/2025 21:26,S002,SH0036,Shoes,9,188.7,28.5,114,Returning,Cash
INV107719,11/13/2025 21:54,S012,C0090,Clothing,9,104.78,18.2,58.71,New,Cash
INV108673,11/13/2025 22:19,S012,A0040,Accessories,5,78.44,12.84,51.35,New,Digital
INV109132,11/13/2025 22:35,S012,A0049,Accessories,7,52.01,9.42,36.76,Returning,Cash
INV104696,11/13/2025 22:56,S011,SH0008,Shoes,7,174.34,12.34,133.01,Returning,Cash
INV100445,11/13/2025 23:36,S002,C0023,Clothing,10,39.4,27.9,29.56,New,Card
INV104621,11/14/2025 0:25,S019,C0052,Clothing,7,95.48,5.33,65.54,New,Card
INV104251,11/14/2025 0:50,S009,SH0037,Shoes,5,142.45,29.3,112.93,Returning,Cash
INV101273,11/14/2025 2:15,S018,SH0006,Shoes,7,94.26,11.53,67.04,New,Cash
INV103854,11/14/2025 2:27,S002,C0093,Clothing,3,82.81,28.75,51.05,Returning,Digital
INV105799,11/14/2025 2:42,S013,C0018,Clothing,10,65.26,14.86,37.39,Returning,Digital
INV106788,11/14/2025 3:45,S014,SH0038,Shoes,10,167.82,23.89,126.14,New,Digital
INV104465,11/14/2025 3:47,S001,SH0029,Shoes,5,44.41,13.66,30.13,New,Digital
INV105618,11/14/2025 7:23,S016,A0020,Accessories,10,50.33,12.49,29.68,New,Card
INV107025,11/14/2025 7:36,S004,SH0040,Shoes,10,119.96,29.05,77.51,New,Digital
INV103295,11/14/2025 8:20,S011,C0013,Clothing,7,114.66,19.51,83.2,New,Card
INV108015,11/14/2025 10:12,S013,C0095,Clothing,4,67.61,12.17,43.19,Returning,Card
INV101746,11/14/2025 11:07,S006,A0054,Accessories,6,48.67,5.81,29.3,New,Card
INV105660,11/14/2025 11:21,S001,C0052,Clothing,3,56.95,9.49,42.61,New,Card
INV109588,11/14/2025 11:50,S014,SH0036,Shoes,5,196.4,24.12,150.41,New,Card
INV100918,11/14/2025 12:16,S014,C0035,Clothing,3,68.55,12.71,38.78,New,Digital
INV108046,11/14/2025 13:18,S001,SH0024,Shoes,3,116.1,5.09,79.82,Returning,Cash
INV109160,11/14/2025 14:29,S006,SH0003,Shoes,4,178.02,22.63,138.44,Returning,Digital
INV105831,11/14/2025 14:33,S005,C0008,Clothing,7,85.25,8.61,66.42,Returning,Card
INV100344,11/14/2025 17:30,S017,C0047,Clothing,7,59.25,8.35,45.47,New,Card
INV100894,11/14/2025 20:23,S019,A0040,Accessories,7,12.18,28.26,6.44,New,Cash
INV107816,11/14/2025 20:32,S013,A0025,Accessories,3,43.66,22.26,30.7,New,Card
INV108774,11/14/2025 22:03,S001,C0096,Clothing,10,93.36,19.51,66.55,New,Cash
INV106945,11/14/2025 22:44,S005,C0019,Clothing,6,116.24,14.04,78.61,Returning,Card
INV108155,11/14/2025 22:48,S014,SH0010,Shoes,8,173.2,20.36,102.67,New,Cash
INV107544,11/14/2025 22:49,S011,SH0024,Shoes,4,53.13,19.69,34.73,Returning,Digital
INV107935,11/14/2025 22:53,S020,A0001,Accessories,10,71.78,11.95,29.74,New,Card
INV109885,11/14/2025 23:50,S002,C0079,Clothing,5,58.85,14.54,38.18,Returning,Digital
INV108975,11/15/2025 0:01,S019,SH0033,Shoes,9,61.5,28.69,49.42,New,Cash
INV102933,11/15/2025 0:07,S007,SH0013,Shoes,4,82.86,25.11,56.03,Returning,Card
INV104496,11/15/2025 3:05,S004,SH0040,Shoes,10,144.04,16.58,86.37,Returning,Cash
INV102193,11/15/2025 7:13,S015,SH0006,Shoes,8,80.53,9.19,62.01,Returning,Card
INV105641,11/15/2025 7:15,S017,C0058,Clothing,6,87.95,13.16,56.82,New,Card
INV100907,11/15/2025 7:56,S009,A0059,Accessories,4,28.16,28.11,17.24,New,Cash
INV107785,11/15/2025 8:51,S012,A0001,Accessories,8,20.53,25.65,15,Returning,Digital
INV105954,11/15/2025 9:13,S018,A0058,Accessories,5,72.59,12.32,54.3,New,Cash
INV107884,11/15/2025 10:03,S006,C0094,Clothing,6,93.35,23.81,60.1,Returning,Card
INV109035,11/15/2025 10:29,S018,SH0014,Shoes,7,126.34,8.11,100.02,New,Cash
INV108410,11/15/2025 12:21,S004,SH0002,Shoes,9,67.23,25.03,46.08,Returning,Digital
INV102179,11/15/2025 13:11,S011,A0057,Accessories,9,19.51,16.11,9.48,New,Digital
INV104285,11/15/2025 14:20,S013,C0083,Clothing,10,42.12,5,23.29,Returning,Cash
INV107708,11/15/2025 14:35,S019,C0012,Clothing,3,84.37,12.56,60.03,Returning,Cash
INV106649,11/15/2025 15:28,S017,A0036,Accessories,4,63.19,20.96,29.62,Returning,Card
INV102736,11/15/2025 16:02,S012,A0007,Accessories,7,13.49,14.78,6.44,New,Cash
INV101180,11/15/2025 17:37,S016,A0033,Accessories,3,49.72,29.54,23.35,New,Card
INV105030,11/15/2025 17:57,S005,A0059,Accessories,9,13.74,24.84,10.23,Returning,Card
INV109704,11/15/2025 18:15,S018,A0014,Accessories,6,69.16,21.52,31.87,Returning,Cash
INV101313,11/15/2025 21:09,S003,SH0018,Shoes,9,54.96,13.62,39.31,New,Cash
INV108954,11/15/2025 21:40,S020,C0071,Clothing,4,55.88,9.96,30.28,New,Cash
INV108039,11/15/2025 21:59,S011,SH0030,Shoes,10,173.26,14.84,96.17,Returning,Cash
INV104002,11/16/2025 1:50,S006,A0045,Accessories,9,37.82,10.51,26.24,Returning,Cash
INV108621,11/16/2025 2:02,S013,A0059,Accessories,5,39.79,13.35,28.38,New,Digital
INV109883,11/16/2025 2:13,S014,A0028,Accessories,9,64.76,15.03,47.37,Returning,Cash
INV107640,11/16/2025 2:24,S002,A0053,Accessories,6,66.15,14.43,46.51,Returning,Cash
INV105785,11/16/2025 3:36,S020,C0028,Clothing,10,40.29,16.44,27.02,New,Cash
INV100195,11/16/2025 7:22,S020,A0028,Accessories,9,23,7.14,13.92,Returning,Cash
INV100877,11/16/2025 9:50,S013,C0003,Clothing,6,113.12,18.35,57.45,New,Digital
INV108857,11/16/2025 11:35,S003,SH0038,Shoes,6,159.72,22.1,130.65,New,Cash
INV103830,11/16/2025 12:22,S018,SH0013,Shoes,3,137.65,6.7,116.11,Returning,Card
INV103036,11/16/2025 13:17,S012,C0032,Clothing,8,60,16.01,31.53,New,Digital
INV104620,11/16/2025 14:09,S015,SH0025,Shoes,6,110.68,19.09,76.98,Returning,Cash
INV104555,11/16/2025 14:17,S015,A0022,Accessories,9,26.94,23.37,14.97,Returning,Card
INV102983,11/16/2025 15:36,S014,SH0039,Shoes,6,142.61,14.75,114.74,New,Card
INV103087,11/16/2025 17:18,S014,A0056,Accessories,5,75.09,27.73,52.33,Returning,Cash
INV100561,11/16/2025 17:27,S009,SH0003,Shoes,3,72.32,11.46,45.69,New,Digital
INV107006,11/16/2025 20:50,S009,SH0031,Shoes,5,179.87,24.44,125.03,Returning,Card
INV105782,11/17/2025 0:52,S012,SH0024,Shoes,7,74.3,16.03,50.4,Returning,Digital
INV107176,11/17/2025 2:42,S008,C0044,Clothing,10,92.67,21.85,73.14,New,Cash
INV107546,11/17/2025 3:12,S001,C0024,Clothing,5,62.86,6.42,46.27,Returning,Digital
INV105584,11/17/2025 4:11,S018,SH0040,Shoes,10,83.49,28.38,68.37,New,Card
INV109584,11/17/2025 5:18,S016,A0013,Accessories,9,31.02,15.98,12.58,New,Card
INV103337,11/17/2025 6:18,S018,SH0029,Shoes,3,96.16,12.05,63.31,New,Card
INV100664,11/17/2025 6:21,S020,SH0022,Shoes,7,80,9.77,61.89,New,Digital
INV107739,11/17/2025 8:46,S005,A0012,Accessories,3,45.27,18.61,24.39,New,Digital
INV106400,11/17/2025 9:32,S006,SH0015,Shoes,3,161.9,22.57,108.9,Returning,Cash
INV105542,11/17/2025 11:39,S020,SH0001,Shoes,3,132.73,19.66,77.78,New,Card
INV109553,11/17/2025 12:15,S006,A0018,Accessories,6,62.22,9.51,35.56,Returning,Digital
INV104111,11/17/2025 12:24,S011,C0096,Clothing,6,63.11,10.92,34.9,New,Digital
INV102371,11/17/2025 12:29,S017,A0057,Accessories,7,49.3,17.72,33.09,New,Card
INV103626,11/17/2025 13:39,S007,SH0003,Shoes,5,46.14,26.91,26.48,New,Card
INV105580,11/17/2025 16:10,S008,C0062,Clothing,8,32.7,19.82,19.41,New,Card
INV102889,11/17/2025 17:20,S019,SH0032,Shoes,7,91.17,13.89,53.79,Returning,Cash
INV101419,11/17/2025 20:02,S003,SH0001,Shoes,5,178.61,7.42,122.98,Returning,Card
INV101887,11/17/2025 20:30,S002,A0043,Accessories,4,48.27,14.7,33.63,Returning,Digital
INV101723,11/18/2025 0:43,S009,SH0036,Shoes,3,98.61,5.37,64.65,Returning,Cash
INV109119,11/18/2025 0:55,S011,A0004,Accessories,4,45.46,8.42,27.6,New,Cash
INV106844,11/18/2025 1:24,S018,SH0025,Shoes,9,100.49,21.29,56.88,Returning,Cash
INV109276,11/18/2025 2:36,S006,C0046,Clothing,6,48.89,6.26,36.84,New,Card
INV105479,11/18/2025 3:39,S015,A0012,Accessories,3,67.9,5.23,48.35,New,Card
INV100120,11/18/2025 3:45,S017,SH0008,Shoes,7,85.61,16.23,66.68,New,Card
INV108488,11/18/2025 4:07,S013,SH0008,Shoes,5,70.33,24.88,56.14,Returning,Cash
INV107976,11/18/2025 4:15,S019,A0024,Accessories,5,15.43,16.47,8.09,New,Cash
INV107303,11/18/2025 4:30,S010,C0040,Clothing,6,94.12,23.34,60.14,Returning,Digital
INV101960,11/18/2025 7:20,S019,C0085,Clothing,9,48.66,11.16,32.34,New,Card
INV102493,11/18/2025 7:53,S008,A0006,Accessories,5,76.96,21.65,30.98,New,Card
INV105360,11/18/2025 8:36,S014,SH0008,Shoes,5,168.45,25.9,116.84,Returning,Cash
INV101383,11/18/2025 10:34,S003,A0020,Accessories,3,63.38,11.48,28.24,New,Cash
INV101624,11/18/2025 12:52,S005,A0011,Accessories,5,31.06,24.68,12.84,New,Card
INV104592,11/18/2025 13:58,S019,C0099,Clothing,9,42.26,19.47,21.94,Returning,Digital
INV105055,11/18/2025 15:11,S007,C0016,Clothing,5,69.36,8.05,44.63,Returning,Card
INV105420,11/18/2025 16:08,S005,SH0014,Shoes,8,189.18,18.24,117.22,New,Card
INV109718,11/18/2025 20:00,S016,C0087,Clothing,3,85.38,19,48.76,New,Digital
INV107365,11/18/2025 20:49,S014,SH0004,Shoes,7,102.82,9.92,69.07,Returning,Cash
INV107680,11/18/2025 21:17,S007,C0027,Clothing,9,111.8,11.43,69.44,Returning,Digital
INV109803,11/19/2025 0:26,S007,A0019,Accessories,9,12.43,22.48,6.04,New,Digital
INV102060,11/19/2025 2:52,S013,A0016,Accessories,9,77.92,29.62,50.56,Returning,Digital
INV103785,11/19/2025 2:56,S015,C0043,Clothing,5,27.01,22.47,19.71,New,Card
INV101572,11/19/2025 3:13,S003,C0030,Clothing,9,22.2,16.71,12.41,New,Digital
INV107266,11/19/2025 4:34,S017,SH0031,Shoes,9,41.02,18.05,24.63,New,Cash
INV102742,11/19/2025 6:15,S016,SH0005,Shoes,9,118.1,12.19,72.46,New,Digital
INV102416,11/19/2025 6:29,S010,A0041,Accessories,7,31.29,23.5,16.35,Returning,Card
INV108880,11/19/2025 7:18,S019,C0049,Clothing,3,113.65,11.1,81.5,New,Cash
INV105855,11/19/2025 12:16,S017,A0053,Accessories,5,12.21,28.28,8.6,Returning,Cash
INV108753,11/19/2025 13:25,S004,SH0022,Shoes,8,86.42,22.23,50.89,Returning,Cash
INV109755,11/19/2025 14:00,S012,C0098,Clothing,9,69.82,12.98,43.74,Returning,Card
INV108835,11/19/2025 15:23,S018,C0062,Clothing,5,56.84,8.27,30.69,Returning,Cash
INV108478,11/19/2025 17:58,S010,SH0026,Shoes,5,88.63,24.33,55.2,New,Cash
INV100094,11/19/2025 22:20,S004,SH0034,Shoes,9,87.18,7.48,61.17,New,Card
INV101519,11/19/2025 22:57,S012,A0047,Accessories,8,64.05,28.67,45.83,New,Card
INV102609,11/19/2025 23:32,S008,A0038,Accessories,9,60.45,24.7,27.05,New,Card
INV105027,11/20/2025 4:59,S018,SH0023,Shoes,9,149.69,17.96,109.23,New,Digital
INV105642,11/20/2025 5:39,S017,SH0034,Shoes,4,136.37,12.08,88.89,New,Card
INV102008,11/20/2025 6:30,S007,C0051,Clothing,8,42.13,23.79,22.66,New,Cash
INV107191,11/20/2025 7:02,S020,SH0002,Shoes,10,101.14,18.41,74.93,Returning,Card
INV100387,11/20/2025 7:50,S006,SH0024,Shoes,9,70.17,14.87,57.16,Returning,Card
INV102484,11/20/2025 8:33,S010,A0015,Accessories,5,17.15,16.24,7.07,New,Cash
INV103400,11/20/2025 11:56,S014,SH0007,Shoes,9,90.89,23.83,60.66,Returning,Cash
INV106529,11/20/2025 12:38,S008,SH0038,Shoes,4,58.08,19.44,34.67,Returning,Digital
INV108408,11/20/2025 12:53,S005,C0050,Clothing,5,49.87,16.14,36.08,Returning,Digital
INV105926,11/20/2025 12:57,S004,C0061,Clothing,6,40.57,29.21,30.59,New,Digital
INV102059,11/20/2025 14:55,S003,C0029,Clothing,6,51.86,13.95,33.83,New,Cash
INV102087,11/20/2025 17:42,S010,A0023,Accessories,7,74.92,17.67,43.45,New,Digital
INV105101,11/20/2025 18:08,S018,A0024,Accessories,5,47.77,16.79,22.77,New,Digital
INV108907,11/20/2025 18:55,S009,SH0004,Shoes,5,112.76,20.71,63.27,Returning,Card
INV107278,11/20/2025 18:55,S017,C0069,Clothing,9,110.28,25.69,60.32,New,Card
INV101823,11/20/2025 18:58,S018,SH0010,Shoes,6,134.08,10.38,103.4,Returning,Card
INV102637,11/20/2025 19:31,S017,SH0035,Shoes,9,152.16,20.67,120.83,New,Card
INV109246,11/21/2025 0:02,S006,SH0007,Shoes,9,186.98,24.17,153.21,New,Card
INV101512,11/21/2025 1:28,S019,A0013,Accessories,6,57.94,22.93,35.44,Returning,Card
INV106518,11/21/2025 1:34,S014,A0059,Accessories,7,33.94,8.1,18.24,New,Card
INV109057,11/21/2025 3:18,S001,SH0037,Shoes,4,61.35,15.58,51.03,New,Digital
INV107580,11/21/2025 3:48,S015,A0018,Accessories,9,51.06,23.51,34.31,New,Cash
INV109248,11/21/2025 5:33,S014,SH0020,Shoes,5,94.54,20.68,74.37,New,Cash
INV102351,11/21/2025 6:36,S013,A0026,Accessories,10,54.18,8.38,26.16,New,Card
INV102507,11/21/2025 7:44,S017,A0009,Accessories,10,49.42,7.87,30.69,Returning,Card
INV104519,11/21/2025 8:08,S003,SH0008,Shoes,6,156.43,6.88,90.42,New,Digital
INV103991,11/21/2025 9:31,S018,C0001,Clothing,4,64.66,24.96,33.43,Returning,Cash
INV101752,11/21/2025 10:06,S016,SH0015,Shoes,10,158.11,22.52,97.63,New,Digital
INV100406,11/21/2025 10:54,S019,A0049,Accessories,8,54.33,20.21,37.44,New,Card
INV100328,11/21/2025 11:04,S006,SH0021,Shoes,4,124.06,24.66,103.85,Returning,Digital
INV102215,11/21/2025 11:27,S013,C0029,Clothing,10,71.48,23.2,46.29,Returning,Card
INV108938,11/21/2025 11:53,S010,C0067,Clothing,5,107.74,25.73,74.56,Returning,Card
INV105975,11/21/2025 12:32,S010,SH0036,Shoes,6,69.37,12.57,57.24,New,Cash
INV104668,11/21/2025 13:13,S014,SH0028,Shoes,5,91.24,16.35,64.86,Returning,Card
INV103240,11/21/2025 17:51,S019,A0032,Accessories,4,54.24,12.54,37.68,Returning,Cash
INV103419,11/21/2025 18:30,S001,A0050,Accessories,3,25.98,8.22,19.26,Returning,Cash
INV103983,11/21/2025 21:33,S008,SH0006,Shoes,3,145.83,8.86,116.26,New,Card
INV106989,11/22/2025 2:06,S001,SH0023,Shoes,8,60.67,9.69,47.72,Returning,Card
INV102206,11/22/2025 2:59,S013,SH0007,Shoes,9,43.67,29.56,36.75,New,Cash
INV104507,11/22/2025 4:13,S008,SH0009,Shoes,3,142.98,9.15,117.55,New,Card
INV102561,11/22/2025 5:39,S013,A0004,Accessories,7,69.67,25.3,47.34,Returning,Card
INV108758,11/22/2025 6:24,S011,C0004,Clothing,4,51.49,5.72,28.74,Returning,Cash
INV109440,11/22/2025 6:25,S006,A0052,Accessories,7,73.44,29.46,37.18,Returning,Card
INV100590,11/22/2025 7:41,S014,SH0010,Shoes,4,188.91,12.27,133.78,New,Card
INV100808,11/22/2025 12:07,S013,A0008,Accessories,10,34.54,15.32,23.41,New,Card
INV107621,11/22/2025 12:38,S004,C0078,Clothing,4,74.66,14.87,53.6,Returning,Digital
INV109296,11/22/2025 12:53,S003,SH0023,Shoes,6,154.14,10.4,92.51,New,Card
INV107073,11/22/2025 14:00,S015,A0022,Accessories,6,41.61,26.62,25.92,Returning,Digital
INV105157,11/22/2025 14:03,S003,SH0005,Shoes,9,51.47,15.2,35.63,Returning,Card
INV102133,11/22/2025 14:33,S019,SH0034,Shoes,10,144.99,27.36,115.96,Returning,Digital
INV101252,11/22/2025 16:43,S007,A0043,Accessories,6,24.11,14.73,15,New,Card
INV108305,11/22/2025 16:44,S013,C0005,Clothing,3,23.93,18.59,14.53,New,Digital
INV104939,11/22/2025 16:50,S010,SH0032,Shoes,5,169.97,24,117.63,New,Digital
INV107445,11/22/2025 16:57,S018,C0094,Clothing,7,43.21,12.13,22.14,New,Digital
INV102681,11/22/2025 17:42,S002,A0048,Accessories,5,51.13,29.29,20.88,Returning,Digital
INV103429,11/22/2025 18:02,S011,A0058,Accessories,7,76.1,15.41,37.01,Returning,Digital
INV100415,11/22/2025 18:05,S001,SH0027,Shoes,8,107.77,13.61,70.53,Returning,Cash
INV102448,11/22/2025 20:12,S006,C0097,Clothing,4,88.63,23.52,50.46,Returning,Digital
INV102210,11/22/2025 20:29,S009,SH0013,Shoes,10,65.26,27.82,36.49,Returning,Digital
INV109514,11/22/2025 21:27,S014,C0020,Clothing,8,112.38,9.92,59.23,New,Cash
INV105474,11/22/2025 21:41,S019,SH0015,Shoes,10,143.79,9.26,85.5,New,Card
INV101699,11/22/2025 22:21,S011,SH0008,Shoes,5,149.86,24.66,124.61,Returning,Digital
INV105191,11/22/2025 22:37,S011,C0006,Clothing,3,82.81,17.79,62.36,Returning,Cash
INV101240,11/22/2025 23:48,S018,C0080,Clothing,8,101.08,11.15,74.38,Returning,Card
INV108438,11/23/2025 0:07,S016,SH0016,Shoes,5,104.24,17.37,81.7,Returning,Card
INV105734,11/23/2025 2:14,S008,C0088,Clothing,3,95.97,19.48,60.95,New,Cash
INV104431,11/23/2025 2:59,S015,SH0012,Shoes,9,109.44,25.4,78.66,New,Card
INV103418,11/23/2025 3:23,S008,SH0038,Shoes,7,91.14,14.54,53.1,New,Digital
INV101796,11/23/2025 3:35,S009,C0024,Clothing,10,93.49,27.78,58.54,New,Digital
INV102642,11/23/2025 4:10,S007,SH0010,Shoes,5,59.22,8.02,49.75,Returning,Digital
INV102045,11/23/2025 4:34,S013,C0047,Clothing,5,115.19,12.06,91.72,Returning,Digital
INV103218,11/23/2025 4:49,S016,A0013,Accessories,6,42.55,6.19,31.01,Returning,Cash
INV102894,11/23/2025 5:37,S017,A0052,Accessories,7,71.97,8.43,52.36,Returning,Cash
INV109432,11/23/2025 6:17,S020,SH0033,Shoes,8,144.3,11.8,111.49,New,Card
INV109364,11/23/2025 6:38,S002,SH0035,Shoes,4,136.78,19.76,80.33,Returning,Digital
INV101928,11/23/2025 8:24,S003,SH0008,Shoes,8,95.26,18.62,70.46,Returning,Card
INV104960,11/23/2025 8:24,S019,A0018,Accessories,8,56.92,27.65,34.67,Returning,Card
INV107533,11/23/2025 9:19,S008,SH0001,Shoes,5,151.09,19.05,99.68,New,Cash
INV100700,11/23/2025 9:32,S019,SH0025,Shoes,4,133.77,7.73,103.03,Returning,Cash
INV104809,11/23/2025 10:51,S004,SH0027,Shoes,7,113.49,27.55,82.65,New,Digital
INV105910,11/23/2025 11:08,S003,SH0003,Shoes,8,46.35,19.91,31.85,New,Cash
INV103846,11/23/2025 12:28,S015,SH0005,Shoes,8,86.76,26.23,63.04,Returning,Cash
INV106618,11/23/2025 13:00,S020,A0026,Accessories,6,36.74,19.4,22.69,Returning,Card
INV106412,11/23/2025 13:32,S009,SH0027,Shoes,10,108.17,10.02,76.71,New,Card
INV109619,11/23/2025 13:53,S013,SH0039,Shoes,3,194.16,25.46,131.01,Returning,Digital
INV103154,11/23/2025 15:24,S012,C0024,Clothing,8,61.32,25.37,47.08,Returning,Card
INV106275,11/23/2025 16:21,S005,SH0013,Shoes,9,172.69,27.51,133.89,New,Digital
INV100882,11/23/2025 17:32,S007,C0045,Clothing,10,110.04,11.99,78.31,New,Digital
INV104166,11/23/2025 17:57,S012,A0050,Accessories,6,45.52,16.04,20.8,Returning,Card
INV109022,11/23/2025 18:51,S009,A0035,Accessories,4,45.92,20.39,25.87,New,Cash
INV107858,11/23/2025 21:40,S012,SH0034,Shoes,10,84.54,18.75,58.29,Returning,Cash
INV104512,11/23/2025 22:50,S011,C0060,Clothing,4,20.31,25.8,13.27,Returning,Card
INV103321,11/23/2025 23:06,S008,C0100,Clothing,5,71.12,19.12,49.81,Returning,Cash
INV109702,11/23/2025 23:43,S006,A0052,Accessories,4,39.2,10.33,19.89,Returning,Cash
INV104911,11/24/2025 0:44,S019,SH0020,Shoes,8,59.98,25.13,34.72,New,Cash
INV108497,11/24/2025 1:32,S013,A0016,Accessories,3,27.6,23.08,12.18,Returning,Cash
INV101732,11/24/2025 3:08,S019,C0058,Clothing,4,110.76,8.35,66.33,Returning,Digital
INV102339,11/24/2025 3:54,S007,SH0014,Shoes,4,135.98,18.45,94.6,New,Card
INV106656,11/24/2025 5:55,S019,C0074,Clothing,6,84.89,6.32,48.91,New,Cash
INV106309,11/24/2025 7:36,S011,SH0001,Shoes,4,92.13,22.96,63.5,Returning,Cash
INV108436,11/24/2025 7:57,S001,C0091,Clothing,6,72.99,28.57,36.73,Returning,Cash
INV105059,11/24/2025 8:38,S002,A0017,Accessories,6,75.38,15.64,39.97,New,Card
INV105974,11/24/2025 13:33,S019,C0051,Clothing,8,41.46,15.42,24.78,Returning,Card
INV105722,11/24/2025 16:01,S015,SH0015,Shoes,5,95.43,23.16,63.26,New,Digital
INV100297,11/24/2025 16:38,S016,A0028,Accessories,8,72.16,29.9,54.01,Returning,Cash
INV109845,11/24/2025 20:02,S002,C0031,Clothing,8,42.65,21.3,32.23,Returning,Card
INV101336,11/24/2025 20:04,S002,C0037,Clothing,10,54.68,29.06,37.61,Returning,Cash
INV109898,11/24/2025 20:10,S009,C0062,Clothing,8,37.41,6.25,29.46,Returning,Card
INV100320,11/24/2025 20:13,S006,C0080,Clothing,5,91.44,29.53,64.56,Returning,Digital
INV103666,11/24/2025 20:40,S012,SH0033,Shoes,4,154.16,7.68,125.51,New,Card
INV105110,11/24/2025 21:43,S011,C0052,Clothing,5,55.36,6.77,40.24,Returning,Cash
INV106682,11/24/2025 21:47,S019,A0015,Accessories,9,18.81,13.48,13.63,Returning,Digital
INV104659,11/25/2025 0:15,S006,C0078,Clothing,4,117.79,18.54,85.03,New,Cash
INV102958,11/25/2025 1:08,S010,C0086,Clothing,8,40.56,28.93,20.33,Returning,Digital
INV102455,11/25/2025 1:27,S005,C0079,Clothing,5,71.39,18.64,48.69,Returning,Digital
INV103393,11/25/2025 3:45,S006,SH0001,Shoes,10,40.87,18.84,27.98,Returning,Card
INV108427,11/25/2025 3:56,S001,C0010,Clothing,5,49.55,27.35,32.86,New,Cash
INV105858,11/25/2025 5:27,S008,A0027,Accessories,10,18.52,8.21,11.72,Returning,Digital
INV101318,11/25/2025 5:55,S002,SH0013,Shoes,9,179.49,20.67,149.84,Returning,Cash
INV103285,11/25/2025 7:06,S009,C0041,Clothing,4,106.58,11.45,56.91,New,Cash
INV103946,11/25/2025 8:45,S005,A0010,Accessories,5,22.68,21.99,9.86,New,Digital
INV108250,11/25/2025 10:23,S002,C0068,Clothing,10,77.26,13.56,57.39,New,Digital
INV105614,11/25/2025 11:08,S001,SH0037,Shoes,10,139.03,8.08,112.38,New,Card
INV102106,11/25/2025 11:28,S001,A0012,Accessories,8,52.45,12.32,22.15,Returning,Digital
INV109088,11/25/2025 11:41,S018,A0002,Accessories,4,37.93,8.5,27.4,New,Digital
INV101958,11/25/2025 12:27,S019,A0043,Accessories,9,26.33,8.18,12.45,Returning,Digital
INV100045,11/25/2025 13:16,S003,C0061,Clothing,8,21.94,10.61,14.52,New,Cash
INV107514,11/25/2025 16:04,S010,A0011,Accessories,4,70.89,24.02,42.35,New,Digital
INV105749,11/25/2025 16:37,S016,A0043,Accessories,7,47.44,7.63,28.48,New,Card
INV107346,11/25/2025 16:57,S006,A0045,Accessories,3,56,18.02,30.82,New,Card
INV101759,11/25/2025 17:18,S010,C0080,Clothing,6,39.36,26.88,28.84,New,Card
INV104524,11/25/2025 18:06,S008,A0016,Accessories,7,63.38,13.56,29.04,Returning,Card
INV108439,11/25/2025 19:12,S016,C0083,Clothing,5,64.09,20.06,49.93,Returning,Digital
INV102180,11/25/2025 19:31,S010,A0017,Accessories,8,64.85,20.33,47.87,New,Card
INV105940,11/25/2025 19:51,S004,C0054,Clothing,3,29.14,27.84,14.91,Returning,Card
INV103806,11/25/2025 20:50,S010,C0022,Clothing,5,92.42,18.08,46.75,Returning,Card
INV102558,11/25/2025 21:33,S016,C0099,Clothing,6,91.73,22.07,68.68,New,Digital
INV101590,11/25/2025 21:44,S006,A0015,Accessories,5,40.51,21.14,22.77,Returning,Digital
INV107853,11/25/2025 21:47,S005,SH0020,Shoes,4,184.88,29.45,154.19,New,Card
INV103261,11/25/2025 21:57,S003,SH0031,Shoes,10,127.07,11.15,73.48,Returning,Digital
INV106761,11/25/2025 22:11,S013,A0014,Accessories,6,60.98,21.4,33.56,Returning,Card
INV109232,11/25/2025 22:26,S020,A0060,Accessories,7,65.81,21.25,32.02,Returning,Card
INV100697,11/25/2025 23:22,S014,SH0032,Shoes,3,141.6,21.27,93.52,New,Cash
INV103774,11/26/2025 0:13,S014,A0047,Accessories,8,46.55,5.97,26.04,New,Card
INV108189,11/26/2025 1:02,S004,A0027,Accessories,4,21.01,22.25,11.99,New,Cash
INV107765,11/26/2025 1:03,S005,SH0030,Shoes,8,64.84,27.41,53.57,New,Cash
INV104761,11/26/2025 2:51,S008,SH0027,Shoes,3,141,19.04,81.78,New,Card
INV104073,11/26/2025 3:39,S002,C0091,Clothing,7,76.44,6.77,60.46,New,Card
INV107734,11/26/2025 4:16,S011,A0047,Accessories,8,43.76,18.55,26.65,New,Cash
INV106473,11/26/2025 4:40,S010,C0044,Clothing,7,87.86,24.95,58.99,New,Digital
INV105693,11/26/2025 5:35,S007,A0021,Accessories,3,54.94,24.74,30.32,Returning,Card
INV108166,11/26/2025 6:20,S002,C0096,Clothing,5,118.56,26.86,70.79,Returning,Card
INV102161,11/26/2025 9:11,S011,C0094,Clothing,5,76.2,18.86,46.87,New,Card
INV105717,11/26/2025 12:15,S018,SH0038,Shoes,9,187.65,20.47,129.27,Returning,Card
INV100622,11/26/2025 12:30,S015,SH0039,Shoes,10,61.25,24.04,36.23,New,Digital
INV101428,11/26/2025 12:56,S013,C0082,Clothing,7,38.43,6.35,24.04,Returning,Digital
INV103572,11/26/2025 13:55,S017,A0058,Accessories,4,75.61,24.46,35.38,Returning,Digital
INV103694,11/26/2025 14:08,S014,C0022,Clothing,8,43.8,15.49,33.44,New,Cash
INV108914,11/26/2025 14:15,S015,SH0025,Shoes,6,60.7,13.74,42.21,Returning,Card
INV107313,11/26/2025 14:55,S008,SH0023,Shoes,6,105.73,22.87,62.08,New,Cash
INV101084,11/26/2025 15:12,S013,SH0003,Shoes,6,115.03,5.95,67.04,New,Cash
INV105425,11/26/2025 15:18,S014,SH0023,Shoes,10,57.75,25.67,42.62,Returning,Cash
INV108323,11/26/2025 15:39,S013,A0013,Accessories,4,60.29,22.83,27.27,New,Digital
INV105437,11/26/2025 16:31,S012,C0099,Clothing,8,22.69,11.78,15.21,New,Card
INV101457,11/26/2025 16:57,S003,SH0008,Shoes,10,115.6,24.54,98.09,Returning,Cash
INV102858,11/26/2025 19:01,S001,C0026,Clothing,3,21.38,24.86,16.69,Returning,Cash
INV106956,11/26/2025 20:15,S001,C0076,Clothing,8,100.79,17.19,53.76,Returning,Card
INV108199,11/26/2025 20:27,S013,SH0027,Shoes,4,192.73,10.34,117.51,New,Card
INV106245,11/26/2025 21:03,S013,A0012,Accessories,10,40.17,12.42,25.3,New,Card
INV108584,11/26/2025 22:11,S008,C0059,Clothing,6,48.78,29.39,31.43,Returning,Card
INV104862,11/26/2025 23:38,S006,C0064,Clothing,5,67.24,12.63,43.33,Returning,Cash
INV104849,11/27/2025 1:05,S014,SH0002,Shoes,5,80.2,18.22,46.11,Returning,Card
INV106209,11/27/2025 2:33,S007,A0048,Accessories,3,15.94,5.6,11.53,New,Cash
INV104515,11/27/2025 3:06,S016,C0096,Clothing,8,33.63,22.25,19.12,Returning,Cash
INV104039,11/27/2025 4:10,S017,C0022,Clothing,3,119.55,22.91,94.59,New,Card
INV109340,11/27/2025 6:14,S007,A0043,Accessories,6,43.24,29.98,19.69,New,Card
INV108722,11/27/2025 11:02,S016,A0020,Accessories,7,56.26,5.31,22.62,New,Cash
INV102606,11/27/2025 11:24,S006,SH0029,Shoes,9,80.78,7.66,44.6,Returning,Digital
INV103110,11/27/2025 12:55,S002,SH0031,Shoes,9,191.33,7.35,118.61,New,Digital
INV107353,11/27/2025 14:10,S013,SH0019,Shoes,9,46.82,16.71,27.46,Returning,Digital
INV103357,11/27/2025 15:03,S014,SH0038,Shoes,5,198.56,23.38,159.33,Returning,Cash
INV101149,11/27/2025 15:34,S012,A0043,Accessories,5,73.13,13.02,47.84,Returning,Cash
INV100564,11/27/2025 18:47,S009,SH0016,Shoes,4,189.68,9.38,116.73,Returning,Card
INV109860,11/27/2025 19:23,S019,SH0030,Shoes,6,63.26,11.23,42.16,New,Card
INV102769,11/27/2025 21:10,S006,C0039,Clothing,8,103.22,12.1,61.96,New,Cash
INV104709,11/27/2025 21:29,S019,C0045,Clothing,4,95.15,19.57,49.78,Returning,Digital
INV107889,11/27/2025 22:26,S019,A0053,Accessories,3,36.17,10.84,25.62,Returning,Digital
INV104729,11/27/2025 22:36,S003,SH0014,Shoes,8,158.43,19.93,117.07,New,Digital
INV106076,11/28/2025 0:55,S017,SH0012,Shoes,9,167.31,25,120.26,New,Card
INV107738,11/28/2025 3:18,S013,C0035,Clothing,9,103.76,17.66,81.17,Returning,Card
INV103227,11/28/2025 4:07,S008,SH0037,Shoes,10,67.3,7.59,38.72,New,Card
INV106090,11/28/2025 4:44,S002,A0060,Accessories,10,47.41,8.32,23.17,Returning,Cash
INV109481,11/28/2025 5:49,S008,A0011,Accessories,8,47.4,14.93,33.34,New,Digital
INV106372,11/28/2025 6:40,S003,C0039,Clothing,4,88.01,20.31,68.65,New,Digital
INV104578,11/28/2025 7:09,S001,C0097,Clothing,3,110.46,15,88.21,New,Cash
INV109454,11/28/2025 7:28,S013,A0046,Accessories,8,56.69,5.62,39.47,New,Digital
INV100605,11/28/2025 8:57,S015,SH0033,Shoes,3,136.69,28.17,79.45,Returning,Cash
INV105436,11/28/2025 8:58,S004,C0062,Clothing,4,23.72,24.65,13.03,Returning,Cash
INV107437,11/28/2025 10:05,S005,SH0039,Shoes,8,41.25,8,27.61,New,Cash
INV107867,11/28/2025 11:27,S016,SH0020,Shoes,9,126.58,23.56,78.8,New,Cash
INV107009,11/28/2025 13:56,S005,SH0026,Shoes,10,131.5,19.37,92.84,Returning,Cash
INV103608,11/28/2025 15:08,S017,C0049,Clothing,8,84.06,16.17,65.76,New,Card
INV108132,11/28/2025 15:51,S007,A0044,Accessories,7,56.21,16.61,24.13,New,Digital
INV101357,11/28/2025 16:33,S008,A0025,Accessories,10,51.05,8.6,38.2,Returning,Card
INV107419,11/28/2025 16:40,S014,C0079,Clothing,3,91.35,20.11,50.37,Returning,Digital
INV108896,11/28/2025 16:52,S007,C0075,Clothing,8,75.25,6.05,37.87,Returning,Card
INV101426,11/28/2025 19:27,S010,A0027,Accessories,7,13.5,9.05,9.13,Returning,Card
INV107423,11/28/2025 20:33,S005,A0060,Accessories,6,54.08,18.05,38.82,New,Card
INV106466,11/28/2025 22:44,S010,SH0027,Shoes,10,140.83,10.88,118.12,Returning,Cash
INV104782,11/29/2025 1:47,S014,A0037,Accessories,6,19.45,20.48,12.9,Returning,Card
INV100334,11/29/2025 2:36,S001,C0034,Clothing,9,60.76,15.83,38.6,Returning,Digital
INV107961,11/29/2025 3:52,S017,C0077,Clothing,4,107.78,22.14,55.4,Returning,Card
INV104904,11/29/2025 4:16,S010,A0020,Accessories,7,11.09,28.14,7.31,Returning,Card
INV107800,11/29/2025 4:58,S011,C0035,Clothing,7,55.45,22.92,34.13,New,Cash
INV102973,11/29/2025 5:16,S013,SH0013,Shoes,4,199.62,8.51,111.33,Returning,Cash
INV106430,11/29/2025 5:32,S016,C0052,Clothing,4,102.18,24.09,51.45,Returning,Card
INV105866,11/29/2025 13:27,S014,SH0010,Shoes,9,73.9,17.07,60.44,Returning,Card
INV108541,11/29/2025 14:51,S016,SH0024,Shoes,5,124.06,20.64,103.89,New,Cash
INV106188,11/29/2025 15:56,S005,SH0039,Shoes,7,46.42,9.08,26.29,Returning,Digital
INV107222,11/29/2025 19:34,S004,A0060,Accessories,4,47.83,29.88,30.44,Returning,Card
INV106918,11/30/2025 1:16,S012,SH0034,Shoes,6,105.62,18.7,71.66,Returning,Digital
INV100366,11/30/2025 2:32,S013,A0008,Accessories,7,66.21,22.35,48.65,Returning,Cash
INV102508,11/30/2025 7:39,S002,C0089,Clothing,8,51.29,8.59,37.02,Returning,Digital
INV107612,11/30/2025 9:38,S007,SH0012,Shoes,10,157.5,19.44,130.13,Returning,Card
INV101346,11/30/2025 10:01,S007,A0049,Accessories,7,44.14,10.61,28.16,Returning,Digital
INV102064,11/30/2025 10:17,S007,C0064,Clothing,6,107.74,23.24,66.82,New,Card
INV107307,11/30/2025 11:05,S013,A0050,Accessories,10,50.52,9.86,36.23,Returning,Card
INV104072,11/30/2025 15:22,S008,C0047,Clothing,6,40.39,14.41,22.39,New,Cash
INV108281,11/30/2025 16:44,S013,A0058,Accessories,7,20.1,18.44,13.53,New,Cash
INV100533,11/30/2025 19:44,S003,SH0035,Shoes,4,154.01,15.43,117.15,New,Cash
INV101995,11/30/2025 20:45,S004,SH0015,Shoes,4,114.35,21.69,82.97,New,Digital
INV102042,11/30/2025 20:45,S013,A0045,Accessories,8,17.2,17.9,7.44,Returning,Digital
INV108974,11/30/2025 21:38,S007,A0040,Accessories,8,57.5,25.05,42.16,Returning,Digital
INV103100,12/1/2025 0:12,S017,A0023,Accessories,7,37.61,27.88,23.99,Returning,Card
INV102000,12/1/2025 2:19,S007,SH0004,Shoes,3,62.4,17.8,38.44,Returning,Digital
INV106738,12/1/2025 2:24,S007,A0002,Accessories,5,23.47,11.34,12.75,New,Card
INV109217,12/1/2025 3:22,S019,SH0040,Shoes,3,62.28,16.06,36.22,New,Card
INV107386,12/1/2025 4:27,S008,C0026,Clothing,3,48,14.62,24.84,New,Card
INV102096,12/1/2025 8:55,S014,A0023,Accessories,7,22.93,8.72,12.87,Returning,Cash
INV105413,12/1/2025 9:43,S013,C0090,Clothing,10,23.36,25.84,14.75,Returning,Digital
INV107556,12/1/2025 9:56,S015,C0031,Clothing,4,36.04,11.11,20.31,New,Digital
INV102379,12/1/2025 11:54,S013,A0055,Accessories,5,33.07,26.64,20.88,Returning,Digital
INV103755,12/1/2025 12:09,S002,SH0002,Shoes,7,163.43,27.98,132.14,New,Card
INV106580,12/1/2025 15:21,S014,A0017,Accessories,6,60.02,10.3,27.93,New,Card
INV100485,12/1/2025 16:45,S001,A0031,Accessories,4,40.52,18.5,28.18,Returning,Digital
INV106700,12/1/2025 17:03,S004,C0091,Clothing,10,103.17,14.55,65.06,Returning,Card
INV101557,12/1/2025 18:48,S011,SH0026,Shoes,9,95.79,11.2,60.78,Returning,Card
INV105829,12/2/2025 0:17,S002,A0012,Accessories,10,17.12,27.24,8.04,New,Digital
INV109396,12/2/2025 1:43,S013,A0029,Accessories,5,70.66,12.8,30.59,Returning,Cash
INV101482,12/2/2025 2:20,S019,A0014,Accessories,8,70.4,29.17,51.09,Returning,Card
INV107070,12/2/2025 2:29,S005,SH0030,Shoes,9,56.33,11.48,41.76,Returning,Digital
INV105726,12/2/2025 2:48,S005,SH0031,Shoes,5,74.24,5.56,42.39,Returning,Cash
INV108878,12/2/2025 3:08,S002,SH0006,Shoes,10,123.1,19.13,92.39,Returning,Card
INV103242,12/2/2025 3:14,S006,C0030,Clothing,9,105.79,20.07,70.21,New,Card
INV107394,12/2/2025 3:27,S016,C0028,Clothing,6,108.61,10.51,61.79,New,Card
INV104643,12/2/2025 3:28,S013,A0020,Accessories,7,37.74,29.77,22.22,Returning,Digital
INV102906,12/2/2025 4:04,S019,C0083,Clothing,6,29.82,20.91,22.82,New,Card
INV102518,12/2/2025 5:39,S014,SH0004,Shoes,4,128.97,19.46,95.88,Returning,Card
INV102531,12/2/2025 6:35,S008,A0013,Accessories,6,37.75,8.63,22.53,New,Cash
INV101246,12/2/2025 7:05,S001,C0024,Clothing,4,84.85,20.77,56.91,Returning,Cash
INV107095,12/2/2025 8:07,S012,A0002,Accessories,3,60.82,6.72,35.79,New,Card
INV104160,12/2/2025 9:03,S013,C0023,Clothing,10,47.97,5.8,38.05,Returning,Cash
INV102611,12/2/2025 9:22,S014,A0011,Accessories,3,16.23,26.06,7.29,New,Digital
INV107737,12/2/2025 10:41,S014,C0020,Clothing,6,37.22,24.75,25,Returning,Card
INV100085,12/2/2025 10:58,S004,C0083,Clothing,7,26.32,21.23,19.67,New,Cash
INV100215,12/2/2025 11:00,S016,C0025,Clothing,10,101.52,15.23,80.11,Returning,Digital
INV108266,12/2/2025 11:04,S009,SH0012,Shoes,4,162.5,18.43,133.81,New,Digital
INV103554,12/2/2025 11:49,S007,A0036,Accessories,6,21.53,20.34,9.47,Returning,Digital
INV103453,12/2/2025 15:59,S006,SH0012,Shoes,8,49.49,27.04,37.96,New,Cash
INV100273,12/2/2025 16:36,S015,SH0037,Shoes,4,148.41,28.73,109.24,New,Cash
INV109093,12/2/2025 16:42,S013,C0074,Clothing,9,30.61,8.21,22.67,New,Digital
INV100509,12/2/2025 16:58,S012,A0057,Accessories,10,13.61,20.48,7.27,Returning,Cash
INV107088,12/2/2025 17:24,S015,C0089,Clothing,10,28.21,7.45,15.45,Returning,Card
INV102428,12/2/2025 19:32,S015,SH0007,Shoes,6,127.38,29.23,99.37,Returning,Digital
INV103048,12/2/2025 21:02,S013,A0034,Accessories,4,13.62,24.49,5.52,New,Card
INV100885,12/2/2025 21:19,S009,SH0023,Shoes,8,189.96,28.07,156.34,New,Cash
INV104222,12/2/2025 21:23,S007,C0026,Clothing,6,28.67,6.93,17.44,Returning,Card
INV104416,12/2/2025 21:44,S010,SH0030,Shoes,6,98.92,11.35,72.99,New,Digital
INV102834,12/2/2025 22:13,S016,SH0022,Shoes,3,180.14,13.4,108.34,Returning,Cash
INV105856,12/2/2025 23:42,S012,SH0036,Shoes,6,122.68,21.69,73.53,Returning,Cash
INV109097,12/3/2025 0:38,S009,C0045,Clothing,9,103.41,10.8,62.38,New,Digital
INV102865,12/3/2025 2:03,S003,SH0028,Shoes,9,113.24,12.24,67.42,Returning,Digital
INV101971,12/3/2025 3:25,S002,A0038,Accessories,4,55.81,24.29,33.85,Returning,Digital
INV109266,12/3/2025 3:46,S009,SH0020,Shoes,6,71.84,21.35,54.79,New,Card
INV108618,12/3/2025 4:04,S002,C0065,Clothing,5,60.16,24.87,42.15,New,Card
INV103583,12/3/2025 5:33,S019,SH0016,Shoes,8,111.08,27.64,82.21,New,Cash
INV105143,12/3/2025 6:15,S005,SH0033,Shoes,8,178.32,14.03,150.22,Returning,Card
INV103869,12/3/2025 6:16,S002,SH0038,Shoes,7,95.85,5.36,71.52,New,Digital
INV101087,12/3/2025 7:11,S008,C0043,Clothing,10,85.8,6.73,54.2,Returning,Digital
INV105463,12/3/2025 8:33,S019,A0054,Accessories,3,29.68,26.93,16.46,New,Cash
INV103038,12/3/2025 8:37,S011,A0013,Accessories,7,56.96,23.51,37.63,Returning,Card
INV109319,12/3/2025 8:43,S018,A0040,Accessories,5,26.98,9.56,11.21,New,Digital
INV103335,12/3/2025 9:55,S003,A0048,Accessories,10,54.04,5.48,22.6,Returning,Card
INV101742,12/3/2025 10:38,S011,A0028,Accessories,8,76.61,9.8,51.46,Returning,Card
INV100097,12/3/2025 10:42,S002,A0023,Accessories,9,71.15,26.7,51.9,Returning,Digital
INV105982,12/3/2025 12:47,S020,SH0008,Shoes,4,90.69,9.84,58.68,Returning,Digital
INV109604,12/3/2025 14:03,S001,C0068,Clothing,10,82.31,7.71,60.57,Returning,Cash
INV105235,12/3/2025 14:27,S020,SH0012,Shoes,4,107.63,5.64,68.92,Returning,Digital
INV100180,12/3/2025 14:54,S020,C0069,Clothing,7,92.46,14.43,51.51,New,Cash
INV105082,12/3/2025 18:42,S006,SH0034,Shoes,8,194.78,8.91,152.44,New,Digital
INV101362,12/3/2025 20:17,S020,C0049,Clothing,3,35.48,13.14,23.82,New,Digital
INV109960,12/3/2025 20:20,S019,SH0020,Shoes,8,75.08,17.81,43.74,New,Digital
INV101481,12/3/2025 21:11,S019,C0086,Clothing,8,33.52,24.62,21.16,Returning,Cash
INV109373,12/3/2025 21:18,S007,C0086,Clothing,3,73.59,17.07,54.01,Returning,Digital
INV104262,12/3/2025 21:29,S001,A0008,Accessories,4,22.13,19.97,16.31,New,Cash
INV101516,12/3/2025 21:38,S005,SH0025,Shoes,8,82.19,25.12,50.16,Returning,Card
INV105266,12/3/2025 22:24,S018,SH0003,Shoes,10,81.23,21.3,64.53,New,Card
INV100262,12/3/2025 22:56,S010,SH0023,Shoes,5,75.72,14.46,55.02,New,Cash
INV103538,12/3/2025 23:21,S002,C0029,Clothing,9,85.75,16.08,43.63,New,Card
INV103222,12/3/2025 23:22,S015,A0008,Accessories,6,14.74,19.6,8.18,New,Card
INV109350,12/3/2025 23:45,S016,C0007,Clothing,5,98.53,23.18,77.67,Returning,Digital
INV106646,12/4/2025 0:28,S019,SH0030,Shoes,9,93.81,8.02,60.42,New,Cash
INV103804,12/4/2025 0:31,S019,A0017,Accessories,3,31.87,12.02,22.74,Returning,Digital
INV106913,12/4/2025 0:53,S002,C0039,Clothing,3,92.36,18.99,51.14,New,Cash
INV103871,12/4/2025 0:55,S019,SH0019,Shoes,8,148.54,27.1,89.07,Returning,Cash
INV106562,12/4/2025 2:39,S019,C0093,Clothing,3,96.09,14.96,61.03,New,Card
INV108402,12/4/2025 2:44,S003,C0041,Clothing,10,39.66,24.99,25.7,New,Card
INV102127,12/4/2025 2:51,S010,A0050,Accessories,4,16.77,14.36,8.46,New,Cash
INV104033,12/4/2025 2:53,S019,SH0019,Shoes,7,121.4,13.9,88.09,Returning,Digital
INV105170,12/4/2025 6:48,S008,SH0018,Shoes,5,124.11,16.67,95.82,Returning,Cash
INV104092,12/4/2025 7:44,S019,SH0029,Shoes,5,57.8,16.64,35.22,New,Digital
INV104760,12/4/2025 8:27,S019,SH0011,Shoes,3,47.13,23.22,36.25,New,Card
INV104271,12/4/2025 9:00,S016,C0072,Clothing,6,54.87,21.86,38.39,Returning,Digital
INV101499,12/4/2025 13:06,S003,C0065,Clothing,8,63.65,18.76,42.05,Returning,Digital
INV102708,12/4/2025 13:49,S018,A0026,Accessories,5,27.39,23.48,19.41,New,Card
INV105002,12/4/2025 14:48,S015,SH0013,Shoes,7,40.81,26.03,27.42,Returning,Card
INV105023,12/4/2025 15:00,S010,SH0029,Shoes,8,116.17,21.69,93.92,New,Card
INV102389,12/4/2025 15:43,S014,A0041,Accessories,8,27.15,29.24,20.29,New,Digital
INV104123,12/4/2025 17:20,S007,C0019,Clothing,8,79.47,14.97,41.86,New,Card
INV109906,12/4/2025 20:26,S016,A0011,Accessories,5,39.44,6.3,22.19,Returning,Cash
INV103390,12/4/2025 21:32,S018,A0010,Accessories,10,71.19,29.4,51.57,New,Card
INV105879,12/4/2025 21:34,S003,C0021,Clothing,7,64.48,9.91,32.91,Returning,Cash
INV102398,12/4/2025 22:09,S014,SH0018,Shoes,10,192.72,9.21,161.14,New,Digital
INV102239,12/4/2025 22:36,S019,SH0033,Shoes,8,50.35,6.71,34.99,Returning,Card
INV102461,12/4/2025 23:03,S020,A0004,Accessories,8,29.95,23.3,14.34,Returning,Card
INV101827,12/5/2025 2:13,S018,C0003,Clothing,10,40.41,13.03,30.04,Returning,Cash
INV105560,12/5/2025 4:31,S004,SH0012,Shoes,7,195.98,11.87,108.34,Returning,Digital
INV102539,12/5/2025 4:31,S005,C0029,Clothing,10,116.87,27.68,71.63,New,Digital
INV102243,12/5/2025 5:09,S008,C0075,Clothing,3,46.56,17.17,31.84,Returning,Cash
INV105218,12/5/2025 5:22,S008,C0014,Clothing,7,32.02,14.53,24.75,New,Cash
INV103405,12/5/2025 7:01,S014,C0036,Clothing,8,63.06,25.91,35.79,New,Digital
INV106522,12/5/2025 12:21,S010,C0081,Clothing,6,40.45,14.33,29.24,New,Card
INV104467,12/5/2025 13:07,S014,C0067,Clothing,6,107.15,5.15,75.59,New,Digital
INV100385,12/5/2025 13:33,S015,SH0035,Shoes,6,89.55,25.12,58.58,Returning,Card
INV109020,12/5/2025 14:52,S012,C0065,Clothing,7,62.36,27.53,47.83,New,Card
INV103616,12/5/2025 15:35,S009,C0008,Clothing,5,80.16,18.74,46.15,New,Card
INV106808,12/5/2025 15:55,S016,C0057,Clothing,5,97.98,12,75.38,New,Cash
INV106821,12/5/2025 17:25,S006,SH0001,Shoes,4,58.51,5.42,47.79,New,Cash
INV108779,12/5/2025 18:41,S011,SH0005,Shoes,7,76.29,5.96,59.12,New,Card
INV108837,12/5/2025 19:20,S001,A0054,Accessories,5,73.28,8.58,49.29,Returning,Card
INV105165,12/5/2025 21:31,S017,A0040,Accessories,4,75.91,17.52,48.84,Returning,Cash
INV104477,12/5/2025 21:44,S006,SH0028,Shoes,7,140.59,29.45,80.46,Returning,Digital
INV100396,12/5/2025 22:34,S015,C0017,Clothing,8,68.78,25.14,40.93,New,Cash
INV108848,12/5/2025 22:37,S006,C0048,Clothing,9,39.78,23.95,23.56,Returning,Card
INV108719,12/5/2025 23:01,S015,SH0031,Shoes,8,68.41,17.54,51.26,Returning,Card
INV103212,12/6/2025 2:09,S003,SH0018,Shoes,9,122.43,27.56,83.66,New,Digital
INV101597,12/6/2025 3:39,S010,SH0028,Shoes,6,169.39,9.58,102.26,New,Cash
INV108417,12/6/2025 4:34,S013,C0048,Clothing,8,94.59,27.17,75.35,New,Card
INV104702,12/6/2025 6:14,S018,SH0039,Shoes,4,92.03,13.37,73.97,New,Cash
INV104235,12/6/2025 6:41,S013,C0077,Clothing,3,80.41,24.69,51.2,Returning,Card
INV107633,12/6/2025 7:15,S018,C0021,Clothing,4,63.87,5.26,42.45,Returning,Digital
INV109571,12/6/2025 9:50,S020,SH0037,Shoes,5,192.21,24.12,147.85,Returning,Cash
INV105517,12/6/2025 9:54,S020,A0058,Accessories,10,58.18,25.35,27.44,Returning,Digital
INV107534,12/6/2025 11:17,S019,C0030,Clothing,6,101.57,14.34,73.14,Returning,Card
INV105481,12/6/2025 13:04,S015,SH0020,Shoes,8,103.44,29.06,84.87,Returning,Cash
INV103537,12/6/2025 13:08,S004,C0005,Clothing,7,51.23,14.45,38.43,Returning,Cash
INV107619,12/6/2025 16:03,S003,SH0027,Shoes,3,92.49,12.16,60.26,Returning,Digital
INV103115,12/6/2025 17:53,S016,SH0010,Shoes,4,174.56,9.16,126.74,Returning,Digital
INV109920,12/6/2025 19:06,S003,SH0001,Shoes,5,89.31,10.43,49.12,New,Digital
INV104295,12/6/2025 19:56,S017,C0094,Clothing,3,53.73,27.78,42.17,Returning,Cash
INV102485,12/6/2025 20:45,S015,A0005,Accessories,5,47.58,12.11,29.62,Returning,Card
INV101321,12/6/2025 22:59,S007,C0099,Clothing,7,97.77,6.68,49.55,New,Cash
INV103228,12/7/2025 1:53,S017,A0034,Accessories,7,25.1,22.09,13.62,New,Card
INV101540,12/7/2025 4:45,S006,SH0012,Shoes,9,68.58,6.43,57.44,Returning,Cash
INV106403,12/7/2025 5:25,S014,C0004,Clothing,10,87.31,23.6,65.4,New,Digital
INV101226,12/7/2025 6:09,S002,SH0033,Shoes,6,83.75,15.87,55.88,Returning,Digital
INV107717,12/7/2025 7:07,S017,A0057,Accessories,3,11.94,5.16,5.85,New,Digital
INV105586,12/7/2025 8:07,S017,SH0015,Shoes,3,100.65,18.54,78.23,New,Digital
INV109909,12/7/2025 8:39,S008,A0039,Accessories,6,16.39,15.35,6.93,New,Card
INV108296,12/7/2025 9:10,S011,SH0033,Shoes,9,62.91,7.42,41.81,New,Card
INV107325,12/7/2025 9:22,S011,SH0030,Shoes,5,108.01,27.21,89.74,Returning,Cash
INV104284,12/7/2025 9:32,S019,A0047,Accessories,10,23.09,24.06,15.03,New,Digital
INV102549,12/7/2025 9:35,S012,C0090,Clothing,6,112.1,12.83,65.75,New,Digital
INV108634,12/7/2025 10:31,S007,A0001,Accessories,4,35.98,14.31,15.08,Returning,Cash
INV107603,12/7/2025 12:27,S014,A0052,Accessories,3,27.87,9.05,20.02,Returning,Card
INV102235,12/7/2025 12:59,S012,A0040,Accessories,5,50.14,22.76,21.94,Returning,Card
INV101698,12/7/2025 13:19,S020,C0045,Clothing,7,119.57,7.18,60.41,New,Digital
INV108299,12/7/2025 13:36,S004,C0044,Clothing,7,20.13,11.79,11.39,New,Cash
INV105092,12/7/2025 14:16,S009,C0003,Clothing,7,80.38,28.71,41.39,New,Digital
INV104310,12/7/2025 16:22,S009,A0015,Accessories,4,32.04,15.28,18.61,Returning,Card
INV107956,12/7/2025 16:22,S019,C0058,Clothing,5,116.31,28.03,81.45,Returning,Card
INV109529,12/7/2025 17:00,S001,SH0038,Shoes,9,198.63,25.43,110.28,Returning,Card
INV105740,12/7/2025 17:26,S010,SH0039,Shoes,10,150.35,10.2,114.6,New,Cash
INV108558,12/7/2025 17:30,S006,A0032,Accessories,9,33.63,26.15,20.92,Returning,Card
INV100341,12/7/2025 18:23,S014,A0028,Accessories,6,21.8,22.8,11.11,Returning,Card
INV106059,12/7/2025 18:55,S003,C0045,Clothing,3,115.18,23.54,69.79,New,Digital
INV104854,12/7/2025 19:26,S016,SH0028,Shoes,10,176.26,21.95,135.15,New,Cash
INV100435,12/7/2025 21:55,S015,C0019,Clothing,9,37.89,12.7,27.04,Returning,Digital
INV102188,12/7/2025 23:28,S014,A0026,Accessories,7,39.85,16.76,20.29,New,Digital
INV105885,12/8/2025 0:17,S007,SH0031,Shoes,6,137.13,6,79.1,New,Card
INV100339,12/8/2025 1:54,S007,SH0030,Shoes,4,143.15,11.27,81.87,Returning,Card
INV103382,12/8/2025 2:45,S005,SH0021,Shoes,9,137.8,6.45,113.46,Returning,Card
INV100409,12/8/2025 7:16,S011,A0006,Accessories,6,49.93,23.36,29.92,Returning,Cash
INV106868,12/8/2025 7:31,S013,SH0013,Shoes,6,104.99,9.29,60.34,Returning,Cash
INV109212,12/8/2025 7:43,S012,A0010,Accessories,7,72.06,17.11,28.86,Returning,Digital
INV106155,12/8/2025 8:06,S006,A0044,Accessories,5,45.46,8.48,32.7,New,Card
INV107941,12/8/2025 8:10,S002,SH0008,Shoes,9,182.24,26.6,141.94,New,Card
INV108335,12/8/2025 8:14,S017,A0025,Accessories,5,43.24,18.78,18.87,New,Cash
INV102698,12/8/2025 10:57,S004,C0100,Clothing,3,65.04,14.39,41.24,New,Cash
INV100140,12/8/2025 11:33,S010,A0055,Accessories,7,15.52,8.13,7.27,New,Digital
INV107959,12/8/2025 12:59,S006,C0008,Clothing,3,56.38,25.38,40.63,Returning,Digital
INV108303,12/8/2025 14:39,S012,SH0005,Shoes,10,83.17,11.2,51.82,Returning,Card
INV105020,12/8/2025 15:49,S013,A0051,Accessories,6,67.82,5.1,48.45,New,Digital
INV109092,12/8/2025 16:30,S006,C0028,Clothing,10,69.59,17.03,35.07,Returning,Digital
INV104020,12/8/2025 16:44,S017,A0038,Accessories,10,58.49,27.26,28.37,Returning,Cash
INV103883,12/8/2025 17:03,S013,C0003,Clothing,10,109.11,29.72,74.76,Returning,Cash
INV104048,12/8/2025 18:47,S020,A0008,Accessories,5,72.69,14.15,31.2,Returning,Digital
INV103988,12/8/2025 19:21,S007,SH0006,Shoes,10,43.93,10.66,35.37,New,Card
INV102192,12/8/2025 19:34,S003,C0020,Clothing,4,26.71,10.41,13.79,Returning,Card
INV101998,12/8/2025 20:03,S003,A0023,Accessories,9,72.57,5.37,42.23,New,Card
INV103221,12/8/2025 22:11,S013,C0052,Clothing,5,55.57,13.64,35.26,New,Cash
INV104210,12/8/2025 23:59,S014,A0052,Accessories,3,69.28,8.45,42.08,Returning,Card
INV109527,12/9/2025 0:44,S015,C0036,Clothing,7,50.99,10.92,38.43,New,Digital
INV105675,12/9/2025 2:12,S008,SH0002,Shoes,7,199.51,26.79,137.95,New,Digital
INV108735,12/9/2025 3:01,S017,SH0020,Shoes,5,180.29,15.21,109.81,Returning,Cash
INV102281,12/9/2025 3:48,S001,A0049,Accessories,9,68.29,26.44,38.25,Returning,Card
INV109420,12/9/2025 8:00,S003,A0056,Accessories,10,43.89,29.69,21.62,Returning,Cash
INV108813,12/9/2025 8:55,S006,SH0010,Shoes,4,165.72,24.38,91.7,Returning,Cash
INV105244,12/9/2025 10:50,S007,SH0040,Shoes,10,43.72,27.67,35.32,New,Cash
INV101923,12/9/2025 11:27,S008,A0017,Accessories,7,38.84,5.62,21.97,Returning,Digital
INV102949,12/9/2025 13:28,S015,A0004,Accessories,6,61.37,29.9,36.56,Returning,Card
INV105447,12/9/2025 13:58,S020,A0057,Accessories,4,21.07,13.2,12.15,New,Card
INV105645,12/9/2025 14:27,S009,C0082,Clothing,6,85.86,17.76,55.52,Returning,Cash
INV105374,12/9/2025 15:10,S003,SH0026,Shoes,5,46.8,27.49,26.71,Returning,Card
INV105033,12/9/2025 15:11,S002,C0021,Clothing,7,24.72,6.69,13.81,New,Card
INV104400,12/9/2025 15:46,S006,C0098,Clothing,5,67.47,9.76,44.01,New,Card
INV102440,12/9/2025 15:51,S020,C0099,Clothing,6,36.01,28.18,23.96,New,Digital
INV109865,12/9/2025 15:56,S007,SH0040,Shoes,5,192.22,6.93,155.03,Returning,Cash
INV105419,12/9/2025 16:15,S017,C0077,Clothing,4,31.89,25.56,23.83,New,Cash
INV100887,12/9/2025 16:16,S009,A0030,Accessories,5,62.19,27.69,45,Returning,Cash
INV102919,12/9/2025 16:16,S009,C0012,Clothing,5,20.87,13.15,11.44,Returning,Card
INV107174,12/9/2025 18:39,S018,SH0033,Shoes,9,165.94,8.19,91.57,New,Card
INV108156,12/9/2025 19:35,S005,SH0035,Shoes,5,135.19,7.53,75.46,Returning,Digital
INV102942,12/9/2025 20:07,S020,C0022,Clothing,3,31.33,5.63,21.93,New,Cash
INV108915,12/9/2025 21:40,S019,C0011,Clothing,5,106.17,23.5,60.29,New,Card
INV107913,12/9/2025 22:11,S002,C0037,Clothing,5,103.33,6.6,56.51,New,Digital
INV106029,12/9/2025 23:40,S016,A0043,Accessories,4,74.71,17.3,40.93,Returning,Digital
INV109556,12/9/2025 23:41,S001,SH0003,Shoes,6,137.14,5.11,94.23,New,Digital
INV107221,12/10/2025 0:35,S005,A0032,Accessories,4,68.01,5.44,37.76,Returning,Card
INV108913,12/10/2025 2:28,S018,C0100,Clothing,9,58.52,20.04,46.59,Returning,Cash
INV104355,12/10/2025 4:26,S015,SH0039,Shoes,3,121.33,27.19,86.76,Returning,Card
INV107153,12/10/2025 4:31,S016,A0043,Accessories,4,69.75,15.23,38.22,Returning,Card
INV104878,12/10/2025 7:03,S009,A0042,Accessories,10,19.92,18.68,14.54,Returning,Card
INV107714,12/10/2025 7:17,S012,A0029,Accessories,6,42.18,16.41,25.16,New,Digital
INV103148,12/10/2025 9:26,S015,C0082,Clothing,7,27.51,27.64,21.29,Returning,Card
INV100131,12/10/2025 9:28,S012,SH0028,Shoes,10,66.66,6.06,45.54,Returning,Card
INV104125,12/10/2025 10:52,S010,A0048,Accessories,4,44.21,21.21,31.92,Returning,Digital
INV107228,12/10/2025 12:12,S020,C0024,Clothing,8,100.53,24.04,80.09,Returning,Card
INV103765,12/10/2025 12:19,S011,C0032,Clothing,5,40.04,26.03,29.89,New,Digital
INV105718,12/10/2025 12:56,S017,A0045,Accessories,8,24.16,14.58,15.48,New,Digital
INV103166,12/10/2025 13:02,S018,SH0025,Shoes,9,70.34,22.79,43.55,Returning,Digital
INV104997,12/10/2025 13:54,S012,SH0008,Shoes,4,79.9,28.72,45.94,New,Cash
INV108831,12/10/2025 14:38,S015,C0096,Clothing,3,68.15,9.45,43.56,New,Card
INV107729,12/10/2025 16:48,S018,A0041,Accessories,4,59.13,9.36,28.03,Returning,Card
INV101382,12/10/2025 19:22,S015,SH0038,Shoes,4,119.45,10.72,66.31,New,Cash
INV109649,12/10/2025 21:40,S015,C0044,Clothing,9,83.91,27.54,64,New,Card
INV102852,12/10/2025 21:50,S004,A0014,Accessories,8,71.22,16.91,30.19,New,Card
INV102443,12/11/2025 1:08,S018,C0091,Clothing,10,53.28,17.18,26.75,Returning,Cash
INV107641,12/11/2025 2:28,S013,A0042,Accessories,10,30.15,14.47,15.88,Returning,Card
INV102039,12/11/2025 2:43,S007,A0013,Accessories,7,46.57,17.88,29.3,Returning,Card
INV102731,12/11/2025 3:00,S002,A0058,Accessories,9,62.38,18.75,43.33,Returning,Digital
INV100990,12/11/2025 4:58,S016,A0014,Accessories,4,28.52,16.46,14.7,New,Card
INV107343,12/11/2025 5:23,S015,C0035,Clothing,7,36.43,22.37,27.63,Returning,Digital
INV105123,12/11/2025 6:19,S014,SH0023,Shoes,3,106.61,12.08,86.46,New,Card
INV108202,12/11/2025 6:36,S011,C0044,Clothing,6,22.55,22.02,18.04,Returning,Card
INV109570,12/11/2025 8:39,S001,A0030,Accessories,8,62.84,13.94,30.59,Returning,Card
INV107521,12/11/2025 9:30,S005,C0055,Clothing,10,116.92,11.51,88.69,Returning,Cash
INV109615,12/11/2025 10:02,S003,A0011,Accessories,8,34.82,29.15,18.12,New,Cash
INV106739,12/11/2025 11:26,S009,SH0037,Shoes,10,109.08,26.54,76.55,Returning,Cash
INV100220,12/11/2025 11:34,S009,SH0035,Shoes,7,66.94,12.23,56.48,New,Cash
INV105162,12/11/2025 14:25,S017,C0056,Clothing,3,85.14,20.88,62.9,Returning,Cash
INV100446,12/11/2025 14:50,S011,A0060,Accessories,7,61.98,19.12,42.91,New,Cash
INV104787,12/11/2025 15:18,S011,A0044,Accessories,9,30.39,17.26,14.28,New,Cash
INV107670,12/11/2025 16:22,S010,C0073,Clothing,3,68.46,25.47,52.91,New,Digital
INV101848,12/11/2025 17:03,S013,C0052,Clothing,4,44.1,19.85,30.76,New,Card
INV109848,12/11/2025 19:59,S005,SH0034,Shoes,8,94.01,26,77.61,New,Card
INV105803,12/11/2025 20:33,S011,A0004,Accessories,3,51.42,23.19,33.96,New,Card
INV105953,12/11/2025 20:35,S010,A0028,Accessories,10,18.6,17.23,7.96,Returning,Card
INV100996,12/11/2025 20:58,S013,SH0034,Shoes,8,183.7,21.61,141.89,New,Card
INV102029,12/12/2025 0:11,S012,C0038,Clothing,3,109.3,12.17,69.78,Returning,Digital
INV107285,12/12/2025 2:12,S009,A0056,Accessories,5,48.83,8.89,27.73,New,Card
INV100434,12/12/2025 2:33,S013,A0047,Accessories,5,65.37,14.47,37.85,New,Cash
INV101927,12/12/2025 2:35,S015,SH0017,Shoes,9,126.01,5.6,91.35,New,Card
INV109076,12/12/2025 3:47,S020,A0007,Accessories,10,18.37,10.83,8.95,New,Cash
INV101799,12/12/2025 4:08,S003,C0089,Clothing,9,65.54,24.12,37.93,Returning,Digital
INV108904,12/12/2025 5:04,S016,A0044,Accessories,9,11.75,19.47,8.46,New,Card
INV108149,12/12/2025 5:08,S009,SH0028,Shoes,4,106.25,18.16,90.09,New,Digital
INV106965,12/12/2025 5:22,S019,SH0020,Shoes,4,106.67,7.36,69.34,Returning,Cash
INV103073,12/12/2025 6:58,S006,SH0010,Shoes,7,68.62,7.26,49.51,New,Cash
INV104649,12/12/2025 7:00,S020,SH0025,Shoes,10,98.37,6.45,70.9,Returning,Card
INV107085,12/12/2025 8:12,S014,SH0011,Shoes,5,133.35,13.35,74.33,New,Card
INV107726,12/12/2025 9:42,S007,SH0005,Shoes,5,65.08,19.82,50.06,New,Cash
INV108579,12/12/2025 10:51,S015,SH0014,Shoes,6,43.19,15.05,24.69,Returning,Cash
INV101056,12/12/2025 12:08,S003,A0007,Accessories,7,69.15,20.34,45.48,Returning,Cash
INV107235,12/12/2025 13:02,S003,SH0002,Shoes,9,150.6,28.17,120.91,Returning,Card
INV101561,12/12/2025 14:08,S010,SH0012,Shoes,3,58.42,16.97,40.52,Returning,Cash
INV105766,12/12/2025 14:22,S014,SH0005,Shoes,7,70.36,15.46,45.53,Returning,Digital
INV104127,12/12/2025 14:44,S011,A0026,Accessories,3,71.23,9.67,39.79,New,Card
INV101166,12/12/2025 15:25,S015,C0018,Clothing,5,32.1,21.62,17.61,Returning,Digital
INV102927,12/12/2025 15:50,S005,A0025,Accessories,6,49.59,25.18,34.59,Returning,Card
INV107507,12/12/2025 16:30,S017,A0043,Accessories,9,72.15,21.4,47.59,Returning,Digital
INV106393,12/12/2025 17:42,S001,A0013,Accessories,5,30.87,18.12,21.75,Returning,Card
INV109414,12/12/2025 18:11,S006,SH0033,Shoes,5,181.88,27.72,152.48,Returning,Digital
INV103987,12/12/2025 19:04,S020,A0001,Accessories,3,52.5,21.37,32.05,Returning,Card
INV103236,12/12/2025 19:43,S012,SH0025,Shoes,6,89.63,13.3,70.53,New,Digital
INV108595,12/12/2025 20:21,S008,C0035,Clothing,5,94.99,16.46,63.47,New,Cash
INV104405,12/12/2025 20:22,S011,SH0004,Shoes,8,143.76,17.46,100.78,Returning,Card
INV100507,12/12/2025 23:37,S012,A0030,Accessories,9,64.03,9.62,45.2,Returning,Digital
INV102316,12/13/2025 1:48,S016,C0035,Clothing,7,112.81,8.13,78.31,Returning,Cash
INV102427,12/13/2025 1:58,S005,C0028,Clothing,8,72.09,27.06,46.55,Returning,Digital
INV106528,12/13/2025 2:10,S020,SH0001,Shoes,3,112.08,28.13,88.25,New,Digital
INV106413,12/13/2025 2:11,S011,C0077,Clothing,9,21.44,5.81,11.96,Returning,Digital
INV102200,12/13/2025 2:35,S013,SH0003,Shoes,4,157.17,25.48,133.25,New,Card
INV109836,12/13/2025 2:40,S009,C0023,Clothing,4,67.17,10.62,53.67,Returning,Cash
INV108956,12/13/2025 4:58,S016,SH0001,Shoes,10,180.61,7.62,125.47,New,Card
INV102411,12/13/2025 7:07,S007,A0040,Accessories,7,36.99,5.23,22.02,New,Card
INV106222,12/13/2025 9:18,S004,SH0009,Shoes,3,161.9,17.34,133.39,New,Digital
INV107294,12/13/2025 10:34,S018,A0058,Accessories,10,64.58,5.92,27.59,New,Cash
INV109211,12/13/2025 11:40,S020,C0036,Clothing,5,59.31,18.14,45.51,New,Digital
INV100926,12/13/2025 11:48,S008,SH0007,Shoes,3,112.36,14.93,81.28,Returning,Card
INV101460,12/13/2025 11:59,S015,C0060,Clothing,4,56.12,16.51,36.65,Returning,Digital
INV109252,12/13/2025 14:31,S002,C0011,Clothing,6,54.24,8.8,37.24,New,Cash
INV102114,12/13/2025 14:48,S007,C0031,Clothing,3,84.86,20.11,43.64,Returning,Card
INV108398,12/13/2025 15:43,S016,C0034,Clothing,5,91.69,24,72.19,New,Card
INV102757,12/13/2025 16:08,S006,SH0031,Shoes,8,99.83,9.45,61.96,New,Cash
INV103536,12/13/2025 17:00,S007,SH0014,Shoes,8,150.38,10.72,122.74,Returning,Cash
INV101770,12/13/2025 18:12,S012,C0097,Clothing,9,37.02,13.86,25.06,New,Cash
INV108589,12/13/2025 19:12,S012,C0013,Clothing,8,69.08,29.53,50.83,Returning,Cash
INV106354,12/13/2025 19:15,S018,A0025,Accessories,6,77.28,19.59,50.22,New,Cash
INV100430,12/13/2025 19:34,S008,SH0003,Shoes,3,123.3,26.94,84.52,Returning,Digital
INV105426,12/13/2025 20:35,S014,SH0038,Shoes,9,112.98,19.09,76.57,Returning,Digital
INV108563,12/13/2025 21:17,S013,A0022,Accessories,8,74.36,20.38,43.85,Returning,Digital
INV109790,12/13/2025 22:36,S009,C0056,Clothing,3,115.23,8.7,89.04,Returning,Card
INV101909,12/14/2025 1:02,S018,A0021,Accessories,10,67.67,6.39,47.74,Returning,Card
INV101475,12/14/2025 1:47,S018,A0013,Accessories,7,51.18,27.27,24.4,New,Digital
INV108791,12/14/2025 4:50,S005,A0049,Accessories,9,47.79,18.29,29.28,New,Cash
INV109763,12/14/2025 6:33,S008,C0079,Clothing,8,32.58,5.31,18.32,Returning,Digital
INV106404,12/14/2025 8:12,S004,C0045,Clothing,9,26.23,28.3,14.93,Returning,Digital
INV101787,12/14/2025 8:28,S013,C0022,Clothing,8,55.89,23.63,32.86,New,Card
INV109265,12/14/2025 9:09,S007,SH0015,Shoes,10,178.7,11.46,103.81,Returning,Cash
INV109871,12/14/2025 9:49,S014,SH0037,Shoes,3,147.94,11.37,111.75,Returning,Cash
INV108672,12/14/2025 11:01,S002,C0072,Clothing,8,103.72,8.86,72.41,New,Digital
INV106964,12/14/2025 11:32,S020,SH0011,Shoes,10,178.72,22.6,117.79,New,Card
INV107143,12/14/2025 12:01,S017,SH0001,Shoes,4,130.89,17.37,76.79,Returning,Cash
INV102655,12/14/2025 12:29,S006,C0050,Clothing,9,65.21,7.95,51.73,New,Card
INV107087,12/14/2025 13:22,S017,A0056,Accessories,6,40.41,17.85,29.55,New,Cash
INV109987,12/14/2025 13:37,S012,A0048,Accessories,8,62.27,9.61,37.01,Returning,Card
INV101994,12/14/2025 14:18,S008,SH0009,Shoes,6,128.1,5.56,77.19,Returning,Card
INV103258,12/14/2025 14:41,S007,C0098,Clothing,9,38.67,8.09,21.56,New,Card
INV109176,12/14/2025 14:42,S018,A0007,Accessories,10,17.07,6.9,7.33,New,Cash
INV103881,12/14/2025 16:47,S012,SH0006,Shoes,7,99.7,19.82,64.89,New,Digital
INV108420,12/14/2025 17:16,S001,A0051,Accessories,3,68.53,25.06,40.76,Returning,Cash
INV106812,12/14/2025 17:36,S009,C0026,Clothing,9,76.19,23.56,55.49,Returning,Digital
INV106223,12/14/2025 19:09,S017,C0032,Clothing,8,28.8,7.92,19.13,Returning,Digital
INV104103,12/14/2025 20:12,S013,C0082,Clothing,6,72.61,28.36,44.64,Returning,Card
INV105087,12/14/2025 20:54,S016,A0018,Accessories,6,65.71,17.42,43.28,New,Cash
INV106194,12/14/2025 22:14,S013,SH0007,Shoes,5,119.01,21.8,76.95,New,Card
INV107068,12/14/2025 22:59,S004,SH0022,Shoes,7,57.37,17.27,41.98,Returning,Digital
INV104732,12/14/2025 23:19,S018,C0070,Clothing,6,104.02,7.19,76.14,New,Digital
INV104918,12/14/2025 23:36,S003,SH0035,Shoes,4,161.01,27.42,127.64,Returning,Cash
INV102825,12/15/2025 5:18,S017,C0037,Clothing,6,105.51,6.48,56.59,Returning,Card
INV105671,12/15/2025 6:01,S019,C0072,Clothing,7,98.8,18.94,64.81,Returning,Cash
INV101964,12/15/2025 6:07,S015,C0037,Clothing,7,59.82,24.57,33.44,Returning,Cash
INV105442,12/15/2025 6:17,S002,SH0039,Shoes,4,50.8,14.1,37.86,New,Digital
INV105221,12/15/2025 6:21,S012,C0089,Clothing,9,70.44,25.3,50.48,Returning,Card
INV101012,12/15/2025 6:35,S010,A0016,Accessories,7,32.95,18.92,19.48,New,Cash
INV109214,12/15/2025 10:39,S009,A0044,Accessories,5,20.93,23.56,10.49,Returning,Digital
INV105907,12/15/2025 10:46,S006,SH0037,Shoes,7,121.54,10.9,92.62,Returning,Card
INV101324,12/15/2025 11:24,S019,C0028,Clothing,7,64.75,12.68,49.69,New,Digital
INV105696,12/15/2025 13:25,S010,A0023,Accessories,7,46.55,10.7,29.87,Returning,Card
INV102244,12/15/2025 14:07,S008,SH0004,Shoes,7,57.57,16.56,48.07,Returning,Digital
INV107234,12/15/2025 14:35,S018,C0077,Clothing,6,69.7,8.04,44.37,New,Cash
INV109149,12/15/2025 15:04,S001,C0077,Clothing,10,114.96,27.88,86.92,New,Cash
INV100009,12/15/2025 16:16,S011,C0088,Clothing,7,92.07,24.21,64.86,New,Card
INV102344,12/15/2025 16:48,S020,SH0037,Shoes,8,99.4,29.42,73.8,New,Card
INV108485,12/15/2025 16:59,S007,SH0002,Shoes,7,145.34,15.66,95.73,Returning,Digital
INV107264,12/15/2025 17:39,S009,SH0013,Shoes,10,196.24,13.43,165.82,New,Card
INV102525,12/15/2025 19:24,S020,C0008,Clothing,3,62.45,5.34,47.52,Returning,Card
INV107705,12/15/2025 20:20,S014,C0029,Clothing,7,58.2,13.39,42.94,New,Card
INV102250,12/15/2025 20:45,S008,A0047,Accessories,10,78.54,23.01,49.82,Returning,Cash
INV101036,12/15/2025 21:06,S001,A0049,Accessories,8,46.34,15.66,19.56,New,Cash
INV101891,12/15/2025 21:32,S012,A0022,Accessories,9,44.95,13.06,32.56,Returning,Card
INV101067,12/15/2025 22:43,S010,A0025,Accessories,8,58.75,9.57,26.35,Returning,Cash
INV106009,12/15/2025 22:59,S008,C0054,Clothing,9,109.48,22.45,83.55,Returning,Cash
INV109614,12/15/2025 23:05,S018,SH0001,Shoes,5,88.33,28.59,70.02,Returning,Digital
INV106691,12/16/2025 1:27,S011,A0055,Accessories,8,49.89,13.78,30.36,Returning,Cash
INV106586,12/16/2025 3:50,S012,SH0026,Shoes,3,58.85,15.92,45.61,Returning,Digital
INV105798,12/16/2025 5:40,S010,SH0028,Shoes,5,60.82,10.67,36.17,Returning,Card
INV102086,12/16/2025 6:23,S009,A0017,Accessories,8,75.78,23.11,36.12,Returning,Digital
INV107478,12/16/2025 8:53,S014,C0007,Clothing,7,62.26,14.76,46.04,New,Card
INV102046,12/16/2025 10:35,S016,C0088,Clothing,9,53.03,15.69,39.47,New,Cash
INV102892,12/16/2025 11:45,S005,SH0035,Shoes,10,109.98,21.33,68.75,Returning,Digital
INV100214,12/16/2025 12:27,S016,A0041,Accessories,5,47.62,18.87,34.37,Returning,Cash
INV107083,12/16/2025 12:53,S017,A0047,Accessories,3,64.49,24.69,44.16,Returning,Digital
INV109569,12/16/2025 14:11,S005,SH0009,Shoes,8,117.23,26.09,98.09,New,Cash
INV102799,12/16/2025 16:50,S006,A0056,Accessories,6,77.24,27.09,31.96,New,Digital
INV105152,12/16/2025 18:03,S019,A0019,Accessories,6,39.31,21.4,19.49,Returning,Card
INV100321,12/16/2025 18:36,S014,SH0027,Shoes,7,147.88,26.94,120.99,New,Digital
INV109983,12/16/2025 20:12,S004,SH0017,Shoes,5,196.27,6.37,133.69,Returning,Card
INV101857,12/16/2025 20:52,S015,A0003,Accessories,9,13.47,6.07,8.77,Returning,Card
INV109061,12/16/2025 21:13,S009,A0049,Accessories,10,55.36,27.73,24.91,Returning,Digital
INV109446,12/16/2025 21:41,S009,C0042,Clothing,10,73.37,10.69,39.94,New,Cash
INV105533,12/17/2025 0:51,S001,SH0002,Shoes,8,153.25,8.91,95.88,Returning,Digital
INV103819,12/17/2025 3:19,S010,A0049,Accessories,8,73.43,5.59,37.28,New,Digital
INV107493,12/17/2025 4:13,S012,SH0011,Shoes,8,162.42,5.29,91.12,New,Cash
INV104587,12/17/2025 4:14,S004,SH0001,Shoes,6,196.53,10.61,108.66,Returning,Cash
INV109478,12/17/2025 6:42,S020,C0079,Clothing,6,48.12,21.96,27.76,Returning,Card
INV106368,12/17/2025 7:48,S002,SH0025,Shoes,9,111.97,14.19,63.47,New,Cash
INV103510,12/17/2025 13:20,S001,C0071,Clothing,6,20.65,14.34,11.55,Returning,Digital
INV105843,12/17/2025 13:22,S009,A0055,Accessories,8,68.75,20.79,41.17,Returning,Digital
INV103244,12/17/2025 14:25,S019,C0097,Clothing,10,114.41,24.79,77.25,Returning,Card
INV107274,12/17/2025 15:14,S004,A0021,Accessories,6,57.07,23.54,36.01,Returning,Cash
INV101518,12/17/2025 15:25,S019,A0047,Accessories,9,28.7,27.9,20.15,Returning,Card
INV107288,12/17/2025 15:26,S009,C0098,Clothing,9,103.57,19.33,75.24,Returning,Digital
INV107600,12/17/2025 19:28,S006,C0096,Clothing,4,77.17,11.61,46.31,New,Cash
INV104981,12/17/2025 19:33,S007,A0043,Accessories,6,27.17,19.81,19.2,Returning,Cash
INV100804,12/18/2025 0:23,S015,A0002,Accessories,4,31.14,22.48,15.8,Returning,Card
INV103358,12/18/2025 0:50,S006,C0100,Clothing,7,66.47,11.61,46.82,Returning,Cash
INV101648,12/18/2025 1:23,S012,C0072,Clothing,6,106.14,10.53,82.51,New,Digital
INV109153,12/18/2025 1:34,S014,SH0031,Shoes,5,76.81,28.65,51.17,New,Cash
INV101147,12/18/2025 1:42,S009,A0046,Accessories,7,29.71,5.61,16.87,New,Cash
INV107017,12/18/2025 1:50,S016,SH0005,Shoes,9,197.91,19.93,138.27,New,Digital
INV102359,12/18/2025 4:16,S003,SH0026,Shoes,10,70.62,10.87,40.33,Returning,Card
INV101578,12/18/2025 7:34,S003,A0010,Accessories,5,65.2,13.49,36.79,New,Cash
INV102716,12/18/2025 8:03,S017,SH0005,Shoes,7,72.6,22.67,48.94,Returning,Card
INV107098,12/18/2025 8:22,S018,C0060,Clothing,6,46.57,28.07,32.63,New,Digital
INV100142,12/18/2025 8:41,S010,SH0027,Shoes,7,138.9,21.05,77.66,Returning,Cash
INV105716,12/18/2025 11:12,S012,SH0015,Shoes,7,70.34,7.81,46.6,New,Card
INV102649,12/18/2025 15:11,S007,A0030,Accessories,10,39.94,14.15,22.86,Returning,Digital
INV102452,12/18/2025 17:03,S009,A0017,Accessories,8,39.12,8.43,21.39,Returning,Card
INV104339,12/18/2025 20:39,S005,SH0035,Shoes,7,156.62,7.41,117.7,Returning,Card
INV102038,12/18/2025 20:48,S009,SH0003,Shoes,3,85.73,12.05,63.56,New,Cash
INV109605,12/18/2025 21:06,S011,C0072,Clothing,6,46.13,14.74,35.02,Returning,Cash
INV102579,12/18/2025 21:34,S001,C0019,Clothing,4,75.95,27.26,46.14,New,Digital
INV102017,12/18/2025 21:59,S008,C0050,Clothing,9,82.92,10.11,53.35,New,Cash
INV100741,12/18/2025 23:22,S017,SH0034,Shoes,10,149.45,29.12,84.1,New,Cash
INV109151,12/19/2025 0:15,S013,C0018,Clothing,10,90.27,28.66,47.6,Returning,Card
INV104227,12/19/2025 1:24,S017,SH0016,Shoes,8,158.52,8.11,99.67,New,Digital
INV101757,12/19/2025 1:37,S006,C0021,Clothing,6,54.85,9.33,30.59,New,Card
INV106982,12/19/2025 1:58,S016,SH0003,Shoes,5,58.45,28.4,35.99,New,Cash
INV109579,12/19/2025 3:45,S012,C0005,Clothing,4,61.12,14.89,34.6,New,Digital
INV102869,12/19/2025 4:48,S011,C0086,Clothing,10,116.9,28.82,83.89,Returning,Cash
INV100714,12/19/2025 6:47,S001,SH0024,Shoes,9,60.39,19.42,38.89,Returning,Cash
INV107613,12/19/2025 9:52,S014,C0019,Clothing,9,58.66,11.63,36.28,Returning,Digital
INV105871,12/19/2025 10:45,S005,A0012,Accessories,6,61.87,28.04,30.78,Returning,Card
INV106345,12/19/2025 11:05,S001,SH0004,Shoes,7,175.2,12.56,118.42,Returning,Cash
INV101568,12/19/2025 13:32,S011,SH0026,Shoes,3,165.03,5.82,117.51,New,Digital
INV105804,12/19/2025 14:21,S016,C0021,Clothing,3,101.31,15.32,64.5,Returning,Card
INV109690,12/19/2025 15:28,S017,A0020,Accessories,5,60.11,20.43,27.06,New,Cash
INV101368,12/19/2025 15:39,S019,SH0008,Shoes,10,68.87,5.07,47.11,New,Card
INV106439,12/19/2025 15:40,S020,A0004,Accessories,3,40.39,6.76,29.3,New,Digital
INV103265,12/19/2025 15:59,S020,C0051,Clothing,4,33.59,5.93,22.99,Returning,Digital
INV106193,12/19/2025 16:19,S003,SH0034,Shoes,7,171.28,17,126.39,Returning,Digital
INV108143,12/19/2025 19:47,S018,A0023,Accessories,8,30.46,26.64,15.97,New,Cash
INV104215,12/19/2025 21:22,S002,SH0014,Shoes,8,127.12,26.63,82.41,New,Card
INV100061,12/19/2025 21:51,S005,C0055,Clothing,5,31.48,27.71,17.86,New,Cash
INV101244,12/19/2025 22:34,S014,SH0020,Shoes,3,56.07,12.8,37.63,New,Digital
INV102356,12/19/2025 23:02,S017,A0007,Accessories,5,74.61,24.31,52.06,New,Card
INV105667,12/20/2025 0:07,S012,A0004,Accessories,7,16.67,16.29,9.46,New,Cash
INV106342,12/20/2025 0:22,S007,A0039,Accessories,6,10.78,7.69,6.25,Returning,Card
INV101656,12/20/2025 1:42,S018,SH0016,Shoes,3,115.45,26.38,69.79,Returning,Digital
INV104921,12/20/2025 2:19,S011,C0082,Clothing,7,32.21,26.08,21.68,New,Cash
INV106526,12/20/2025 3:35,S002,SH0029,Shoes,8,41.32,6.21,29.14,New,Digital
INV108011,12/20/2025 4:37,S017,C0097,Clothing,5,37.27,14.93,29.51,Returning,Digital
INV103061,12/20/2025 5:15,S004,C0027,Clothing,10,61.76,18.25,37.88,New,Card
INV106917,12/20/2025 5:30,S017,C0006,Clothing,10,86,19.15,63.32,Returning,Digital
INV108479,12/20/2025 6:24,S002,A0050,Accessories,7,64.09,6.5,36.06,Returning,Cash
INV101325,12/20/2025 10:03,S010,A0019,Accessories,4,45.72,15.78,33.86,New,Cash
INV104715,12/20/2025 11:52,S013,A0039,Accessories,7,11.29,21.77,5.36,Returning,Cash
INV101743,12/20/2025 14:31,S001,A0023,Accessories,4,27.83,19.67,15.38,New,Digital
INV109825,12/20/2025 14:33,S013,C0072,Clothing,9,54.8,10.45,33.07,Returning,Digital
INV106089,12/20/2025 15:50,S018,A0013,Accessories,8,30.42,15.41,15.07,New,Card
INV105597,12/20/2025 17:32,S020,C0077,Clothing,10,26.51,5.86,18.96,New,Card
INV100153,12/20/2025 18:14,S008,C0075,Clothing,9,68.04,8.69,44.72,New,Digital
INV106408,12/20/2025 18:20,S011,C0056,Clothing,8,40.71,25.3,26.7,New,Cash
INV105497,12/20/2025 19:30,S011,A0060,Accessories,7,52.35,18.92,21.35,New,Card
INV106240,12/20/2025 19:31,S010,A0031,Accessories,9,40.92,14.55,28.73,New,Cash
INV104038,12/20/2025 19:31,S005,A0034,Accessories,10,25.32,17.09,12.03,Returning,Digital
INV106961,12/20/2025 20:13,S009,SH0006,Shoes,5,149.1,25.23,96.95,Returning,Cash
INV109659,12/21/2025 0:20,S016,SH0040,Shoes,10,197.13,29.84,130.95,Returning,Cash
INV107516,12/21/2025 0:40,S003,A0047,Accessories,5,64.22,10.1,27.21,Returning,Cash
INV106353,12/21/2025 0:57,S008,SH0013,Shoes,9,146.33,22.31,123.87,Returning,Digital
INV102768,12/21/2025 2:06,S013,A0046,Accessories,7,44.96,16.45,31.44,New,Digital
INV109900,12/21/2025 3:09,S005,SH0004,Shoes,3,168.58,25.03,95.89,Returning,Digital
INV107140,12/21/2025 3:44,S019,C0039,Clothing,10,60.5,7.4,38.16,Returning,Card
INV107501,12/21/2025 4:05,S015,A0017,Accessories,8,58.07,23.41,38.12,Returning,Cash
INV109068,12/21/2025 9:20,S015,A0041,Accessories,8,41.83,21.17,29.37,Returning,Cash
INV109438,12/21/2025 9:29,S015,A0011,Accessories,7,55.95,23.21,27.89,New,Cash
INV108057,12/21/2025 9:57,S009,SH0006,Shoes,8,81.54,19.91,56.17,Returning,Digital
INV108683,12/21/2025 10:50,S019,C0023,Clothing,5,23.25,7.23,17.63,New,Card
INV108231,12/21/2025 11:25,S012,C0017,Clothing,7,88.61,19.41,70.08,New,Cash
INV108723,12/21/2025 11:51,S014,SH0002,Shoes,5,129.27,13.77,100.06,Returning,Cash
INV106620,12/21/2025 12:24,S003,A0002,Accessories,10,22.37,5.69,12.17,New,Digital
INV102013,12/21/2025 14:29,S008,SH0005,Shoes,10,85.58,23.35,56.74,Returning,Cash
INV108861,12/21/2025 15:30,S010,C0001,Clothing,6,95.27,20.8,61.8,New,Card
INV102432,12/21/2025 16:13,S020,SH0034,Shoes,3,92.7,16.55,68.41,Returning,Card
INV108113,12/21/2025 17:15,S017,SH0037,Shoes,4,190.57,8.27,126.98,New,Cash
INV105789,12/21/2025 18:57,S019,A0030,Accessories,7,44,29.44,18.11,Returning,Cash
INV108734,12/21/2025 19:04,S017,C0082,Clothing,9,107.85,7.17,80.77,New,Digital
INV106389,12/21/2025 19:31,S003,C0060,Clothing,5,44.76,11.23,28.39,New,Digital
INV102012,12/21/2025 19:51,S007,C0030,Clothing,8,20.05,23.17,14.8,New,Digital
INV100669,12/21/2025 19:58,S013,SH0026,Shoes,9,196.83,6.59,120.31,New,Card
INV102383,12/21/2025 20:20,S005,A0001,Accessories,6,69.29,11.26,33.31,Returning,Digital
INV102765,12/21/2025 20:58,S005,A0052,Accessories,4,17.43,5.39,11.77,Returning,Digital
INV103610,12/21/2025 21:44,S013,C0096,Clothing,7,32.86,26.76,25.82,Returning,Cash
INV106619,12/21/2025 23:42,S006,A0001,Accessories,7,43.85,19.55,32.34,New,Cash
INV105599,12/22/2025 1:02,S019,A0009,Accessories,10,74.47,26.7,47.51,Returning,Cash
INV100522,12/22/2025 2:32,S012,C0063,Clothing,3,51.78,27.71,35.29,Returning,Cash
INV107142,12/22/2025 2:37,S003,A0056,Accessories,4,20.16,27.01,12.41,Returning,Digital
INV100076,12/22/2025 5:10,S019,C0079,Clothing,6,107.08,17.44,73.45,New,Cash
INV109356,12/22/2025 8:29,S013,A0041,Accessories,9,45.37,28.47,19.49,New,Card
INV108228,12/22/2025 8:47,S008,C0089,Clothing,10,111.52,15.14,82.24,New,Digital
INV101910,12/22/2025 10:45,S019,C0081,Clothing,8,99.11,12.85,62.06,New,Digital
INV107433,12/22/2025 14:40,S007,A0055,Accessories,7,35.63,29.23,19.43,New,Digital
INV105270,12/22/2025 14:48,S014,SH0008,Shoes,6,44.79,26.99,30.02,New,Card
INV102555,12/22/2025 15:18,S011,SH0032,Shoes,4,113.36,20.81,64.27,New,Cash
INV106963,12/22/2025 15:49,S005,SH0007,Shoes,5,175.65,21.54,97.5,New,Digital
INV106567,12/22/2025 15:58,S015,SH0032,Shoes,7,157.45,8.26,93.09,New,Digital
INV106288,12/22/2025 16:32,S006,C0033,Clothing,3,65.32,20.9,41.17,New,Digital
INV101801,12/22/2025 18:11,S018,SH0040,Shoes,5,52.81,17.26,44.81,New,Card
INV107287,12/22/2025 18:35,S006,A0034,Accessories,8,60.19,17.21,27.25,Returning,Digital
INV109603,12/22/2025 19:03,S016,SH0033,Shoes,4,199.6,11.24,133.35,Returning,Cash
INV104803,12/22/2025 21:32,S003,SH0035,Shoes,5,148.88,14.34,87.41,Returning,Card
INV101272,12/22/2025 22:47,S008,C0007,Clothing,6,71.8,24.97,47.51,New,Digital
INV108814,12/22/2025 23:40,S015,C0093,Clothing,5,24.57,12.39,12.88,Returning,Cash
INV105638,12/23/2025 2:08,S012,SH0019,Shoes,7,48.87,23.85,30.08,Returning,Cash
INV106303,12/23/2025 2:20,S007,A0011,Accessories,3,78.11,13.99,36.03,New,Digital
INV105127,12/23/2025 3:40,S009,C0065,Clothing,10,108.02,25.25,70.28,New,Cash
INV101608,12/23/2025 5:00,S003,SH0034,Shoes,7,56.07,11.18,41.84,New,Card
INV104357,12/23/2025 5:17,S020,A0037,Accessories,5,26.95,26.19,14.42,Returning,Cash
INV107895,12/23/2025 7:07,S004,SH0032,Shoes,5,152.8,17.45,95.4,Returning,Cash
INV105757,12/23/2025 9:41,S003,C0047,Clothing,4,113.24,11.44,69.74,New,Cash
INV103863,12/23/2025 10:20,S002,C0088,Clothing,5,60.45,22.94,43.5,Returning,Digital
INV105650,12/23/2025 10:31,S007,A0006,Accessories,7,74.68,13.76,44.44,Returning,Digital
INV104869,12/23/2025 12:08,S001,C0096,Clothing,9,35.1,8.14,20.07,Returning,Card
INV102669,12/23/2025 13:13,S013,A0060,Accessories,9,37.62,11.66,18.75,Returning,Digital
INV105500,12/23/2025 14:36,S014,C0014,Clothing,10,98.93,10.73,55.76,Returning,Cash
INV104692,12/23/2025 15:46,S002,C0021,Clothing,5,38.24,29.47,20.07,New,Digital
INV103177,12/23/2025 15:57,S019,A0011,Accessories,7,56.13,26.91,31.96,Returning,Card
INV107159,12/23/2025 16:17,S009,C0099,Clothing,4,33.24,23.7,22.5,New,Digital
INV105752,12/23/2025 17:02,S001,A0035,Accessories,7,22.13,14.43,11.3,Returning,Digital
INV101074,12/23/2025 18:06,S007,SH0006,Shoes,9,146.16,23.92,94.44,Returning,Card
INV106182,12/23/2025 19:33,S014,C0097,Clothing,9,57.64,7.06,43.34,Returning,Digital
INV106289,12/23/2025 19:37,S006,A0058,Accessories,5,32.07,5.41,20.38,Returning,Digital
INV108193,12/23/2025 19:46,S006,C0073,Clothing,3,37.09,29.74,20.44,Returning,Cash
INV101883,12/23/2025 21:13,S008,A0050,Accessories,5,71.07,8.29,35.81,Returning,Card
INV106816,12/23/2025 21:32,S010,A0042,Accessories,4,76.78,27.69,34.21,New,Cash
INV100395,12/23/2025 22:30,S020,SH0010,Shoes,5,99.42,17.5,57.35,Returning,Digital
INV109204,12/23/2025 23:00,S013,C0079,Clothing,4,46.27,7.47,30.78,Returning,Card
INV107123,12/23/2025 23:38,S016,A0025,Accessories,5,52,13.25,37.56,New,Card
INV102844,12/23/2025 23:57,S007,SH0040,Shoes,4,96.65,9.33,66.39,New,Card
INV103590,12/24/2025 1:27,S014,A0019,Accessories,7,15.21,21.11,8.28,Returning,Digital
INV108258,12/24/2025 2:15,S019,C0048,Clothing,4,116.92,8.73,61.05,New,Digital
INV103734,12/24/2025 2:17,S007,SH0015,Shoes,4,191.54,16.87,154.45,Returning,Digital
INV109523,12/24/2025 6:55,S010,C0007,Clothing,3,81.11,10.26,48.47,New,Cash
INV109572,12/24/2025 7:21,S012,C0033,Clothing,4,106.96,23.34,60.12,Returning,Card
INV107888,12/24/2025 7:46,S002,SH0020,Shoes,7,182.03,11.43,115.89,New,Card
INV105972,12/24/2025 9:20,S015,C0054,Clothing,9,52.99,15.54,29.32,New,Cash
INV100936,12/24/2025 9:23,S005,A0060,Accessories,6,27.83,6.94,16.4,New,Digital
INV106711,12/24/2025 9:31,S015,C0044,Clothing,4,110.28,23.32,59.53,Returning,Digital
INV105909,12/24/2025 10:09,S002,SH0015,Shoes,5,179.95,7.58,138.17,Returning,Cash
INV106870,12/24/2025 10:47,S003,A0002,Accessories,6,27,29.99,16.75,New,Card
INV108884,12/24/2025 13:22,S010,SH0010,Shoes,6,40.7,16.48,25.68,Returning,Digital
INV104598,12/24/2025 14:08,S012,A0030,Accessories,7,17.67,15.18,10.6,New,Digital
INV107856,12/24/2025 14:19,S019,SH0039,Shoes,9,76.67,8.68,50.13,Returning,Cash
INV107933,12/24/2025 14:46,S015,SH0022,Shoes,7,177.18,17.55,138.1,New,Cash
INV107201,12/24/2025 16:53,S007,A0030,Accessories,10,41.7,27.44,25.26,Returning,Cash
INV102514,12/24/2025 18:03,S008,C0037,Clothing,7,112.51,7.21,72.4,New,Card
INV104728,12/24/2025 18:35,S002,C0004,Clothing,6,50.22,17.46,33.2,New,Cash
INV100062,12/24/2025 18:58,S017,A0008,Accessories,9,42.81,28.57,21.68,Returning,Card
INV103053,12/24/2025 20:02,S019,A0039,Accessories,7,31.02,9.15,20.53,Returning,Cash
INV104646,12/24/2025 23:26,S015,A0034,Accessories,6,57.97,20.24,34.54,New,Digital
INV108743,12/24/2025 23:47,S012,C0099,Clothing,8,114.74,9.02,83.05,Returning,Cash
INV104448,12/25/2025 2:53,S020,A0003,Accessories,6,76.33,19.96,40.65,Returning,Digital
INV108970,12/25/2025 4:39,S015,A0026,Accessories,9,44.8,9.73,22.16,Returning,Digital
INV108493,12/25/2025 4:56,S004,SH0007,Shoes,7,166.06,24.93,98.52,New,Cash
INV102240,12/25/2025 5:21,S008,SH0007,Shoes,5,108.71,18,68.78,Returning,Digital
INV104489,12/25/2025 5:24,S015,A0019,Accessories,6,11.2,22.69,8.07,Returning,Cash
INV108917,12/25/2025 5:41,S008,SH0012,Shoes,9,137.08,16.08,77.15,Returning,Card
INV109813,12/25/2025 5:53,S018,C0094,Clothing,9,94.11,14.77,47.46,New,Cash
INV109660,12/25/2025 7:49,S014,C0019,Clothing,4,87.5,9.42,55.78,New,Card
INV101697,12/25/2025 9:00,S011,A0010,Accessories,4,12.36,17.42,6.44,New,Card
INV107429,12/25/2025 10:13,S001,C0084,Clothing,10,23,12.14,13.61,Returning,Cash
INV100008,12/25/2025 12:23,S006,C0066,Clothing,4,69.35,8.82,50.4,Returning,Digital
INV101897,12/25/2025 13:40,S009,SH0031,Shoes,10,135.42,8.37,109.74,Returning,Cash
INV104551,12/25/2025 14:33,S009,SH0003,Shoes,10,89.33,29.2,69.71,New,Digital
INV108696,12/25/2025 14:45,S016,A0057,Accessories,6,79.48,11.31,32.15,New,Digital
INV107368,12/25/2025 15:18,S001,C0010,Clothing,6,78,7.45,40.64,Returning,Cash
INV100505,12/25/2025 16:02,S008,SH0026,Shoes,4,116.68,16.31,92.11,New,Digital
INV108795,12/25/2025 16:15,S007,C0002,Clothing,3,46.89,17.89,35.76,Returning,Card
INV103021,12/25/2025 16:40,S006,A0048,Accessories,6,23.87,6.46,14.32,Returning,Digital
INV104291,12/25/2025 17:47,S014,SH0036,Shoes,10,191.87,5.03,152.26,Returning,Cash
INV103160,12/25/2025 18:18,S010,A0015,Accessories,7,64.39,7.39,40.79,New,Digital
INV101835,12/25/2025 19:46,S010,SH0013,Shoes,10,122.5,6.01,74.48,New,Card
INV108141,12/25/2025 19:51,S001,C0060,Clothing,3,35.78,27.57,25.97,Returning,Cash
INV100431,12/25/2025 20:03,S014,A0029,Accessories,7,37.86,16.53,19.18,Returning,Digital
INV105124,12/25/2025 20:18,S010,C0052,Clothing,9,113.17,24.2,59.7,New,Card
INV103104,12/25/2025 22:21,S018,A0024,Accessories,9,19.27,19.02,13.9,New,Cash
INV105948,12/25/2025 22:26,S005,A0044,Accessories,9,22.26,13.97,10.76,Returning,Cash
INV105486,12/25/2025 23:04,S011,C0096,Clothing,10,78.05,7.63,43.58,New,Cash
INV100156,12/25/2025 23:43,S010,SH0017,Shoes,6,137.61,11.98,83.62,New,Card
INV109457,12/26/2025 1:21,S006,SH0004,Shoes,9,195.69,14.83,119.85,Returning,Digital
INV106984,12/26/2025 2:43,S012,SH0010,Shoes,8,59.55,26.32,49.33,New,Digital
INV103807,12/26/2025 4:57,S020,SH0034,Shoes,9,134.04,27.58,89.13,New,Cash
INV103914,12/26/2025 6:17,S002,C0023,Clothing,7,23.28,10.42,17.41,Returning,Card
INV109727,12/26/2025 7:33,S008,SH0026,Shoes,9,83.79,26.54,67.22,Returning,Digital
INV109560,12/26/2025 9:09,S015,A0050,Accessories,9,45.38,12.72,21.04,New,Cash
INV105867,12/26/2025 9:43,S015,SH0026,Shoes,8,75.86,13.35,54.4,New,Cash
INV100824,12/26/2025 10:57,S009,SH0005,Shoes,6,101.69,7.57,74.29,New,Digital
INV106731,12/26/2025 11:44,S010,A0001,Accessories,3,50.74,7.61,20.54,New,Cash
INV107156,12/26/2025 13:14,S017,SH0034,Shoes,10,118.29,19.9,69.13,New,Cash
INV104280,12/26/2025 13:17,S004,A0059,Accessories,6,73.08,6.75,34.11,Returning,Cash
INV100775,12/26/2025 15:52,S005,C0074,Clothing,5,62.75,7.26,45.06,New,Card
INV103497,12/26/2025 17:04,S019,C0078,Clothing,5,96.06,17.36,65.79,New,Digital
INV105091,12/26/2025 17:11,S019,SH0029,Shoes,4,44.49,16.92,27.61,Returning,Digital
INV100444,12/26/2025 20:13,S017,SH0013,Shoes,4,150.4,12.69,94.2,Returning,Cash
INV101538,12/26/2025 20:27,S011,SH0017,Shoes,9,125.46,16.96,78.72,Returning,Card
INV109739,12/26/2025 20:28,S016,C0014,Clothing,4,75.48,20.76,45.71,Returning,Digital
INV104573,12/26/2025 20:38,S017,SH0011,Shoes,6,198.53,8.17,118.96,Returning,Card
INV109267,12/26/2025 21:32,S007,SH0033,Shoes,7,127.7,8.77,77.77,New,Cash
INV107124,12/27/2025 0:39,S002,A0044,Accessories,3,20.47,10.73,12.84,New,Cash
INV100066,12/27/2025 0:42,S016,SH0030,Shoes,8,106.12,20.57,64.34,Returning,Cash
INV105073,12/27/2025 4:29,S004,C0073,Clothing,4,93.32,28.79,56.39,Returning,Cash
INV101045,12/27/2025 5:56,S020,SH0032,Shoes,4,161.35,7.21,99.62,Returning,Cash
INV109626,12/27/2025 8:08,S003,SH0012,Shoes,4,118.63,28.94,90.99,Returning,Digital
INV103296,12/27/2025 9:06,S010,SH0014,Shoes,4,116.13,28.28,98.69,Returning,Digital
INV102589,12/27/2025 9:16,S018,A0051,Accessories,6,24.94,18.49,18.36,New,Digital
INV101681,12/27/2025 9:46,S012,C0087,Clothing,8,33.39,19.61,26.19,New,Card
INV102458,12/27/2025 11:40,S009,C0060,Clothing,4,78.26,27,43.61,New,Digital
INV107803,12/27/2025 11:58,S019,A0014,Accessories,5,40.92,15.14,22.47,New,Cash
INV107631,12/27/2025 12:21,S002,A0052,Accessories,5,59.88,8.3,40.64,New,Cash
INV103444,12/27/2025 13:04,S004,SH0003,Shoes,3,130.65,6.17,105.45,Returning,Card
INV102861,12/27/2025 14:11,S006,C0051,Clothing,9,61.23,8.2,35.97,Returning,Card
INV105012,12/27/2025 17:21,S016,C0070,Clothing,9,75.31,21.96,39.71,Returning,Cash
INV102377,12/27/2025 18:11,S020,SH0026,Shoes,9,196.79,22.94,120.89,Returning,Digital
INV102756,12/27/2025 18:12,S018,A0016,Accessories,4,57.48,11.13,27.27,Returning,Digital
INV101455,12/27/2025 18:17,S007,SH0031,Shoes,8,46.71,24.33,34.31,Returning,Card
INV101260,12/27/2025 19:36,S011,A0007,Accessories,6,36.59,13.12,22.64,Returning,Card
INV107945,12/27/2025 21:22,S005,SH0012,Shoes,5,51.93,15.19,43,Returning,Cash
INV100283,12/27/2025 22:05,S008,C0050,Clothing,6,24.97,26.43,18.88,New,Card
INV102282,12/27/2025 22:59,S016,SH0030,Shoes,6,148.21,26.07,111.23,New,Cash
INV102692,12/27/2025 23:07,S010,SH0021,Shoes,5,157.94,21.36,111.05,Returning,Digital
INV101976,12/28/2025 0:10,S018,SH0036,Shoes,4,168.48,7.98,97.13,Returning,Digital
INV102023,12/28/2025 0:52,S008,A0011,Accessories,5,59.02,15.78,31.72,Returning,Cash
INV103205,12/28/2025 4:09,S003,SH0028,Shoes,4,187.18,20.4,112.51,Returning,Cash
INV107930,12/28/2025 4:27,S019,SH0010,Shoes,7,108.14,6.03,91.82,New,Digital
INV106531,12/28/2025 5:13,S002,SH0011,Shoes,6,49.62,28.72,34.52,Returning,Digital
INV109485,12/28/2025 5:16,S017,A0022,Accessories,8,21.05,13.49,12.1,New,Cash
INV101071,12/28/2025 5:32,S010,A0002,Accessories,4,53.55,25.18,38.95,Returning,Cash
INV107114,12/28/2025 5:34,S013,A0030,Accessories,10,61.18,20.49,42.43,Returning,Card
INV105505,12/28/2025 8:00,S014,A0035,Accessories,4,34.4,8.2,25.57,New,Cash
INV105853,12/28/2025 8:56,S008,C0069,Clothing,8,108.62,15.29,54.7,New,Cash
INV106199,12/28/2025 10:41,S005,A0018,Accessories,8,10.26,19,7.67,New,Cash
INV106546,12/28/2025 10:46,S013,C0008,Clothing,7,69.86,24.62,44.83,Returning,Digital
INV104025,12/28/2025 11:30,S019,C0038,Clothing,8,117.24,29.79,82.14,New,Cash
INV102072,12/28/2025 11:41,S004,SH0007,Shoes,10,104.89,22.25,72.98,Returning,Card
INV106068,12/28/2025 12:14,S002,A0023,Accessories,5,69.15,11.88,30.5,Returning,Digital
INV107870,12/28/2025 13:22,S015,C0021,Clothing,5,119.74,18.95,81.68,Returning,Cash
INV106637,12/28/2025 16:19,S009,C0092,Clothing,4,74.99,26,52.61,New,Cash
INV102142,12/28/2025 17:48,S005,C0020,Clothing,6,68.18,20.09,39.79,New,Card
INV109818,12/28/2025 20:36,S007,A0037,Accessories,4,10.08,12.25,5.79,Returning,Digital
INV100630,12/28/2025 21:06,S017,SH0009,Shoes,4,88.74,26.16,59.64,New,Cash
INV102417,12/28/2025 21:12,S011,A0003,Accessories,8,64.01,24.41,27.55,Returning,Digital
INV103363,12/28/2025 22:11,S019,A0040,Accessories,4,29.7,22.42,17.62,Returning,Digital
INV102327,12/29/2025 0:17,S012,C0095,Clothing,5,97.79,24.78,66.2,New,Digital
INV104500,12/29/2025 0:21,S012,SH0020,Shoes,5,89.8,21.23,64.79,New,Cash
INV101855,12/29/2025 3:00,S008,C0076,Clothing,5,24.38,6.47,13.05,New,Cash
INV109305,12/29/2025 5:08,S016,C0004,Clothing,5,69.9,23.8,38.01,Returning,Digital
INV109379,12/29/2025 11:29,S003,C0037,Clothing,4,58.06,21.55,32.13,New,Digital
INV102382,12/29/2025 17:39,S018,A0049,Accessories,6,28.41,25.49,14.37,Returning,Cash
INV107383,12/29/2025 19:29,S003,SH0013,Shoes,7,95.34,9.79,70.74,Returning,Card
INV102920,12/29/2025 20:23,S002,SH0013,Shoes,10,112.51,14.91,66.28,Returning,Cash
INV106018,12/29/2025 23:14,S007,C0028,Clothing,7,72.36,19.37,40.5,Returning,Digital
INV108890,12/30/2025 0:13,S008,SH0035,Shoes,4,57.02,5.5,37.53,New,Digital
INV109112,12/30/2025 1:01,S011,A0041,Accessories,10,62.18,16.08,44.95,New,Cash
INV104687,12/30/2025 1:25,S018,A0020,Accessories,3,54.85,26.27,23.19,New,Cash
INV101523,12/30/2025 3:17,S019,A0008,Accessories,7,75.32,21.27,37.67,New,Cash
INV102066,12/30/2025 7:04,S018,A0034,Accessories,7,17.98,26.34,7.21,New,Cash
INV107257,12/30/2025 9:24,S019,C0020,Clothing,7,93.22,13.55,60.95,Returning,Digital
INV103611,12/31/2025 13:30,S020,A0050,Accessories,5,41.61,5.75,30.94,Returning,Card
INV107689,12/31/2025 14:10,S002,A0044,Accessories,4,42.38,8.15,20.59,Returning,Cash
INV109223,12/31/2025 14:51,S011,C0026,Clothing,7,42.07,28.28,30.52,Returning,Cash
INV102400,12/31/2025 18:31,S012,C0093,Clothing,6,65.54,20.04,50.8,Returning,Digital
INV105653,12/31/2025 21:01,S011,A0043,Accessories,7,21.79,26.33,12.18,New,Digital
INV103124,1/1/2026 1:50,S001,SH0032,Shoes,2,113.53,14.29,81.45,New,Card
INV108265,1/1/2026 2:11,S003,SH0018,Shoes,6,118.36,9.83,69,New,Cash
INV102989,1/1/2026 10:02,S011,A0047,Accessories,3,72.62,15.47,52.46,Returning,Cash
INV102975,1/1/2026 12:07,S015,C0049,Clothing,4,100.9,4.85,68.46,Returning,Digital
INV102895,1/1/2026 14:12,S001,A0037,Accessories,1,60.88,1.81,37.27,New,Digital
INV103743,1/1/2026 15:55,S008,SH0009,Shoes,2,66.21,0.84,39.78,New,Cash
INV108334,1/1/2026 19:09,S004,SH0023,Shoes,6,135.27,16.6,113.14,New,Card
INV104350,1/1/2026 22:21,S012,C0004,Clothing,3,100.41,5.48,73.25,Returning,Card
INV101458,1/2/2026 13:11,S020,A0055,Accessories,4,15.43,0.47,8.63,New,Cash
INV105008,1/2/2026 13:21,S017,SH0006,Shoes,4,76.19,0.44,44.31,Returning,Digital
INV103562,1/3/2026 4:44,S016,C0075,Clothing,1,106.51,6.57,57.19,New,Digital
INV106158,1/3/2026 4:51,S009,A0048,Accessories,1,31.49,18.53,18.02,Returning,Cash
INV108926,1/3/2026 7:30,S018,SH0026,Shoes,5,71.66,16.7,55.36,Returning,Cash
INV101114,1/3/2026 9:38,S017,SH0019,Shoes,3,74.92,14.71,46.85,New,Digital
INV101760,1/3/2026 13:08,S008,SH0002,Shoes,5,95.49,20,73.91,New,Cash
INV105927,1/3/2026 16:55,S004,C0011,Clothing,4,71.54,15.81,48.6,Returning,Cash
INV100141,1/3/2026 18:09,S001,SH0040,Shoes,5,155.3,0.82,113.61,New,Cash
INV105984,1/3/2026 18:13,S012,C0044,Clothing,4,67.69,10.94,42.94,New,Digital
INV103986,1/3/2026 18:44,S009,C0040,Clothing,2,100.73,10.04,70.42,New,Cash
INV106326,1/3/2026 18:51,S002,A0012,Accessories,4,62.71,13.84,30.93,New,Cash
INV105742,1/3/2026 23:23,S013,SH0020,Shoes,1,61.41,6.59,45.47,New,Card
INV105775,1/4/2026 3:33,S014,C0046,Clothing,4,51.41,1.02,29.78,Returning,Cash
INV102222,1/4/2026 5:23,S006,SH0035,Shoes,2,146.17,10.51,118.66,New,Cash
INV104514,1/4/2026 9:17,S019,SH0022,Shoes,4,140.72,14.74,114.66,Returning,Cash
INV100495,1/4/2026 9:26,S014,A0045,Accessories,3,18.88,10.46,8.5,New,Cash
INV103597,1/4/2026 14:58,S003,A0055,Accessories,5,60.78,15.81,35,New,Cash
INV104503,1/4/2026 15:00,S002,A0051,Accessories,2,49.02,5.55,21.37,Returning,Card
INV107263,1/4/2026 16:10,S015,SH0029,Shoes,5,150.63,12.17,116.7,New,Card
INV109499,1/4/2026 16:33,S012,C0060,Clothing,3,79.22,5.35,51.99,New,Digital
INV107571,1/4/2026 23:18,S017,A0052,Accessories,2,43.81,8.67,23.43,Returning,Cash
INV108482,1/5/2026 0:08,S005,SH0026,Shoes,4,98.05,1.61,56.33,New,Card
INV101478,1/5/2026 1:34,S010,A0058,Accessories,4,63.6,12.58,27.82,New,Digital
INV107276,1/5/2026 2:50,S005,C0001,Clothing,1,93.77,18.9,68.62,Returning,Cash
INV102307,1/5/2026 4:14,S004,A0032,Accessories,5,15.28,6.84,10.08,Returning,Cash
INV103168,1/5/2026 9:28,S019,A0004,Accessories,6,71.63,16.59,43.1,New,Digital
INV106975,1/5/2026 14:40,S016,A0019,Accessories,2,24.49,6.27,10.55,Returning,Card
INV108167,1/5/2026 16:44,S016,SH0038,Shoes,2,180.88,16.2,127.05,Returning,Digital
INV106177,1/5/2026 19:22,S012,C0014,Clothing,2,74.16,2.12,56.52,New,Cash
INV106742,1/5/2026 19:52,S016,SH0027,Shoes,6,62.14,18.87,52.25,New,Cash
INV106350,1/5/2026 20:43,S009,SH0038,Shoes,2,98.18,0.91,55.66,New,Cash
INV100585,1/5/2026 21:00,S019,C0084,Clothing,6,82.24,20,52.3,New,Cash
INV107750,1/6/2026 0:21,S008,A0009,Accessories,4,40.16,15.66,22.22,Returning,Cash
INV108810,1/6/2026 1:30,S014,C0049,Clothing,1,97.74,19.37,73.86,New,Digital
INV100475,1/6/2026 4:53,S007,A0050,Accessories,6,36.82,12.75,23.24,Returning,Cash
INV108908,1/6/2026 5:48,S015,C0018,Clothing,5,33.77,5.93,17.47,Returning,Cash
INV105932,1/6/2026 6:12,S018,SH0015,Shoes,1,166.13,16.23,92.44,New,Cash
INV104478,1/6/2026 10:51,S002,C0075,Clothing,6,50.2,9.93,35.21,Returning,Cash
INV106857,1/6/2026 12:09,S011,SH0031,Shoes,6,108.41,11.8,81.8,New,Card
INV102951,1/6/2026 14:15,S018,SH0009,Shoes,1,127.76,16.94,91.91,New,Cash
INV106367,1/6/2026 18:39,S004,SH0019,Shoes,6,131.45,1.11,96.49,New,Card
INV103210,1/6/2026 21:43,S009,SH0024,Shoes,6,112.43,12.24,70.09,Returning,Card
INV100090,1/7/2026 0:17,S001,C0017,Clothing,1,74.02,13.22,54.74,New,Cash
INV102421,1/7/2026 5:02,S020,SH0023,Shoes,4,130.16,9.92,88.88,New,Cash
INV106093,1/7/2026 6:54,S007,A0029,Accessories,2,71.58,16.18,30.93,Returning,Cash
INV108627,1/7/2026 7:55,S010,A0028,Accessories,1,36.65,19.49,19.87,New,Digital
INV106225,1/7/2026 8:25,S015,SH0032,Shoes,3,88.88,0.48,67.97,Returning,Digital
INV104697,1/7/2026 12:31,S003,C0063,Clothing,2,105.35,10.83,71.05,Returning,Cash
INV109524,1/7/2026 19:20,S016,A0057,Accessories,6,77.44,8.59,42.5,New,Digital
INV107938,1/8/2026 0:58,S010,A0010,Accessories,5,77.35,14.7,46.47,Returning,Cash
INV106815,1/8/2026 1:37,S008,A0010,Accessories,6,17.54,6.88,9.12,New,Digital
INV105887,1/8/2026 6:48,S010,SH0021,Shoes,6,116.99,12.97,79.28,New,Card
INV108635,1/8/2026 8:54,S004,SH0013,Shoes,6,164.03,15.25,115.79,Returning,Digital
INV104938,1/8/2026 11:58,S012,C0018,Clothing,5,44.47,4.39,25.92,New,Card
INV105762,1/8/2026 15:10,S011,A0034,Accessories,3,62.29,15.93,42.25,Returning,Card
INV101295,1/8/2026 16:59,S010,C0089,Clothing,6,57.73,9.95,37.04,New,Digital
INV103954,1/8/2026 19:12,S017,A0021,Accessories,1,27.42,4.01,14.98,Returning,Cash
INV103529,1/9/2026 2:45,S015,C0014,Clothing,3,32.3,12.38,25.5,Returning,Card
INV104459,1/9/2026 15:00,S015,SH0028,Shoes,6,176.52,19.21,112.17,New,Cash
INV107475,1/9/2026 17:30,S007,A0016,Accessories,4,33.2,1.28,19.29,Returning,Card
INV109407,1/9/2026 17:34,S002,SH0011,Shoes,1,139.4,19.8,110.27,Returning,Card
INV103618,1/9/2026 19:44,S015,SH0002,Shoes,5,129.57,9.9,96.4,New,Digital
INV103280,1/9/2026 22:00,S006,A0027,Accessories,2,63.99,12.75,43.47,Returning,Cash
INV102788,1/9/2026 22:55,S006,C0037,Clothing,2,99.83,6.89,74,Returning,Card
INV109416,1/10/2026 1:30,S018,SH0030,Shoes,6,113.37,10.8,82.15,Returning,Digital
INV104807,1/10/2026 2:29,S007,A0037,Accessories,3,49.05,3.35,27.31,Returning,Digital
INV103365,1/10/2026 3:16,S007,A0038,Accessories,6,34.42,2.9,25.54,New,Digital
INV108691,1/10/2026 13:13,S019,A0027,Accessories,2,29.5,13.48,16.85,New,Card
INV100929,1/10/2026 13:55,S011,A0045,Accessories,4,24.65,10.91,14.71,New,Card
INV106800,1/10/2026 16:54,S011,SH0032,Shoes,1,139.4,15.7,111.3,Returning,Cash
INV108232,1/10/2026 17:51,S016,A0043,Accessories,3,54.63,15.1,31.91,New,Digital
INV105501,1/10/2026 22:25,S020,C0075,Clothing,4,63.96,15.74,50.32,Returning,Digital
INV102119,1/11/2026 0:29,S002,SH0038,Shoes,4,153.03,9.64,113.92,New,Cash
INV108867,1/11/2026 2:48,S009,A0048,Accessories,3,46.86,7.16,22.31,Returning,Card
INV102231,1/11/2026 5:30,S002,A0036,Accessories,3,13.42,8.72,8.32,New,Digital
INV102982,1/11/2026 8:29,S020,SH0031,Shoes,4,151.6,14.05,93.08,New,Digital
INV105245,1/11/2026 10:08,S017,C0099,Clothing,6,47.73,8.9,28.91,New,Card
INV100686,1/11/2026 10:40,S011,A0044,Accessories,2,74.72,6.64,50.06,Returning,Cash
INV102750,1/11/2026 12:19,S019,C0063,Clothing,5,64.96,7.24,44.87,New,Digital
INV108724,1/11/2026 13:18,S016,A0035,Accessories,5,71.05,1.22,32.18,Returning,Cash
INV105216,1/11/2026 13:47,S019,C0036,Clothing,6,81.51,6.82,48.6,Returning,Card
INV109511,1/11/2026 14:07,S005,A0039,Accessories,4,40.95,11.82,26.32,Returning,Cash
INV100818,1/11/2026 17:00,S017,SH0017,Shoes,1,188.25,10.72,114.43,New,Cash
INV106453,1/12/2026 4:31,S007,A0006,Accessories,4,52.34,10.77,30.82,New,Cash
INV100353,1/12/2026 4:50,S015,C0080,Clothing,6,85.96,13.71,49.8,New,Cash
INV104909,1/12/2026 7:00,S002,C0100,Clothing,5,118.51,7.31,62.37,Returning,Cash
INV102175,1/12/2026 10:05,S005,SH0014,Shoes,5,40.25,17.19,25.69,Returning,Card
INV103211,1/12/2026 12:04,S016,A0016,Accessories,3,69.1,9.58,35.38,Returning,Card
INV107565,1/12/2026 13:04,S012,SH0003,Shoes,4,69.07,15.42,47.8,New,Cash
INV109683,1/13/2026 3:41,S010,C0027,Clothing,6,70.1,10.64,55.18,Returning,Digital
INV103633,1/13/2026 3:57,S009,SH0014,Shoes,3,172.38,17.53,145.6,New,Card
INV107509,1/13/2026 6:05,S008,SH0031,Shoes,2,45.74,15.77,31.29,New,Digital
INV105381,1/13/2026 6:34,S016,A0032,Accessories,6,26.7,7.93,11.36,New,Digital
INV100537,1/13/2026 6:37,S009,C0024,Clothing,2,87.06,16.92,44.29,Returning,Card
INV108397,1/13/2026 8:16,S005,C0051,Clothing,3,76.91,7.68,53.16,New,Digital
INV103563,1/13/2026 11:31,S004,A0023,Accessories,4,75.53,11.82,37.54,Returning,Cash
INV102792,1/13/2026 11:37,S003,C0011,Clothing,5,92.55,3.74,65.2,New,Card
INV101311,1/13/2026 11:41,S010,SH0009,Shoes,1,145.16,16.72,104.28,New,Card
INV106934,1/13/2026 11:53,S011,SH0022,Shoes,6,138.83,13.18,105.2,Returning,Card
INV104710,1/13/2026 17:40,S003,SH0008,Shoes,3,175.44,3.37,144.66,Returning,Cash
INV105141,1/13/2026 22:22,S010,C0060,Clothing,4,94.26,19,60.18,New,Cash
INV108271,1/13/2026 23:16,S014,C0047,Clothing,2,102.08,8.44,57.47,Returning,Cash
INV105214,1/14/2026 2:11,S019,SH0014,Shoes,4,51.58,17.78,29.88,Returning,Digital
INV104872,1/14/2026 11:08,S001,C0044,Clothing,3,104.97,15.78,54.29,Returning,Digital
INV102370,1/14/2026 12:41,S013,A0027,Accessories,2,65.08,7.92,29.81,Returning,Cash
INV102279,1/14/2026 14:06,S014,A0006,Accessories,2,69.99,0.65,45.13,Returning,Cash
INV103300,1/14/2026 15:02,S003,SH0028,Shoes,3,120.31,16.73,79.17,Returning,Card
INV108873,1/14/2026 15:31,S007,C0093,Clothing,5,45.26,12.34,27.69,Returning,Card
INV108843,1/14/2026 21:55,S004,A0026,Accessories,2,38.64,13.32,23.13,Returning,Digital
INV103544,1/15/2026 0:25,S011,C0077,Clothing,3,31.21,0.65,20.16,New,Digital
INV100349,1/15/2026 0:32,S005,C0057,Clothing,6,36.56,5.62,19.13,New,Cash
INV102908,1/15/2026 1:14,S008,C0089,Clothing,4,80.05,6.93,43.58,Returning,Card
INV105476,1/15/2026 3:11,S014,SH0034,Shoes,3,69.08,10.46,53.07,New,Cash
INV109522,1/15/2026 3:31,S020,A0027,Accessories,4,40.94,4.89,21.05,New,Card
INV109611,1/15/2026 4:01,S004,SH0009,Shoes,2,178.79,5.19,123.55,New,Digital
INV105684,1/15/2026 4:31,S003,SH0004,Shoes,2,79.03,13.56,56.55,New,Digital
INV102931,1/15/2026 8:56,S012,C0088,Clothing,6,113.51,18.18,82.61,New,Digital
INV109562,1/15/2026 9:04,S004,SH0036,Shoes,5,50.92,8.51,31.86,New,Cash
INV103749,1/15/2026 10:24,S017,SH0032,Shoes,3,199.59,17.89,120.78,Returning,Card
INV102315,1/15/2026 12:23,S017,C0044,Clothing,3,110.4,4.46,80.13,New,Cash
INV104062,1/15/2026 14:34,S002,A0018,Accessories,6,26.06,18.54,11.18,New,Card
INV103459,1/15/2026 15:49,S016,C0037,Clothing,3,71.57,12.87,37.32,New,Card
INV102311,1/15/2026 20:28,S015,A0039,Accessories,4,21.54,6.68,8.76,Returning,Digital
INV109081,1/15/2026 23:50,S013,C0060,Clothing,3,83.3,9.76,50.94,Returning,Cash
INV105314,1/16/2026 0:26,S001,C0032,Clothing,2,113.42,9.23,71,Returning,Cash
INV102798,1/16/2026 0:54,S005,SH0002,Shoes,4,80.29,17.66,55.99,New,Cash
INV100773,1/16/2026 4:11,S010,SH0022,Shoes,2,135.94,17.86,102.48,Returning,Card
INV102109,1/16/2026 4:24,S014,A0052,Accessories,2,14.5,10.18,8.09,New,Digital
INV102160,1/16/2026 7:15,S014,C0061,Clothing,6,57.09,10.54,44.63,Returning,Digital
INV100899,1/16/2026 7:28,S008,A0015,Accessories,2,49.85,18.51,34.37,Returning,Digital
INV102163,1/16/2026 13:18,S002,C0042,Clothing,4,80.09,8.1,60.22,Returning,Card
INV101411,1/16/2026 13:44,S020,A0054,Accessories,2,52.69,14.41,28.15,Returning,Cash
INV108034,1/16/2026 14:17,S013,A0057,Accessories,2,49.84,16.51,22.81,New,Cash
INV101128,1/16/2026 17:12,S002,SH0013,Shoes,1,193.24,5.91,140.93,New,Digital
INV107627,1/16/2026 22:08,S015,C0097,Clothing,1,110.98,13.45,83.46,New,Digital
INV105441,1/17/2026 0:17,S008,A0042,Accessories,3,40.21,11.83,16.71,New,Digital
INV107047,1/17/2026 3:34,S007,A0040,Accessories,5,61.21,17.86,41.01,Returning,Cash
INV103968,1/17/2026 8:59,S005,C0055,Clothing,3,86.55,10.05,56.81,Returning,Digital
INV109968,1/17/2026 11:27,S015,SH0008,Shoes,1,70.86,0.52,39.9,Returning,Digital
INV109024,1/17/2026 13:03,S017,A0059,Accessories,5,17.64,5.83,12.81,New,Cash
INV100402,1/17/2026 22:04,S002,C0084,Clothing,1,69.14,9.36,53.03,Returning,Digital
INV107440,1/18/2026 1:09,S009,A0002,Accessories,5,40.78,8.08,18.88,New,Card
INV106535,1/18/2026 3:08,S003,SH0012,Shoes,2,101.42,6.11,80.89,Returning,Digital
INV108065,1/18/2026 4:53,S014,SH0017,Shoes,2,101.31,0.09,58.68,New,Card
INV103831,1/18/2026 5:53,S005,C0035,Clothing,3,105.76,18.09,69.11,Returning,Cash
INV104538,1/18/2026 7:03,S006,SH0034,Shoes,5,138.82,14.03,86.1,New,Digital
INV108894,1/18/2026 9:11,S003,A0022,Accessories,2,12.81,1.23,5.75,Returning,Cash
INV106647,1/18/2026 9:41,S005,SH0037,Shoes,1,40.79,2.88,31.59,Returning,Digital
INV100626,1/18/2026 10:25,S001,C0063,Clothing,4,106.2,3.61,53.84,Returning,Card
INV106944,1/18/2026 11:09,S003,C0064,Clothing,6,115.08,16.83,74.2,New,Card
INV108126,1/18/2026 13:46,S008,C0007,Clothing,4,39.47,7.92,21.22,New,Digital
INV103120,1/18/2026 15:10,S011,A0034,Accessories,5,61.84,10.07,28.56,Returning,Cash
INV100897,1/18/2026 15:42,S008,SH0029,Shoes,5,90.71,5.86,55.2,Returning,Cash
INV104331,1/18/2026 20:32,S017,A0035,Accessories,1,13.3,10.08,7.72,New,Cash
INV100988,1/18/2026 20:34,S002,C0057,Clothing,3,68.08,16.23,48.87,Returning,Card
INV104488,1/19/2026 2:02,S007,A0038,Accessories,1,32.81,12.06,20.17,New,Cash
INV104989,1/19/2026 2:39,S006,C0098,Clothing,1,103.11,3.37,74.85,New,Cash
INV101139,1/19/2026 8:21,S015,A0058,Accessories,3,28.22,9.03,12.47,Returning,Cash
INV104441,1/19/2026 17:59,S013,C0020,Clothing,5,37.25,11.65,21.33,New,Card
INV100237,1/20/2026 1:19,S016,SH0012,Shoes,6,59.11,0.23,45.06,Returning,Digital
INV104184,1/20/2026 1:22,S008,SH0029,Shoes,5,82.36,17.89,55.93,New,Cash
INV108749,1/20/2026 6:24,S002,C0022,Clothing,4,39.06,8.46,29.37,New,Cash
INV104320,1/20/2026 7:15,S003,A0001,Accessories,3,14.28,1.79,6.23,New,Digital
INV103503,1/20/2026 13:11,S004,C0088,Clothing,4,51.01,8.39,30.15,Returning,Digital
INV102288,1/20/2026 16:16,S013,A0034,Accessories,1,70.08,16.86,46.22,New,Digital
INV101334,1/20/2026 17:18,S002,SH0002,Shoes,1,192.49,17.02,113.2,New,Digital
INV101228,1/20/2026 18:14,S002,A0054,Accessories,3,51.36,17.83,28.62,New,Digital
INV101929,1/21/2026 3:27,S004,A0001,Accessories,2,33.57,1.54,24.57,Returning,Digital
INV101005,1/21/2026 6:36,S020,C0042,Clothing,2,35.64,17.05,26.01,New,Card
INV108892,1/21/2026 9:56,S010,A0043,Accessories,6,73.1,1.79,45.69,New,Card
INV101044,1/21/2026 14:09,S009,SH0022,Shoes,1,180.04,7.63,150.31,New,Digital
INV106351,1/21/2026 14:19,S012,C0051,Clothing,6,44.71,16.87,34.1,New,Card
INV104241,1/21/2026 17:39,S009,A0011,Accessories,6,42.69,6.29,30.26,New,Cash
INV102392,1/21/2026 18:04,S019,A0028,Accessories,2,29.17,4.51,20.21,New,Digital
INV107371,1/21/2026 19:48,S017,C0070,Clothing,1,111.5,16.37,84.29,New,Card
INV105823,1/22/2026 5:23,S013,SH0039,Shoes,6,100.98,6.43,67.97,Returning,Cash
INV104110,1/22/2026 12:07,S002,A0029,Accessories,3,46.87,4.17,31.88,Returning,Card
INV101270,1/22/2026 14:17,S010,A0039,Accessories,1,24.99,3.93,16.41,Returning,Digital
INV109251,1/22/2026 15:23,S020,SH0001,Shoes,1,168.05,0.03,122.17,Returning,Card
INV101625,1/22/2026 19:27,S006,A0009,Accessories,2,32.08,3.68,17.61,New,Digital
INV100606,1/22/2026 19:50,S007,C0072,Clothing,6,24.2,2.36,12.87,Returning,Cash
INV103782,1/22/2026 21:32,S019,C0093,Clothing,6,106.14,2.21,67.45,New,Digital
INV105494,1/23/2026 5:20,S008,A0031,Accessories,3,29.19,6.25,15.84,New,Cash
INV107713,1/23/2026 9:15,S004,A0039,Accessories,6,64.69,18.12,46.11,New,Digital
INV109667,1/23/2026 15:30,S018,SH0001,Shoes,6,85.56,8.45,52.58,Returning,Digital
INV107090,1/23/2026 15:34,S005,A0052,Accessories,4,34.35,12.45,14.34,Returning,Cash
INV107053,1/23/2026 20:48,S018,C0078,Clothing,4,66.42,2.16,39.85,New,Digital
INV100599,1/23/2026 21:57,S018,A0015,Accessories,4,60,11.53,35.09,New,Card
INV104531,1/23/2026 23:13,S007,A0036,Accessories,4,37.66,6.87,15.73,New,Digital
INV103737,1/24/2026 0:00,S006,A0042,Accessories,4,47.16,7.28,28.84,New,Card
INV101079,1/24/2026 0:02,S008,A0014,Accessories,3,73.02,0.09,32.18,Returning,Cash
INV100310,1/24/2026 1:00,S016,C0065,Clothing,2,104.88,1.5,79.24,Returning,Cash
INV102998,1/24/2026 2:30,S008,A0004,Accessories,6,79.47,16.07,37.42,New,Digital
INV108489,1/24/2026 3:21,S001,SH0019,Shoes,3,72.08,17.04,52.2,Returning,Card
INV104455,1/24/2026 4:15,S003,SH0021,Shoes,2,130.4,7.23,81.46,Returning,Cash
INV101177,1/24/2026 4:51,S011,SH0019,Shoes,6,70.39,10.86,53.2,New,Card
INV104238,1/24/2026 10:03,S002,C0019,Clothing,1,111.68,6.64,68.77,Returning,Card
INV100374,1/24/2026 10:23,S013,A0028,Accessories,3,24.74,7.3,15.96,Returning,Card
INV108295,1/24/2026 10:26,S006,A0041,Accessories,1,54.46,16.65,29.93,New,Cash
INV107446,1/24/2026 10:53,S013,C0019,Clothing,6,41.35,12.5,28.58,Returning,Cash
INV104665,1/24/2026 11:11,S010,SH0007,Shoes,4,196.08,1.51,143.67,New,Digital
INV107466,1/24/2026 11:51,S016,SH0014,Shoes,6,110.56,11.35,80.5,Returning,Cash
INV101098,1/24/2026 16:47,S002,C0087,Clothing,1,29.71,0.17,15.44,Returning,Cash
INV101041,1/24/2026 19:04,S006,A0009,Accessories,2,20.07,7.82,13.81,Returning,Card
INV105765,1/24/2026 21:48,S016,SH0012,Shoes,4,89.59,10.38,70.74,New,Card
INV104789,1/24/2026 22:56,S020,A0018,Accessories,2,43.28,7.28,29.26,Returning,Card
INV102001,1/25/2026 5:40,S006,A0019,Accessories,4,28.85,17.19,16.18,Returning,Cash
INV109067,1/25/2026 10:06,S009,SH0015,Shoes,2,105.64,4.61,83.79,New,Card
INV108695,1/25/2026 13:41,S020,A0053,Accessories,6,57.43,18.33,31.11,New,Cash
INV106728,1/25/2026 15:47,S011,C0039,Clothing,1,81.16,17.06,44.81,Returning,Cash
INV105895,1/25/2026 16:53,S014,C0086,Clothing,4,58.5,12.04,46.31,New,Cash
INV101258,1/25/2026 18:51,S001,SH0012,Shoes,1,140.4,2.98,118.39,Returning,Digital
INV107019,1/25/2026 19:20,S003,A0033,Accessories,5,14.28,8.66,5.84,New,Cash
INV102216,1/25/2026 19:53,S005,C0027,Clothing,4,58.94,12.94,46.43,New,Cash
INV104089,1/26/2026 1:02,S014,A0040,Accessories,5,40.27,18.29,16.55,Returning,Card
INV106631,1/26/2026 1:31,S012,C0051,Clothing,3,66.49,3.16,40.35,Returning,Cash
INV104819,1/26/2026 1:56,S001,SH0035,Shoes,3,183.9,10.78,126.91,New,Digital
INV104705,1/26/2026 3:51,S006,SH0039,Shoes,2,75.8,15.07,52.46,New,Digital
INV109700,1/26/2026 7:43,S010,SH0035,Shoes,1,72.79,3.42,56.59,Returning,Digital
INV102368,1/26/2026 9:05,S006,SH0026,Shoes,4,194.16,0.34,110.91,Returning,Card
INV103673,1/26/2026 11:45,S004,C0087,Clothing,1,63.99,7.02,44.4,Returning,Digital
INV103721,1/26/2026 14:54,S013,A0047,Accessories,1,16.1,14.28,9.37,Returning,Digital
INV105540,1/26/2026 16:49,S003,C0007,Clothing,6,89.36,6.56,57.98,Returning,Card
INV109851,1/26/2026 20:35,S017,SH0005,Shoes,4,145.54,6.23,116.04,New,Cash
INV108050,1/26/2026 23:22,S016,C0073,Clothing,4,119.77,3.7,71.51,Returning,Cash
INV105277,1/26/2026 23:54,S015,C0065,Clothing,6,56.83,18.14,30.44,Returning,Card
INV108174,1/27/2026 0:39,S019,A0010,Accessories,3,59.21,0.72,26.6,New,Cash
INV102362,1/27/2026 4:46,S014,A0043,Accessories,3,57.36,14.53,25.82,New,Card
INV107810,1/27/2026 6:21,S008,C0039,Clothing,6,80.77,5.71,45.14,Returning,Cash
INV109714,1/27/2026 7:03,S016,SH0028,Shoes,3,64.96,17.86,49.46,Returning,Digital
INV107327,1/27/2026 11:53,S012,A0047,Accessories,4,48.33,8.19,34,New,Card
INV109039,1/27/2026 21:55,S004,A0014,Accessories,5,79.6,11.23,50.17,New,Card
INV109705,1/27/2026 23:29,S017,C0093,Clothing,5,47.72,15.01,35.16,Returning,Cash
INV100903,1/28/2026 3:46,S014,C0095,Clothing,4,112.07,12.62,87.97,Returning,Card
INV103521,1/28/2026 4:04,S006,C0075,Clothing,1,71.63,6.12,51.52,Returning,Digital
INV103887,1/28/2026 4:47,S010,A0031,Accessories,4,11.65,1.06,7.35,Returning,Card
INV102575,1/28/2026 6:16,S020,C0068,Clothing,5,119.2,0.76,67.23,Returning,Digital
INV109447,1/28/2026 11:22,S005,A0004,Accessories,1,51.7,15.87,24.63,New,Digital
INV107904,1/28/2026 13:15,S007,SH0021,Shoes,3,159.88,6.43,128.4,Returning,Card
INV106715,1/28/2026 13:15,S018,A0026,Accessories,1,57.76,13.53,24.7,Returning,Card
INV105102,1/28/2026 13:50,S020,SH0021,Shoes,4,105.26,19.39,80.5,Returning,Card
INV100416,1/28/2026 14:39,S003,A0003,Accessories,6,74.69,7.48,35.98,New,Digital
INV109376,1/28/2026 17:47,S011,A0048,Accessories,6,38.84,12.65,27.91,Returning,Card
INV105841,1/28/2026 19:08,S010,A0009,Accessories,2,54.56,3.69,30.68,New,Cash
INV106871,1/28/2026 19:45,S015,SH0037,Shoes,2,171.55,17.59,145.26,Returning,Card
INV107924,1/28/2026 21:50,S020,A0041,Accessories,4,70.95,11.44,38.02,Returning,Card
INV100151,1/28/2026 23:53,S010,SH0022,Shoes,4,121.17,14.17,85.17,Returning,Cash
INV100301,1/29/2026 3:18,S007,C0064,Clothing,3,39.86,16.63,22.32,Returning,Digital
INV108872,1/29/2026 3:36,S004,SH0040,Shoes,5,107.23,19.44,68.47,New,Digital
INV105292,1/29/2026 3:44,S011,SH0031,Shoes,5,174.71,11.2,124.73,New,Card
INV101483,1/29/2026 10:02,S005,A0003,Accessories,4,76.91,14.08,44.02,Returning,Digital
INV106142,1/29/2026 12:42,S006,C0034,Clothing,6,72.2,16.92,46.76,Returning,Cash
INV109162,1/29/2026 13:23,S013,C0039,Clothing,4,105.44,5.59,65.99,Returning,Cash
INV109030,1/29/2026 14:38,S010,C0062,Clothing,4,73.12,13.4,46.17,New,Digital
INV108965,1/29/2026 14:51,S004,SH0027,Shoes,5,186.14,8.04,156.94,New,Digital
INV103284,1/29/2026 15:44,S017,SH0023,Shoes,3,66.11,10.54,55.9,New,Card
INV103661,1/29/2026 22:39,S013,SH0014,Shoes,5,158.77,5.65,132.17,Returning,Cash
INV108765,1/29/2026 23:40,S012,SH0023,Shoes,1,51.88,0.97,35.72,Returning,Cash
INV108361,1/29/2026 23:50,S017,C0093,Clothing,6,103.16,12.2,70.96,New,Digital
INV106874,1/30/2026 0:37,S012,A0017,Accessories,1,36.67,19.25,20.97,New,Card
INV105303,1/30/2026 5:45,S012,A0021,Accessories,5,31.43,9.45,21.11,Returning,Card
INV109489,1/30/2026 6:44,S015,SH0003,Shoes,2,46.3,2.08,34.47,Returning,Cash
INV107587,1/30/2026 12:40,S020,C0057,Clothing,4,87.47,5.07,66.8,Returning,Cash
INV107227,1/30/2026 12:55,S014,C0097,Clothing,6,115.98,2.72,90,New,Digital
INV108393,1/30/2026 12:57,S020,C0030,Clothing,3,29.83,4.03,23.39,Returning,Digital
INV104690,1/30/2026 16:53,S006,SH0013,Shoes,2,66.54,6.73,54.52,New,Card
INV109526,1/30/2026 21:43,S003,C0086,Clothing,3,68.53,18.95,40.13,New,Digital
INV109749,1/30/2026 21:55,S003,SH0021,Shoes,6,81.98,1.86,58.45,Returning,Cash
INV102198,1/31/2026 1:51,S018,SH0020,Shoes,1,152.94,18.33,115.2,Returning,Card
INV108103,1/31/2026 4:30,S008,SH0030,Shoes,4,125.43,11.09,76.46,New,Card
INV104831,1/31/2026 9:12,S005,A0009,Accessories,3,45.27,6.7,21.08,Returning,Cash
INV104887,1/31/2026 9:49,S015,A0014,Accessories,4,78.04,7.87,53.67,Returning,Card
INV100036,1/31/2026 10:05,S008,C0087,Clothing,2,51.04,0.49,37.87,Returning,Digital
INV105048,1/31/2026 14:36,S003,C0005,Clothing,2,52.08,15.31,41.52,New,Digital
INV108534,1/31/2026 15:36,S006,C0100,Clothing,2,84.77,1.5,65.12,Returning,Digital
INV109483,1/31/2026 16:05,S017,C0073,Clothing,2,82.7,13.44,48.61,Returning,Card
INV108647,1/31/2026 17:05,S010,SH0023,Shoes,3,79.44,16.33,60.75,Returning,Digital
INV108421,1/31/2026 18:35,S001,C0031,Clothing,1,83.73,10.29,60.74,Returning,Digital
INV104527,1/31/2026 23:19,S005,A0006,Accessories,6,58.98,7.36,27.25,New,Card
INV109331,2/1/2026 6:42,S017,C0099,Clothing,5,37.3,1.34,23.28,Returning,Cash
INV102005,2/1/2026 10:43,S018,A0023,Accessories,1,22.69,6.44,10.84,New,Digital
INV102691,2/1/2026 10:54,S001,A0048,Accessories,6,45.13,15.98,24.18,Returning,Digital
INV103829,2/1/2026 11:21,S019,A0043,Accessories,2,30.89,13.72,22.51,Returning,Card
INV101159,2/1/2026 11:43,S018,C0049,Clothing,1,23.87,9.5,15.43,New,Cash
INV107804,2/1/2026 12:12,S017,C0009,Clothing,2,68.61,14.16,37.85,New,Card
INV107940,2/1/2026 12:15,S013,A0031,Accessories,1,42.59,4.65,18.86,New,Cash
INV105868,2/1/2026 15:44,S014,A0046,Accessories,6,46.31,8.87,20.37,New,Cash
INV100835,2/1/2026 16:12,S019,A0013,Accessories,6,14.8,6.14,8.11,New,Cash
INV108129,2/1/2026 16:50,S017,A0022,Accessories,4,23.48,6.95,11.74,New,Card
INV107651,2/2/2026 3:07,S018,C0013,Clothing,2,72.44,7.63,47.93,Returning,Cash
INV106290,2/2/2026 4:29,S007,C0088,Clothing,6,81.84,17.92,44.88,New,Digital
INV106693,2/2/2026 9:26,S004,SH0019,Shoes,3,169.87,17.1,109.58,Returning,Card
INV101707,2/2/2026 14:56,S015,SH0029,Shoes,5,121.7,5.87,97.76,New,Digital
INV108876,2/2/2026 15:47,S010,C0099,Clothing,6,60.2,18.52,39.59,Returning,Digital
INV100099,2/2/2026 19:43,S006,SH0002,Shoes,6,137.44,5.35,102.72,Returning,Digital
INV105231,2/2/2026 20:09,S014,A0015,Accessories,3,38.71,19.6,25.62,Returning,Cash
INV102932,2/2/2026 22:20,S008,C0030,Clothing,5,86.72,19.5,50.46,New,Cash
INV108390,2/3/2026 7:11,S004,C0053,Clothing,2,67.2,19.03,41.07,New,Card
INV102511,2/3/2026 8:29,S007,C0066,Clothing,3,93.07,19.02,61.81,Returning,Digital
INV102122,2/3/2026 8:51,S020,A0024,Accessories,5,28.17,9.45,14.85,Returning,Card
INV108553,2/3/2026 10:04,S008,C0088,Clothing,5,66.51,10.19,46.9,New,Card
INV100124,2/3/2026 14:04,S005,A0039,Accessories,5,47.52,4.84,29.52,Returning,Card
INV104533,2/3/2026 16:19,S012,SH0021,Shoes,4,94.36,10.19,62.18,New,Digital
INV107874,2/3/2026 21:41,S001,SH0018,Shoes,3,160.01,15.48,129.28,Returning,Cash
INV109137,2/3/2026 22:36,S015,C0087,Clothing,1,68.97,18.07,35.85,New,Card
INV108111,2/4/2026 1:06,S011,C0081,Clothing,2,49.68,15.8,25.61,Returning,Digital
INV107494,2/4/2026 8:27,S018,SH0013,Shoes,3,183.62,4.62,144.73,Returning,Cash
INV100286,2/4/2026 12:37,S020,C0066,Clothing,3,119.94,11.23,94.75,Returning,Card
INV104634,2/4/2026 18:34,S002,SH0004,Shoes,5,171.56,2.99,100.83,Returning,Card
INV105410,2/4/2026 22:00,S014,SH0018,Shoes,2,65.81,4.76,53.51,New,Card
INV101658,2/4/2026 22:29,S014,SH0014,Shoes,6,93.56,18.38,75.94,Returning,Cash
INV103086,2/5/2026 3:58,S001,SH0025,Shoes,3,182.59,5.55,107.77,Returning,Card
INV100118,2/5/2026 5:46,S015,C0053,Clothing,4,56.43,12.21,40.4,New,Digital
INV102056,2/5/2026 6:44,S001,C0012,Clothing,2,77.95,19.68,56.75,Returning,Cash
INV108939,2/5/2026 7:16,S014,A0017,Accessories,4,65.8,13.52,30.09,Returning,Card
INV107464,2/5/2026 9:38,S001,SH0022,Shoes,2,189.55,1.6,127.4,Returning,Digital
INV100979,2/5/2026 11:36,S008,A0049,Accessories,5,11.64,14.88,8.62,Returning,Digital
INV103860,2/5/2026 12:18,S020,SH0020,Shoes,2,98.23,13.1,78.92,Returning,Cash
INV104046,2/6/2026 0:17,S002,SH0014,Shoes,2,69.64,16.56,41.4,New,Digital
INV100764,2/6/2026 0:52,S019,C0094,Clothing,1,116.52,10.75,64.44,New,Digital
INV107787,2/6/2026 3:57,S005,C0031,Clothing,5,43.12,14.22,27.97,New,Card
INV101686,2/6/2026 4:53,S002,A0015,Accessories,4,29.5,5.41,14.58,New,Cash
INV100872,2/6/2026 12:55,S008,SH0006,Shoes,1,60.35,2.36,42.56,New,Digital
INV106095,2/6/2026 14:40,S013,A0023,Accessories,3,77.55,10.4,36.9,New,Cash
INV107558,2/6/2026 15:01,S018,SH0018,Shoes,5,50.02,3.59,39.11,New,Cash
INV100200,2/6/2026 15:38,S020,C0059,Clothing,4,30.7,6.64,18.16,Returning,Card
INV104998,2/6/2026 16:05,S018,SH0023,Shoes,2,190.03,3.91,134.88,Returning,Card
INV106490,2/6/2026 20:42,S012,SH0017,Shoes,3,46.53,8.27,29.51,New,Digital
INV107352,2/6/2026 22:32,S017,A0024,Accessories,3,61.51,14.15,24.66,Returning,Cash
INV100343,2/7/2026 2:46,S019,C0065,Clothing,5,83.16,8.1,61.85,New,Cash
INV106416,2/7/2026 2:55,S010,C0081,Clothing,1,115.73,5.15,73.87,Returning,Card
INV103313,2/7/2026 3:27,S003,C0017,Clothing,3,78.3,2.07,41.15,New,Digital
INV109329,2/7/2026 7:42,S019,A0027,Accessories,5,76.13,12.79,51.89,Returning,Cash
INV108419,2/7/2026 13:18,S012,C0036,Clothing,4,58.81,14.96,31.66,New,Cash
INV107896,2/7/2026 15:11,S017,C0071,Clothing,4,44.2,17.22,26.1,New,Digital
INV104874,2/7/2026 16:15,S018,C0048,Clothing,1,102.65,2.15,53.05,Returning,Card
INV102021,2/7/2026 16:54,S004,A0040,Accessories,5,24.61,14.27,18.21,Returning,Digital
INV101396,2/7/2026 18:01,S009,C0015,Clothing,6,25.06,9.35,16.95,New,Cash
INV107360,2/7/2026 20:15,S005,SH0032,Shoes,1,96.41,18.99,60.43,Returning,Cash
INV105510,2/7/2026 20:29,S014,C0054,Clothing,2,95.43,8.71,71.04,Returning,Card
INV101082,2/7/2026 22:25,S004,SH0029,Shoes,1,60.62,12.75,45.88,New,Card
INV100296,2/7/2026 23:15,S006,SH0023,Shoes,5,89.93,11.77,52.23,New,Cash
INV100508,2/8/2026 2:24,S020,SH0022,Shoes,3,124.95,13.96,79.84,New,Digital
INV107802,2/8/2026 2:42,S015,A0058,Accessories,6,50.28,8.28,34.68,Returning,Card
INV106623,2/8/2026 6:50,S018,C0064,Clothing,3,57.5,3.21,31.83,Returning,Cash
INV100048,2/8/2026 7:06,S012,A0055,Accessories,5,57.9,15.65,39.48,Returning,Digital
INV102616,2/8/2026 17:18,S007,A0049,Accessories,5,37.34,16.13,16.05,New,Cash
INV101266,2/8/2026 18:01,S006,A0013,Accessories,6,22.04,0.9,10.03,New,Cash
INV103174,2/8/2026 20:09,S001,C0003,Clothing,1,24.4,0.46,17.46,New,Digital
INV109323,2/9/2026 2:05,S007,A0035,Accessories,3,75.86,17.02,55.2,Returning,Card
INV101719,2/9/2026 3:04,S016,A0022,Accessories,6,25.64,2.39,15.01,New,Digital
INV107126,2/9/2026 5:27,S012,A0027,Accessories,6,32.14,16.44,22.5,New,Digital
INV109774,2/9/2026 7:38,S003,C0005,Clothing,5,21.66,17.9,14.94,New,Digital
INV102404,2/9/2026 8:40,S002,C0066,Clothing,2,66.63,15.99,52.54,Returning,Digital
INV106597,2/9/2026 13:54,S014,SH0036,Shoes,2,142.54,1.65,96.44,Returning,Cash
INV104858,2/9/2026 16:43,S013,C0020,Clothing,1,96.49,3.71,64.47,New,Cash
INV107755,2/9/2026 19:10,S014,SH0024,Shoes,1,40.45,16.32,26.54,Returning,Cash
INV104364,2/9/2026 19:32,S017,A0040,Accessories,6,13.28,8.6,8.79,Returning,Card
INV101769,2/9/2026 21:20,S018,SH0008,Shoes,1,134.51,6.05,103.68,Returning,Card
INV101983,2/9/2026 22:46,S012,A0029,Accessories,4,34.35,4.16,21.72,Returning,Cash
INV105453,2/10/2026 0:11,S010,C0036,Clothing,5,37.9,18.42,20.68,Returning,Card
INV104954,2/10/2026 2:37,S002,C0097,Clothing,5,20.39,6.88,10.74,Returning,Digital
INV108007,2/10/2026 4:46,S006,C0055,Clothing,6,59.57,16.9,32.31,Returning,Card
INV101264,2/10/2026 7:02,S016,SH0018,Shoes,6,126.57,14.57,94.57,New,Card
INV104563,2/10/2026 10:52,S001,SH0019,Shoes,6,103.76,2.63,70.65,Returning,Digital
INV100955,2/10/2026 11:55,S006,C0021,Clothing,6,62.14,18.06,37.31,Returning,Card
INV104669,2/10/2026 12:54,S019,SH0038,Shoes,6,198.03,17.61,129.43,Returning,Cash
INV109245,2/10/2026 13:46,S012,A0002,Accessories,4,27.74,17.22,14.85,Returning,Digital
INV104268,2/10/2026 17:37,S017,A0036,Accessories,2,36.81,19.77,20.54,Returning,Cash
INV105979,2/11/2026 6:15,S020,SH0012,Shoes,1,196.25,2.26,109.38,New,Card
INV103354,2/11/2026 6:31,S016,A0060,Accessories,3,62.24,14.65,30.76,Returning,Digital
INV108203,2/11/2026 16:56,S017,A0059,Accessories,3,66.61,19.05,37.19,Returning,Digital
INV106527,2/11/2026 19:06,S013,SH0015,Shoes,4,60.57,0.44,33.88,New,Cash
INV104494,2/11/2026 23:35,S015,A0046,Accessories,1,53.9,1.62,26.06,New,Digital
INV104146,2/12/2026 1:55,S009,SH0015,Shoes,6,74.24,9.74,49.2,Returning,Cash
INV104992,2/12/2026 4:04,S016,SH0017,Shoes,3,48.79,19.65,37.69,New,Cash
INV102209,2/12/2026 8:31,S012,SH0006,Shoes,5,159.32,4.61,88.16,Returning,Cash
INV104956,2/12/2026 8:49,S003,C0082,Clothing,4,85.96,14.08,48.01,Returning,Cash
INV104974,2/12/2026 9:24,S020,A0024,Accessories,5,23.13,4.26,11.73,Returning,Card
INV103191,2/12/2026 21:40,S020,SH0027,Shoes,6,98.38,17.74,58.83,Returning,Digital
INV102186,2/12/2026 21:58,S019,SH0001,Shoes,4,177.87,0.58,99.79,New,Cash
INV103950,2/13/2026 2:57,S012,C0026,Clothing,6,95.97,1.7,55.5,Returning,Cash
INV104115,2/13/2026 5:07,S018,C0044,Clothing,2,62.87,11.06,37.26,Returning,Cash
INV104026,2/13/2026 5:32,S018,C0018,Clothing,1,47.5,14.13,25.14,New,Digital
INV109300,2/13/2026 5:46,S001,A0023,Accessories,4,66.96,18.38,38.93,Returning,Digital
INV103641,2/13/2026 6:11,S012,SH0011,Shoes,3,180.79,13.63,107.15,Returning,Digital
INV105396,2/13/2026 7:31,S013,A0006,Accessories,1,26.23,2.14,15.95,Returning,Cash
INV106947,2/13/2026 18:06,S001,C0098,Clothing,5,114.01,1.84,86.31,New,Digital
INV106285,2/13/2026 18:59,S020,C0068,Clothing,2,107.48,9.17,73.46,Returning,Cash
INV100763,2/13/2026 19:23,S020,C0091,Clothing,2,108.4,8.17,62.79,Returning,Card
INV104901,2/13/2026 23:06,S014,SH0027,Shoes,1,97.27,16.63,77.32,Returning,Digital
INV107740,2/14/2026 7:40,S016,A0008,Accessories,6,77.99,7.6,35.16,Returning,Cash
INV100204,2/14/2026 9:15,S020,SH0010,Shoes,1,154.44,8.98,121.5,Returning,Digital
INV102208,2/14/2026 15:22,S013,SH0026,Shoes,5,67.28,11.37,52.79,New,Cash
INV100971,2/14/2026 15:27,S017,A0023,Accessories,2,78.03,18.38,50.03,Returning,Cash
INV100202,2/14/2026 15:36,S019,C0042,Clothing,4,57.61,7.3,42.92,New,Digital
INV102914,2/15/2026 4:21,S010,SH0028,Shoes,4,143.26,17.69,99.24,Returning,Card
INV103430,2/15/2026 4:24,S014,C0013,Clothing,5,41.66,13.75,29.2,Returning,Digital
INV105553,2/15/2026 4:57,S012,C0036,Clothing,4,106.13,9.47,55.38,Returning,Digital
INV105850,2/15/2026 5:20,S009,A0043,Accessories,4,27.09,9.72,15.01,New,Cash
INV107258,2/15/2026 7:14,S016,SH0017,Shoes,4,119.78,11.72,72.35,New,Card
INV104371,2/15/2026 7:26,S001,SH0017,Shoes,5,139.79,10.26,87.33,Returning,Card
INV103299,2/15/2026 8:40,S012,A0020,Accessories,3,68.65,14.04,33.24,Returning,Cash
INV103204,2/15/2026 9:24,S019,A0016,Accessories,4,75.52,8.85,36.39,Returning,Cash
INV105248,2/15/2026 10:28,S008,SH0004,Shoes,1,166.93,16.83,108.3,Returning,Cash
INV101932,2/15/2026 11:59,S004,C0074,Clothing,6,92.6,16.38,62.56,New,Card
INV104847,2/15/2026 12:00,S010,C0064,Clothing,2,37.19,12.7,22.03,New,Card
INV107598,2/15/2026 16:32,S014,A0056,Accessories,3,28.01,15.98,12.19,Returning,Cash
INV104746,2/16/2026 5:13,S011,A0023,Accessories,5,16.77,3.22,9.52,New,Card
INV101206,2/16/2026 8:09,S010,C0012,Clothing,2,81.69,0.84,47.6,New,Cash
INV100634,2/16/2026 8:48,S020,A0018,Accessories,3,27.21,4.21,20.25,Returning,Cash
INV107020,2/16/2026 12:15,S015,SH0005,Shoes,3,187.68,12.39,125.18,New,Card
INV106445,2/16/2026 14:34,S017,A0057,Accessories,3,37.46,5.08,16.28,New,Digital
INV103654,2/16/2026 16:14,S016,C0043,Clothing,1,35.83,1.19,24.03,Returning,Cash
INV100681,2/16/2026 16:41,S002,SH0007,Shoes,1,102.5,11.96,65.86,Returning,Cash
INV106805,2/16/2026 21:00,S012,A0010,Accessories,3,30.4,16.85,12.98,New,Cash
INV103763,2/16/2026 21:45,S012,SH0007,Shoes,1,167.36,17.84,129.5,Returning,Digital
INV101612,2/17/2026 0:48,S009,SH0020,Shoes,5,181.86,0.45,131.63,Returning,Cash
INV102812,2/17/2026 5:02,S011,SH0031,Shoes,1,75.97,11.74,48.05,Returning,Digital
INV103404,2/17/2026 9:57,S017,C0007,Clothing,3,83.97,10.8,52.99,Returning,Cash
INV104031,2/17/2026 10:42,S008,C0050,Clothing,1,35.24,15.13,23.7,Returning,Cash
INV103333,2/17/2026 11:57,S009,A0060,Accessories,4,58.34,15.95,29.99,New,Digital
INV101330,2/17/2026 13:25,S013,C0059,Clothing,4,67.83,4.72,35.16,New,Cash
INV101091,2/17/2026 14:30,S006,C0059,Clothing,2,73.65,5.74,44.78,Returning,Card
INV105569,2/17/2026 16:36,S009,C0029,Clothing,6,113.1,18.66,72.56,Returning,Digital
INV109510,2/17/2026 19:01,S011,SH0002,Shoes,3,115.94,6.09,86.79,New,Digital
INV106769,2/18/2026 0:07,S012,SH0030,Shoes,1,143.89,2.94,103.72,Returning,Cash
INV107898,2/18/2026 0:41,S015,C0010,Clothing,4,57.96,19.29,41.3,New,Digital
INV100191,2/18/2026 0:44,S004,C0064,Clothing,3,104.53,11.32,72.49,New,Cash
INV100352,2/18/2026 0:56,S016,SH0019,Shoes,5,191.56,19.86,117.81,New,Cash
INV102700,2/18/2026 1:03,S020,A0024,Accessories,3,33.55,7.06,16.25,Returning,Card
INV107763,2/18/2026 1:28,S005,C0078,Clothing,1,96.66,6.88,59.01,Returning,Digital
INV106259,2/18/2026 4:00,S006,C0090,Clothing,6,61.05,7.55,32.35,New,Digital
INV100026,2/18/2026 8:10,S005,A0036,Accessories,1,59.4,1.5,35.42,New,Card
INV104976,2/18/2026 9:12,S007,C0029,Clothing,6,39.29,19.78,26.72,New,Digital
INV104390,2/18/2026 9:36,S001,C0049,Clothing,5,84.87,14.21,63.42,New,Digital
INV102876,2/18/2026 12:15,S016,SH0030,Shoes,3,109.87,17.84,89.27,Returning,Cash
INV106003,2/18/2026 12:54,S009,SH0033,Shoes,5,57.24,6.62,40.49,New,Cash
INV103700,2/18/2026 17:31,S005,SH0018,Shoes,1,138.52,1.06,90.78,New,Cash
INV107372,2/18/2026 19:13,S019,SH0014,Shoes,3,67.27,15.69,54.07,New,Cash
INV109069,2/18/2026 21:02,S006,A0038,Accessories,3,24.24,14.76,10.54,Returning,Digital
INV100426,2/18/2026 23:17,S020,C0014,Clothing,5,33.15,12.34,16.84,New,Digital
INV106530,2/18/2026 23:46,S019,SH0004,Shoes,1,83.3,0.11,67.24,New,Digital
INV105427,2/19/2026 1:11,S009,C0061,Clothing,3,104.17,8.21,66.3,New,Card
INV102035,2/19/2026 2:44,S010,A0001,Accessories,3,69.63,12.13,43.45,Returning,Digital
INV106327,2/19/2026 3:21,S008,SH0026,Shoes,1,81.01,7.62,63.36,New,Cash
INV105078,2/19/2026 9:51,S017,A0028,Accessories,4,62.53,6.84,41.29,New,Card
INV100660,2/19/2026 18:41,S010,C0029,Clothing,2,109.49,7.92,69.59,Returning,Card
INV108151,2/19/2026 18:55,S008,A0039,Accessories,5,69.82,15.38,42.49,New,Card
INV109600,2/19/2026 20:34,S018,SH0036,Shoes,3,192.7,6.72,111.84,New,Cash
INV105901,2/20/2026 0:27,S007,C0073,Clothing,3,90.1,0.16,65.24,New,Digital
INV102598,2/20/2026 1:02,S005,A0008,Accessories,2,31.97,4.33,19.53,Returning,Digital
INV104028,2/20/2026 2:31,S006,C0032,Clothing,2,112.17,8.17,73.6,New,Cash
INV105826,2/20/2026 3:12,S018,C0006,Clothing,6,73.76,17.13,42.93,New,Cash
INV107611,2/20/2026 6:35,S009,A0039,Accessories,2,76.81,13.66,55.53,New,Card
INV104365,2/20/2026 8:27,S012,A0052,Accessories,4,13.71,0.28,9.27,New,Digital
INV107455,2/20/2026 8:33,S017,A0013,Accessories,3,70.83,14.86,48.09,New,Cash
INV103112,2/20/2026 8:56,S017,C0061,Clothing,1,105.55,17.96,81.65,Returning,Digital
INV105911,2/20/2026 11:54,S017,A0002,Accessories,1,55.24,15.9,27.98,New,Cash
INV102050,2/20/2026 14:48,S016,C0072,Clothing,4,106.5,15.87,80.24,Returning,Digital
INV105090,2/20/2026 15:24,S008,C0058,Clothing,4,35.69,1.16,20.76,Returning,Cash
INV102224,2/20/2026 15:32,S009,SH0026,Shoes,2,84.57,9.59,66.85,Returning,Digital
INV101957,2/20/2026 16:03,S013,A0027,Accessories,3,31.01,4.38,15.3,Returning,Cash
INV103677,2/20/2026 16:13,S017,C0036,Clothing,2,101.57,6.43,57.03,New,Digital
INV103647,2/20/2026 16:28,S002,SH0029,Shoes,5,171.61,11.04,97.14,New,Cash
INV101297,2/20/2026 18:18,S001,SH0019,Shoes,4,76.14,6.86,50.95,New,Card
INV109817,2/20/2026 19:02,S006,C0096,Clothing,4,105.44,19.39,61.66,New,Digital
INV108254,2/20/2026 20:12,S013,C0098,Clothing,4,110,15,77.1,New,Cash
INV100567,2/20/2026 22:23,S013,SH0008,Shoes,4,125.59,7.77,77.98,Returning,Card
INV104795,2/20/2026 23:35,S014,C0061,Clothing,6,70.01,12.55,50.86,New,Digital
INV105412,2/21/2026 3:02,S020,A0049,Accessories,1,16.97,17.03,12.22,Returning,Digital
INV105993,2/21/2026 6:26,S010,A0012,Accessories,5,49.79,1.11,32.34,Returning,Cash
INV100651,2/21/2026 6:50,S011,A0013,Accessories,4,56.75,12,36.5,Returning,Digital
INV104670,2/21/2026 7:45,S010,SH0021,Shoes,3,199.91,13.39,165.78,New,Digital
INV103771,2/21/2026 9:08,S001,C0095,Clothing,5,70.93,13.06,42.01,Returning,Card
INV107377,2/21/2026 11:42,S010,A0036,Accessories,3,36.27,2.88,18.37,Returning,Card
INV105246,2/21/2026 12:27,S014,A0014,Accessories,5,13.29,18.33,5.83,New,Card
INV108122,2/21/2026 13:48,S012,A0001,Accessories,3,59.73,6.71,41.59,New,Card
INV101387,2/21/2026 14:23,S012,A0040,Accessories,6,14.54,15.57,8.07,Returning,Card
INV106336,2/21/2026 17:26,S012,C0036,Clothing,4,75.03,15.88,42.35,Returning,Digital
INV102767,2/21/2026 19:26,S012,SH0008,Shoes,6,74.26,11.72,44.31,Returning,Card
INV107397,2/21/2026 21:39,S002,A0041,Accessories,3,11.68,14.58,6.44,New,Digital
INV102381,2/22/2026 3:30,S005,C0041,Clothing,6,66.25,2.43,35.62,Returning,Cash
INV102130,2/22/2026 7:25,S005,C0089,Clothing,5,104.29,19.51,76.1,New,Digital
INV106196,2/22/2026 7:29,S003,SH0006,Shoes,6,56.51,8.42,33.97,New,Cash
INV101807,2/22/2026 8:42,S002,SH0008,Shoes,5,95,17.27,70.64,New,Card
INV106863,2/22/2026 13:58,S007,A0018,Accessories,3,79.14,1.85,41.3,Returning,Cash
INV103442,2/22/2026 17:03,S019,A0013,Accessories,6,44.34,6.11,32.11,New,Card
INV104248,2/22/2026 21:50,S011,C0010,Clothing,2,50.13,16.49,36.15,Returning,Digital
INV103089,2/23/2026 0:43,S001,C0079,Clothing,2,71.58,13.22,36.3,Returning,Digital
INV105705,2/23/2026 9:59,S016,A0008,Accessories,6,18.09,5.66,9.4,New,Digital
INV105134,2/23/2026 12:36,S008,SH0022,Shoes,6,79.32,12.05,61.41,New,Card
INV106672,2/23/2026 16:21,S006,A0034,Accessories,6,33.77,4.56,23.97,Returning,Card
INV100952,2/23/2026 16:28,S019,SH0011,Shoes,4,45.88,3.11,36.72,New,Digital
INV107577,2/24/2026 0:17,S001,A0020,Accessories,2,45.91,11.79,23.38,New,Digital
INV102139,2/24/2026 0:31,S013,A0032,Accessories,6,34.36,3.43,23.31,New,Digital
INV105372,2/24/2026 2:13,S019,C0083,Clothing,4,91.18,10.39,50.76,Returning,Digital
INV103783,2/24/2026 5:33,S009,A0055,Accessories,3,72.9,14.2,47.86,New,Card
INV104718,2/24/2026 6:48,S013,C0091,Clothing,2,59.19,6.68,37.83,Returning,Digital
INV109919,2/24/2026 10:25,S005,SH0017,Shoes,2,71.13,10.55,55.46,New,Digital
INV109269,2/24/2026 14:04,S018,SH0038,Shoes,4,166.61,10.07,115.19,Returning,Cash
INV107947,2/24/2026 17:50,S002,A0053,Accessories,3,74.3,16.47,37.67,Returning,Digital
INV108902,2/24/2026 17:54,S018,C0083,Clothing,4,112.64,15.64,57.42,New,Digital
INV101374,2/24/2026 18:10,S016,SH0038,Shoes,1,159.88,6.06,119.78,Returning,Digital
INV100178,2/24/2026 21:24,S018,SH0021,Shoes,3,151.41,7.53,101.82,Returning,Cash
INV106566,2/24/2026 23:31,S012,C0041,Clothing,5,66.83,16.31,50.81,New,Card
INV106248,2/24/2026 23:36,S019,A0053,Accessories,6,21.14,6.57,10.41,New,Card
INV106165,2/25/2026 2:36,S012,A0026,Accessories,6,36.23,10.62,19.49,Returning,Digital
INV109597,2/25/2026 3:38,S015,A0005,Accessories,6,73.14,18.74,47.2,Returning,Cash
INV100586,2/25/2026 9:20,S009,C0096,Clothing,4,27.07,1.85,21.27,New,Cash
INV106186,2/25/2026 12:31,S002,A0057,Accessories,2,44.82,0,22.61,New,Digital
INV107648,2/25/2026 14:35,S016,C0036,Clothing,5,70.84,18.15,36.92,New,Card
INV107413,2/25/2026 15:29,S013,A0060,Accessories,6,13.35,10.57,5.68,Returning,Digital
INV107782,2/25/2026 20:57,S014,SH0004,Shoes,4,167.47,0.82,109.36,New,Cash
INV108973,2/26/2026 1:00,S020,A0048,Accessories,1,63.01,10.96,44.91,New,Card
INV101373,2/26/2026 2:52,S019,SH0021,Shoes,2,57.52,19.08,32.78,New,Cash
INV108027,2/26/2026 4:14,S010,A0051,Accessories,1,71.45,4.38,40.73,New,Card
INV100108,2/26/2026 4:15,S016,C0033,Clothing,6,39.73,1.51,27.04,Returning,Digital
INV106724,2/26/2026 10:05,S009,A0046,Accessories,5,72.54,14.51,29.83,New,Cash
INV102165,2/26/2026 12:42,S015,SH0028,Shoes,5,108.75,11.59,79.03,New,Card
INV105793,2/26/2026 13:58,S017,SH0021,Shoes,3,148.68,13.99,87.04,New,Cash
INV105821,2/26/2026 14:08,S018,A0041,Accessories,2,70.61,15.84,36.79,Returning,Digital
INV103170,2/26/2026 14:33,S014,C0067,Clothing,4,119.37,4.3,80.08,New,Cash
INV100483,2/26/2026 15:06,S004,SH0028,Shoes,4,74.94,14.31,55.68,New,Cash
INV101256,2/26/2026 15:24,S017,SH0033,Shoes,3,142.7,14.42,84.68,Returning,Digital
INV102509,2/26/2026 16:10,S006,C0051,Clothing,1,85.01,12.21,44.96,New,Card
INV100659,2/26/2026 16:23,S016,SH0030,Shoes,5,68.64,13.89,52.42,Returning,Card
INV105325,2/26/2026 20:11,S005,A0034,Accessories,4,23.8,10.62,11.47,New,Cash
INV108381,2/26/2026 22:53,S009,A0043,Accessories,6,27.64,7.12,18.21,New,Card
INV102150,2/27/2026 5:47,S002,A0007,Accessories,6,58.18,4.59,33.97,Returning,Digital
INV101144,2/27/2026 6:27,S004,A0005,Accessories,3,29.6,15.41,18.61,Returning,Cash
INV101930,2/27/2026 9:57,S002,C0098,Clothing,4,49.99,7.73,29.1,Returning,Digital
INV103196,2/27/2026 11:04,S012,SH0023,Shoes,4,167.44,8.71,129.91,Returning,Digital
INV102657,2/27/2026 11:23,S004,SH0029,Shoes,4,138.89,9.34,82.93,New,Digital
INV106386,2/27/2026 12:39,S013,A0036,Accessories,6,21.58,1.17,14.73,New,Digital
INV106775,2/27/2026 13:30,S016,A0012,Accessories,5,52.29,15.45,24.26,Returning,Cash
INV103305,2/27/2026 19:01,S005,SH0004,Shoes,1,103,15.24,81.34,New,Card
INV100953,2/27/2026 21:50,S003,C0044,Clothing,6,89.97,15.89,58.58,New,Card
INV107031,2/27/2026 22:12,S003,A0009,Accessories,2,79.15,18.84,48.49,Returning,Card
INV107515,2/27/2026 23:11,S007,C0052,Clothing,4,63.8,0.87,36.57,Returning,Card
INV103877,2/28/2026 6:24,S006,A0007,Accessories,4,30.54,17.82,15.5,New,Digital
INV102048,2/28/2026 7:16,S005,C0082,Clothing,1,57.1,3.29,41.2,Returning,Card
INV106860,2/28/2026 12:16,S005,SH0023,Shoes,1,155.37,9.97,88.93,Returning,Cash
INV108616,2/28/2026 13:21,S011,A0058,Accessories,6,76.16,0.95,40.31,New,Digital
INV101198,2/28/2026 16:22,S014,SH0037,Shoes,3,154.94,10.47,120.05,New,Digital
INV103609,2/28/2026 21:23,S013,C0037,Clothing,4,29.9,9.67,18.53,Returning,Digital
INV106229,2/28/2026 23:44,S018,A0050,Accessories,4,49.26,11.88,33.74,Returning,Digital
INV105902,3/1/2026 1:16,S001,SH0035,Shoes,2,40.39,1.4,26.5,New,Card
INV102462,3/1/2026 9:26,S019,SH0004,Shoes,1,92.4,18.53,52.69,New,Cash
INV102189,3/1/2026 13:32,S013,SH0001,Shoes,5,84.91,8.23,58.46,New,Digital
INV108190,3/1/2026 15:19,S002,SH0009,Shoes,3,165.13,8.66,95.27,New,Card
INV108448,3/1/2026 17:08,S010,C0081,Clothing,6,110.67,11.03,56.61,New,Digital
INV101141,3/1/2026 20:14,S011,A0014,Accessories,2,45.78,16.59,23.28,New,Card
INV107391,3/1/2026 23:05,S002,A0014,Accessories,1,10.74,1.88,5.44,Returning,Digital
INV103144,3/1/2026 23:52,S020,C0018,Clothing,4,109.42,15.08,71.63,New,Cash
INV108950,3/2/2026 0:03,S006,A0005,Accessories,5,71.4,17.99,51.5,New,Cash
INV100330,3/2/2026 0:07,S002,A0029,Accessories,5,26.82,4.88,16.76,Returning,Card
INV102683,3/2/2026 1:57,S020,SH0039,Shoes,2,145.34,4.38,97.47,New,Cash
INV101829,3/2/2026 4:03,S014,C0030,Clothing,5,53.68,18.65,30.58,Returning,Digital
INV109349,3/2/2026 5:28,S016,SH0029,Shoes,3,161.53,10.5,127.28,New,Card
INV102842,3/2/2026 7:47,S017,SH0038,Shoes,5,87.54,10.17,65.85,Returning,Card
INV105183,3/2/2026 12:29,S001,SH0034,Shoes,5,172.77,16.85,109.95,Returning,Digital
INV108063,3/2/2026 18:56,S003,A0055,Accessories,5,33.55,11.27,13.85,Returning,Card
INV103350,3/2/2026 19:13,S012,A0028,Accessories,1,70.53,10.62,40.46,Returning,Card
INV104130,3/2/2026 22:16,S014,C0087,Clothing,3,47.2,3.91,33.15,Returning,Digital
INV104701,3/2/2026 23:17,S008,C0059,Clothing,1,55.65,4.01,31.59,Returning,Card
INV100641,3/3/2026 1:54,S016,A0055,Accessories,6,79.66,10.37,39.5,Returning,Digital
INV107659,3/3/2026 6:55,S009,A0034,Accessories,2,68.9,0.04,50.69,New,Card
INV104919,3/3/2026 7:30,S016,C0090,Clothing,4,63.11,1.85,32.91,New,Card
INV100122,3/3/2026 10:50,S016,C0005,Clothing,6,48.69,16.62,36.47,Returning,Digital
INV106898,3/3/2026 13:59,S008,SH0021,Shoes,4,85.31,11.77,67.7,Returning,Cash
INV108363,3/3/2026 14:25,S003,SH0008,Shoes,6,128.96,13.78,77.33,New,Digital
INV107011,3/3/2026 14:44,S006,C0035,Clothing,2,25.01,3.32,18.95,Returning,Cash
INV100236,3/3/2026 21:41,S003,A0045,Accessories,2,40.62,1.16,29.8,Returning,Cash
INV106436,3/3/2026 22:52,S010,SH0031,Shoes,1,77.15,6.44,50.99,Returning,Cash
INV108098,3/3/2026 23:52,S014,C0098,Clothing,2,81.73,5.68,48.95,Returning,Cash
INV104936,3/4/2026 9:52,S011,C0089,Clothing,4,78,7.05,57.03,New,Cash
INV102711,3/4/2026 10:33,S019,SH0036,Shoes,3,115.9,5.45,92.42,New,Card
INV106858,3/4/2026 15:22,S012,A0017,Accessories,1,30.36,12.62,12.96,Returning,Card
INV103888,3/4/2026 15:39,S019,SH0034,Shoes,3,189.85,8.06,144.05,Returning,Digital
INV107460,3/4/2026 21:55,S007,C0063,Clothing,1,44.22,6.61,22.71,Returning,Digital
INV102084,3/4/2026 22:27,S010,A0045,Accessories,2,66.35,9.39,37.02,New,Digital
INV105470,3/5/2026 3:32,S009,SH0012,Shoes,1,130.65,17.58,81.32,New,Cash
INV108841,3/5/2026 3:34,S004,C0041,Clothing,5,22.95,12.03,15.13,Returning,Card
INV100072,3/5/2026 4:31,S015,C0065,Clothing,1,116.54,17.48,69.88,New,Digital
INV103269,3/5/2026 9:31,S017,SH0021,Shoes,5,182.85,14.33,125.19,New,Cash
INV100941,3/5/2026 11:11,S020,A0055,Accessories,6,42.63,8.48,27.05,New,Card
INV102719,3/5/2026 13:16,S002,A0039,Accessories,2,28.48,3.31,21.04,Returning,Card
INV100064,3/5/2026 14:58,S014,C0075,Clothing,1,63.59,9.4,47.33,Returning,Card
INV108201,3/5/2026 19:20,S006,SH0031,Shoes,4,47.44,4.18,30.93,Returning,Card
INV104774,3/6/2026 2:37,S005,A0044,Accessories,1,46.08,9.81,32.25,Returning,Cash
INV101871,3/6/2026 5:16,S018,A0031,Accessories,6,74.29,3.19,45.89,Returning,Digital
INV105439,3/6/2026 6:27,S002,A0010,Accessories,4,10.4,1.12,5.96,Returning,Cash
INV109620,3/6/2026 7:56,S001,C0051,Clothing,4,58.76,11.94,39.79,Returning,Card
INV105963,3/6/2026 8:33,S011,SH0007,Shoes,4,129.8,14.5,78.77,New,Digital
INV108236,3/6/2026 9:14,S008,A0055,Accessories,1,15.43,14.35,6.67,Returning,Card
INV109992,3/6/2026 9:20,S004,C0024,Clothing,5,106.56,12.68,74.77,New,Card
INV105665,3/6/2026 10:58,S016,C0081,Clothing,6,55.89,18.32,29.86,Returning,Cash
INV102450,3/6/2026 14:28,S011,A0012,Accessories,3,41.78,12.41,17.5,Returning,Digital
INV108227,3/7/2026 5:16,S020,SH0013,Shoes,1,54.01,0.07,31.4,Returning,Card
INV105566,3/7/2026 8:39,S016,A0012,Accessories,3,59.71,3.98,27.8,Returning,Digital
INV103764,3/7/2026 9:04,S019,A0043,Accessories,6,38.57,10.15,21.11,Returning,Cash
INV108930,3/7/2026 11:16,S005,A0018,Accessories,3,10.38,0.97,4.6,Returning,Card
INV103669,3/7/2026 14:07,S014,C0058,Clothing,5,96.48,8.21,75.33,Returning,Card
INV103109,3/7/2026 14:54,S014,C0036,Clothing,1,96.09,11.52,75.51,Returning,Digital
INV107224,3/7/2026 15:58,S015,A0014,Accessories,5,13.48,9.05,6.17,Returning,Card
INV104896,3/7/2026 16:56,S002,SH0022,Shoes,2,138.97,17.31,82.69,New,Card
INV105724,3/7/2026 19:10,S002,A0007,Accessories,5,16.59,14.17,12.17,Returning,Card
INV106886,3/7/2026 22:45,S005,SH0008,Shoes,4,122.88,9.08,89.23,Returning,Cash
INV101081,3/7/2026 23:58,S007,A0045,Accessories,4,10.72,5.56,7.38,Returning,Card
INV100291,3/8/2026 2:14,S019,C0096,Clothing,3,107.14,7.43,67.08,Returning,Card
INV106835,3/8/2026 5:30,S006,C0021,Clothing,6,45.51,18.59,34.74,Returning,Digital
INV101504,3/8/2026 6:46,S007,SH0034,Shoes,3,159.64,11.55,90.96,New,Digital
INV107504,3/8/2026 7:00,S006,A0052,Accessories,1,77.41,11.18,57.11,Returning,Digital
INV108029,3/8/2026 7:33,S007,SH0012,Shoes,3,123.1,2.22,89.34,New,Digital
INV109795,3/8/2026 8:32,S010,SH0028,Shoes,3,184.79,7.49,119.17,Returning,Cash
INV106279,3/8/2026 18:36,S006,A0042,Accessories,3,16.15,7.64,8.32,Returning,Cash
INV104308,3/8/2026 20:27,S011,C0031,Clothing,1,70.59,19.58,39.44,Returning,Digital
INV100313,3/8/2026 21:29,S020,A0053,Accessories,4,13.8,6.64,6.6,Returning,Digital
INV109185,3/8/2026 23:29,S006,SH0010,Shoes,3,48.27,10.03,29.87,New,Cash
INV102065,3/9/2026 6:24,S002,SH0013,Shoes,1,169.89,1.14,98,New,Digital
INV106955,3/9/2026 8:36,S016,A0040,Accessories,4,41.36,14.41,25.38,New,Cash
INV106662,3/9/2026 13:00,S012,C0028,Clothing,1,38.87,8.46,23.83,New,Card
INV107586,3/9/2026 13:51,S013,C0095,Clothing,1,61.42,6.21,39.41,New,Cash
INV107751,3/9/2026 18:38,S013,SH0025,Shoes,3,163.68,11.47,138.89,Returning,Cash
INV100515,3/9/2026 20:50,S010,A0038,Accessories,5,56.61,8.91,33.15,New,Card
INV106720,3/10/2026 2:05,S010,A0024,Accessories,3,11.16,4.67,6.03,Returning,Card
INV108967,3/10/2026 3:21,S020,SH0014,Shoes,6,142.74,3.14,96.75,New,Cash
INV104017,3/10/2026 3:52,S001,A0037,Accessories,5,57.1,0.57,40.65,New,Card
INV104876,3/10/2026 18:42,S018,C0092,Clothing,3,68.22,19.82,36.37,New,Card
INV106273,3/10/2026 21:18,S001,A0059,Accessories,2,33.49,4.81,21.04,Returning,Card
INV103399,3/11/2026 1:50,S008,A0056,Accessories,6,55.43,13.08,36.1,Returning,Cash
INV105524,3/11/2026 2:54,S018,SH0003,Shoes,4,125.95,7.21,95.91,Returning,Cash
INV108800,3/11/2026 7:04,S002,A0056,Accessories,3,70.48,9.98,49.89,Returning,Card
INV100861,3/11/2026 7:10,S019,SH0035,Shoes,3,72.06,13.35,50.02,Returning,Card
INV105995,3/11/2026 7:51,S016,C0057,Clothing,4,44.69,0.96,34.45,Returning,Digital
INV103147,3/11/2026 13:51,S003,SH0038,Shoes,1,46.09,15.56,27.9,New,Card
INV107012,3/11/2026 13:54,S013,A0046,Accessories,4,39.41,5.05,26.5,Returning,Card
INV106903,3/11/2026 17:08,S012,C0087,Clothing,2,98.5,18.09,54.22,Returning,Card
INV106882,3/12/2026 5:52,S009,A0039,Accessories,4,33.45,3.31,14.77,Returning,Card
INV109096,3/12/2026 8:43,S020,SH0038,Shoes,5,135.09,14.37,85.76,Returning,Digital
INV100474,3/12/2026 14:23,S002,C0034,Clothing,2,98.25,15.99,56.09,Returning,Cash
INV103973,3/12/2026 14:36,S013,SH0032,Shoes,1,91.28,11.66,68.47,Returning,Cash
INV106232,3/12/2026 17:04,S004,SH0036,Shoes,4,96.68,12.38,77.74,Returning,Cash
INV109811,3/13/2026 0:31,S004,A0019,Accessories,5,78.25,7.42,39.25,Returning,Digital
INV101988,3/13/2026 5:08,S018,C0071,Clothing,2,34.81,5.68,19.23,Returning,Card
INV107354,3/13/2026 8:02,S003,A0003,Accessories,1,75.31,18.7,34.46,Returning,Cash
INV106949,3/13/2026 8:15,S006,A0003,Accessories,5,27.71,11.25,17.91,New,Card
INV102430,3/13/2026 8:55,S006,A0018,Accessories,4,17.72,8.06,13.06,Returning,Cash
INV101332,3/13/2026 11:00,S019,A0035,Accessories,6,79.22,5.3,57.67,New,Digital
INV101096,3/13/2026 12:59,S006,A0012,Accessories,2,76.02,7.72,31.04,Returning,Digital
INV105257,3/13/2026 13:33,S008,SH0015,Shoes,1,133.56,17.54,76.38,Returning,Card
INV105893,3/13/2026 13:38,S004,A0051,Accessories,5,26.9,2.92,18.83,New,Digital
INV109846,3/13/2026 13:47,S006,C0038,Clothing,3,116.38,4.35,71.65,New,Cash
INV105139,3/13/2026 22:24,S011,C0068,Clothing,2,116.39,6.23,81.82,New,Cash
INV105651,3/14/2026 2:40,S016,A0013,Accessories,3,61.08,4.44,31.04,Returning,Digital
INV102445,3/14/2026 4:27,S015,SH0002,Shoes,2,69.4,1.24,52.45,Returning,Card
INV105889,3/14/2026 10:06,S017,A0017,Accessories,2,30.78,19.69,22.67,New,Card
INV108269,3/14/2026 11:57,S003,C0097,Clothing,2,51.15,4.68,36.82,Returning,Digital
INV102897,3/14/2026 14:10,S002,C0016,Clothing,6,97.58,1.5,72.26,Returning,Card
INV105839,3/14/2026 15:35,S014,A0056,Accessories,6,34.77,19.1,25.1,New,Card
INV100177,3/14/2026 16:14,S014,A0018,Accessories,6,14.27,18.23,10.45,Returning,Cash
INV100912,3/14/2026 20:02,S009,SH0001,Shoes,2,79.35,13.47,57.6,Returning,Cash
INV104188,3/14/2026 22:33,S008,C0002,Clothing,6,66.51,14.14,44.28,Returning,Digital
INV109993,3/15/2026 2:52,S001,SH0028,Shoes,2,104.06,8.09,59.73,New,Cash
INV109632,3/15/2026 4:18,S008,C0004,Clothing,5,101.37,4.47,72.64,New,Card
INV109998,3/15/2026 6:46,S013,C0048,Clothing,2,50.76,3.9,36.71,Returning,Card
INV108198,3/15/2026 8:51,S012,C0021,Clothing,2,31.79,2.13,18.66,Returning,Card
INV101858,3/15/2026 10:16,S018,A0041,Accessories,3,51.34,5.72,23,Returning,Digital
INV106405,3/15/2026 11:29,S012,A0052,Accessories,2,28.01,4.4,18.02,Returning,Cash
INV105635,3/15/2026 14:54,S020,A0042,Accessories,2,73.28,4.54,44.85,New,Card
INV106884,3/15/2026 16:36,S002,C0089,Clothing,2,48.08,17.82,32.08,Returning,Card
INV100044,3/16/2026 0:05,S007,A0009,Accessories,3,70.68,7.58,32.77,Returning,Card
INV104476,3/16/2026 0:48,S007,C0041,Clothing,3,80.22,10.42,50.36,Returning,Cash
INV103648,3/16/2026 4:02,S007,A0051,Accessories,4,72.6,19.62,52.19,New,Digital
INV100699,3/16/2026 5:00,S003,C0083,Clothing,6,91.16,11.72,56.09,New,Card
INV100261,3/16/2026 12:37,S016,A0020,Accessories,6,32.58,18.97,24.16,Returning,Cash
INV106269,3/16/2026 17:50,S014,SH0027,Shoes,4,61.2,10.73,34.02,Returning,Cash
INV104650,3/16/2026 18:36,S007,A0021,Accessories,1,20.35,2.74,14.76,Returning,Cash
INV109999,3/16/2026 18:46,S013,SH0030,Shoes,5,151.39,5.66,95.86,Returning,Cash
INV103878,3/16/2026 19:41,S001,A0013,Accessories,6,45.87,11.43,34.34,Returning,Digital
INV104391,3/16/2026 20:52,S007,C0096,Clothing,3,86.21,8.28,61.5,Returning,Cash
INV104401,3/16/2026 21:34,S005,C0029,Clothing,2,68.09,12.84,49.99,New,Digital
INV101312,3/17/2026 3:09,S005,SH0037,Shoes,5,137.6,16.09,89.77,Returning,Digital
INV104931,3/17/2026 3:50,S010,C0015,Clothing,4,117.45,5.11,77.05,Returning,Digital
INV109191,3/17/2026 7:41,S009,SH0039,Shoes,5,156.4,10.95,132.14,New,Digital
INV105311,3/17/2026 8:02,S005,C0064,Clothing,4,46.95,11.13,31.57,Returning,Cash
INV104429,3/17/2026 10:38,S017,A0032,Accessories,6,40.36,15.85,19.17,New,Cash
INV106759,3/17/2026 13:59,S003,C0056,Clothing,6,87.82,11.81,63.86,Returning,Digital
INV108455,3/17/2026 14:14,S015,C0081,Clothing,4,104.09,0.15,67.63,Returning,Card
INV109412,3/17/2026 15:41,S019,A0043,Accessories,2,25.05,13.97,16.63,New,Cash
INV105251,3/17/2026 16:28,S008,C0033,Clothing,6,57,6.55,33.8,New,Digital
INV100470,3/17/2026 21:04,S018,SH0035,Shoes,1,167.7,18.07,107.96,New,Card
INV105228,3/17/2026 21:23,S013,A0040,Accessories,6,60.47,1.11,35.62,New,Digital
INV109031,3/18/2026 0:13,S015,A0041,Accessories,1,42.53,0.8,19.15,New,Card
INV100683,3/18/2026 5:46,S007,C0054,Clothing,3,71.25,11.24,53.06,New,Digital
INV107407,3/18/2026 7:24,S003,SH0022,Shoes,5,108.05,16.96,82.05,Returning,Digital
INV104754,3/18/2026 10:28,S008,A0042,Accessories,2,39.45,3.92,19.85,New,Card
INV100033,3/18/2026 10:39,S011,SH0008,Shoes,3,155.16,13.34,99.32,Returning,Digital
INV105200,3/18/2026 11:24,S016,SH0002,Shoes,2,140.76,12.64,103.44,New,Card
INV101992,3/18/2026 11:31,S018,C0077,Clothing,1,95.92,2.55,63.04,New,Cash
INV105736,3/18/2026 13:23,S018,SH0001,Shoes,1,58.9,10.11,50.06,New,Digital
INV101046,3/18/2026 15:53,S009,A0027,Accessories,3,13.97,16.85,6.1,Returning,Digital
INV103060,3/18/2026 17:35,S015,C0098,Clothing,2,23.34,10.61,13.26,Returning,Card
INV109072,3/19/2026 1:31,S001,C0100,Clothing,6,97.69,9.85,71.28,Returning,Cash
INV108376,3/19/2026 4:45,S016,C0091,Clothing,3,70.33,11.54,48.25,New,Card
INV101514,3/19/2026 4:58,S005,SH0022,Shoes,3,190.53,5.33,136.5,New,Digital
INV101019,3/19/2026 6:49,S005,SH0023,Shoes,5,182.92,3.05,139.84,New,Card
INV102962,3/19/2026 13:12,S005,SH0034,Shoes,5,89.33,5.72,59.43,Returning,Cash
INV100405,3/19/2026 13:56,S020,C0024,Clothing,6,75,3.16,48.86,Returning,Card
INV104353,3/19/2026 14:11,S007,SH0014,Shoes,5,64.43,19.61,49.58,New,Cash
INV102835,3/19/2026 16:05,S012,SH0029,Shoes,3,169.33,18.24,111.46,New,Card
INV103371,3/19/2026 16:36,S015,A0056,Accessories,5,51.62,19.35,35.13,New,Digital
INV103445,3/19/2026 18:55,S004,A0022,Accessories,2,75.99,0.77,55.28,Returning,Digital
INV107977,3/19/2026 19:37,S018,C0029,Clothing,6,70.38,14.38,48.08,Returning,Digital
INV106422,3/19/2026 23:32,S001,C0090,Clothing,2,20.12,1.79,10.66,Returning,Card
INV100676,3/20/2026 2:44,S012,SH0014,Shoes,5,185.4,2.42,124.85,New,Cash
INV102748,3/20/2026 5:33,S015,A0060,Accessories,6,69.08,10.48,43.79,Returning,Card
INV100394,3/20/2026 6:07,S013,SH0028,Shoes,3,91.92,11.69,55.17,New,Cash
INV107506,3/20/2026 7:11,S019,A0030,Accessories,6,30.43,6.54,14.6,Returning,Cash
INV108746,3/20/2026 7:49,S013,A0017,Accessories,3,58.65,19.78,24.82,New,Card
INV106321,3/20/2026 10:58,S011,A0020,Accessories,4,54.75,2.35,32.36,New,Digital
INV109857,3/20/2026 14:22,S007,C0095,Clothing,6,81.18,12.43,62.73,Returning,Cash
INV104685,3/20/2026 16:17,S013,SH0020,Shoes,4,48.67,14.4,28.7,New,Cash
INV104662,3/20/2026 16:25,S015,A0034,Accessories,3,56.95,3.7,25.88,Returning,Card
INV104225,3/20/2026 16:59,S016,A0043,Accessories,6,23.79,15.03,11.31,Returning,Cash
INV109000,3/20/2026 17:26,S015,SH0036,Shoes,1,100.99,0.71,73.41,Returning,Card
INV102259,3/21/2026 0:42,S012,A0044,Accessories,6,60.46,8.74,41.21,New,Card
INV103449,3/21/2026 12:48,S001,C0016,Clothing,6,101.38,18.26,53.52,New,Card
INV105037,3/21/2026 13:43,S003,C0037,Clothing,1,89.83,5.08,67.9,New,Card
INV107477,3/21/2026 15:08,S016,SH0024,Shoes,1,106.32,17.12,63.47,Returning,Digital
INV104361,3/21/2026 17:32,S006,SH0025,Shoes,3,110.1,14.61,84.16,New,Card
INV108755,3/21/2026 18:03,S013,C0026,Clothing,4,83.18,9.38,57.52,Returning,Digital
INV103123,3/21/2026 23:15,S019,A0059,Accessories,6,14.68,6.45,6.18,New,Card
INV104811,3/22/2026 1:03,S010,C0002,Clothing,6,22.49,14.01,17.45,New,Cash
INV108972,3/22/2026 2:31,S007,SH0023,Shoes,4,76,4.89,64.47,New,Digital
INV106100,3/22/2026 2:58,S008,C0030,Clothing,5,67.96,9.38,49.16,Returning,Card
INV107970,3/22/2026 3:19,S004,C0094,Clothing,4,119.36,10.83,70,Returning,Card
INV101073,3/22/2026 17:04,S013,C0047,Clothing,4,34.14,3.77,26.91,New,Card
INV105213,3/22/2026 20:42,S012,SH0037,Shoes,6,157.12,0.35,123.87,Returning,Card
INV103703,3/23/2026 1:50,S006,SH0040,Shoes,5,87.62,6.55,59.46,New,Cash
INV106281,3/23/2026 2:12,S015,A0057,Accessories,5,79.79,19.45,54.58,New,Card
INV104752,3/23/2026 2:47,S017,A0031,Accessories,5,72.82,4.03,51.91,Returning,Cash
INV105370,3/23/2026 4:07,S013,C0009,Clothing,2,89.55,11.65,61.46,New,Digital
INV102496,3/23/2026 4:10,S006,A0053,Accessories,1,74.71,6.24,41.6,Returning,Cash
INV105929,3/23/2026 9:38,S005,SH0021,Shoes,1,75.96,16.01,49.02,Returning,Digital
INV105100,3/23/2026 11:10,S018,A0042,Accessories,3,59.66,1.58,25.26,New,Cash
INV103231,3/23/2026 14:30,S018,SH0009,Shoes,1,96.61,3.58,53.48,New,Cash
INV102903,3/23/2026 17:11,S016,SH0022,Shoes,2,152.42,15.13,94.88,Returning,Digital
INV109624,3/23/2026 17:14,S010,SH0002,Shoes,5,89.69,8.34,73.71,New,Digital
INV107871,3/23/2026 19:17,S018,C0064,Clothing,6,27.38,19.14,20.07,New,Cash
INV101363,3/23/2026 23:29,S006,SH0036,Shoes,1,78.57,10.99,45.62,Returning,Cash
INV100712,3/24/2026 3:42,S020,SH0032,Shoes,2,54.47,18.64,41.26,New,Digital
INV108298,3/24/2026 10:16,S005,C0025,Clothing,3,31.63,14.93,21.38,New,Digital
INV108182,3/24/2026 10:24,S013,A0056,Accessories,5,40.34,17.32,21.17,Returning,Card
INV104097,3/24/2026 11:19,S020,SH0010,Shoes,2,146.33,16.83,123.2,New,Cash
INV106547,3/24/2026 14:05,S004,A0014,Accessories,4,63.05,3.81,29.47,Returning,Card
INV104905,3/24/2026 14:52,S003,A0028,Accessories,5,69.35,7.97,29.91,New,Cash
INV104153,3/24/2026 16:25,S010,SH0028,Shoes,5,126.72,11.43,94.8,New,Cash
INV106120,3/24/2026 18:18,S005,C0079,Clothing,4,83.12,5.81,64.03,Returning,Card
INV107107,3/24/2026 22:27,S019,A0053,Accessories,5,29.17,13.31,19.03,Returning,Card
INV103071,3/25/2026 12:49,S009,SH0033,Shoes,4,185.48,19.17,123.04,Returning,Card
INV107459,3/25/2026 15:42,S020,SH0027,Shoes,3,154.95,5.19,111.99,New,Cash
INV109380,3/25/2026 18:49,S011,A0056,Accessories,2,60.29,0.09,37.2,New,Cash
INV103239,3/25/2026 19:02,S018,C0094,Clothing,5,23.49,18.14,14.26,New,Card
INV100340,3/25/2026 20:15,S020,A0040,Accessories,4,14.89,9.01,6.96,Returning,Digital
INV107985,3/26/2026 2:27,S001,A0031,Accessories,4,74.16,2.99,46.05,Returning,Card
INV103586,3/26/2026 5:14,S013,SH0025,Shoes,6,119.73,11.52,66.91,Returning,Cash
INV102258,3/26/2026 7:20,S009,SH0037,Shoes,1,106.25,19.01,82.94,New,Cash
INV101987,3/26/2026 8:51,S007,C0063,Clothing,4,33.56,8.15,18.2,New,Cash
INV103864,3/26/2026 9:06,S008,SH0037,Shoes,1,72.78,12.54,44.37,New,Digital
INV109441,3/26/2026 10:15,S005,SH0038,Shoes,5,73.02,0.28,53.12,Returning,Digital
INV102118,3/26/2026 12:33,S003,SH0027,Shoes,2,75.56,10.75,60.62,Returning,Cash
INV109186,3/26/2026 17:51,S009,A0028,Accessories,2,53.68,3.31,30.17,Returning,Cash
INV106717,3/26/2026 18:09,S009,A0036,Accessories,6,19.77,19.38,14.23,New,Card
INV107390,3/26/2026 20:43,S007,A0009,Accessories,6,52.89,8.36,33.72,New,Card
INV107589,3/27/2026 0:01,S012,C0026,Clothing,5,23.93,0.28,14.05,Returning,Card
INV108001,3/27/2026 1:46,S008,SH0017,Shoes,6,178.55,1.99,142.55,New,Digital
INV100152,3/27/2026 3:26,S016,A0051,Accessories,6,72.91,0.53,51.42,Returning,Digital
INV109630,3/27/2026 7:35,S020,C0007,Clothing,6,39.44,14.26,24.34,New,Card
INV104870,3/27/2026 17:04,S007,A0035,Accessories,6,51.5,2.75,37.64,Returning,Card
INV105594,3/27/2026 19:41,S009,A0005,Accessories,5,69.23,2.44,33.32,New,Digital
INV100602,3/27/2026 20:47,S003,A0052,Accessories,2,77.97,5.65,35.61,Returning,Cash
INV103451,3/27/2026 21:58,S009,C0041,Clothing,4,117.32,13.44,68.67,New,Cash
INV109535,3/28/2026 2:36,S002,A0036,Accessories,3,43.72,13.81,31.12,New,Card
INV103601,3/28/2026 2:42,S010,C0011,Clothing,6,64.05,3.29,39.82,Returning,Card
INV105950,3/28/2026 9:00,S013,A0019,Accessories,1,62.92,6.65,33.05,New,Cash
INV104312,3/28/2026 10:43,S002,C0071,Clothing,1,56.76,16.53,29.76,New,Card
INV105217,3/28/2026 12:45,S003,C0056,Clothing,2,39.72,10.12,26.45,New,Digital
INV105647,3/28/2026 14:13,S008,C0065,Clothing,6,25.22,1.39,13.92,Returning,Cash
INV106141,3/28/2026 14:42,S018,SH0039,Shoes,4,94.66,12.14,75.56,New,Card
INV103953,3/28/2026 17:26,S014,SH0007,Shoes,5,161.04,19.44,120.64,New,Card
INV102069,3/28/2026 20:27,S015,C0045,Clothing,5,105.3,6.06,79.98,Returning,Card
INV104832,3/28/2026 21:09,S004,SH0022,Shoes,5,93.3,14.41,62.05,Returning,Cash
INV101410,3/28/2026 22:35,S013,C0043,Clothing,4,92.29,11.62,55.95,New,Card
INV102002,3/29/2026 5:15,S009,C0033,Clothing,1,37.41,15.34,22.09,New,Card
INV109867,3/29/2026 8:35,S014,C0045,Clothing,5,20.05,2.34,15.93,New,Digital
INV104299,3/29/2026 11:04,S016,SH0008,Shoes,5,193.17,11.65,142.55,New,Digital
INV109552,3/29/2026 12:53,S005,A0034,Accessories,6,15.8,16.66,9.07,Returning,Digital
INV104428,3/29/2026 16:51,S014,A0045,Accessories,3,64.93,18.53,34.04,Returning,Digital
INV101347,3/29/2026 16:52,S017,C0015,Clothing,2,111.39,0.94,75.71,Returning,Digital
INV102063,3/29/2026 21:09,S001,SH0026,Shoes,6,146.25,14.93,84.23,Returning,Cash
INV103370,3/29/2026 22:32,S016,SH0030,Shoes,6,62.97,9.23,52.66,New,Digital
INV104078,3/29/2026 22:50,S017,A0048,Accessories,4,70.66,1.88,41.72,Returning,Cash
INV102094,3/30/2026 4:44,S018,SH0001,Shoes,6,87.98,3.7,57.46,New,Card
INV101393,3/30/2026 11:28,S001,SH0028,Shoes,2,135.39,2.41,94.62,Returning,Cash
INV108283,3/30/2026 16:08,S011,C0011,Clothing,4,87.62,16.82,47.76,New,Digital
INV107625,3/30/2026 18:08,S001,A0050,Accessories,6,20.11,8.96,14.65,New,Cash
INV106855,3/30/2026 18:34,S006,SH0004,Shoes,3,159.3,17.08,112.09,Returning,Card
INV107560,3/31/2026 0:40,S012,A0040,Accessories,4,36.21,11.38,26.92,Returning,Card
INV102434,3/31/2026 1:31,S015,SH0014,Shoes,6,49.09,1.96,33.52,Returning,Card
INV103202,3/31/2026 10:34,S018,SH0001,Shoes,1,91.21,11.24,50.45,Returning,Card
INV101103,3/31/2026 12:58,S003,C0086,Clothing,3,39.71,14.23,27.41,Returning,Digital
INV109127,3/31/2026 14:20,S010,A0030,Accessories,6,67.47,9.29,47.44,Returning,Cash
INV106792,3/31/2026 17:28,S013,A0035,Accessories,3,55.54,2.19,34.04,Returning,Digital
INV103992,4/1/2026 4:10,S009,SH0029,Shoes,1,113,2.68,83.01,New,Digital
INV106216,4/1/2026 11:24,S009,C0100,Clothing,6,32.75,18.34,25.88,New,Card
INV109985,4/1/2026 15:38,S019,C0078,Clothing,6,42.16,17.28,28.72,New,Cash
INV100512,4/1/2026 17:57,S003,A0040,Accessories,6,35.77,16.18,22.74,New,Card
INV106509,4/1/2026 23:15,S012,SH0030,Shoes,6,106.55,17.89,64.79,New,Digital
INV105731,4/1/2026 23:55,S010,C0080,Clothing,6,100.53,3.91,79.95,New,Card
INV108415,4/2/2026 1:47,S005,A0015,Accessories,2,28.08,3.52,20.61,New,Cash
INV105837,4/2/2026 2:32,S007,SH0003,Shoes,4,71.87,17.35,55.52,Returning,Cash
INV105469,4/2/2026 2:44,S004,SH0028,Shoes,4,55.04,11.81,31.49,Returning,Digital
INV108184,4/2/2026 5:12,S004,A0004,Accessories,4,20.53,11.45,11.23,New,Card
INV105365,4/2/2026 7:19,S004,SH0032,Shoes,1,115.88,1.93,87.41,New,Digital
INV106534,4/2/2026 9:43,S016,C0096,Clothing,2,44.61,18.56,27.26,Returning,Card
INV107841,4/2/2026 13:24,S011,C0051,Clothing,5,109.34,19.31,71.32,New,Digital
INV102111,4/2/2026 14:27,S015,A0008,Accessories,5,64.1,10.28,33.69,Returning,Cash
INV102699,4/2/2026 15:25,S007,C0009,Clothing,1,114.19,13.87,85.08,Returning,Cash
INV109738,4/2/2026 16:30,S008,C0019,Clothing,2,48.52,7.01,28.17,Returning,Digital
INV102630,4/2/2026 17:48,S008,SH0002,Shoes,3,92.98,6.73,78.61,New,Digital
INV107645,4/2/2026 21:32,S003,A0028,Accessories,2,21.33,9.39,14.06,New,Digital
INV102664,4/2/2026 23:33,S001,A0021,Accessories,3,71.49,6.66,44.65,New,Card
INV103082,4/3/2026 1:14,S013,C0092,Clothing,4,115.07,4.7,60.92,Returning,Cash
INV100584,4/3/2026 3:25,S016,SH0007,Shoes,1,173.92,9.2,103.68,Returning,Digital
INV106978,4/3/2026 4:53,S014,SH0036,Shoes,5,165.02,2.1,136.2,Returning,Card
INV108773,4/3/2026 9:56,S018,C0060,Clothing,5,95.69,3.91,64.93,New,Digital
INV103984,4/3/2026 15:58,S011,SH0009,Shoes,3,167.64,8.99,125.9,New,Card
INV108188,4/3/2026 16:50,S016,SH0010,Shoes,6,87.09,16.98,71.93,Returning,Digital
INV109144,4/3/2026 20:05,S001,C0006,Clothing,6,32.72,6.4,17,Returning,Cash
INV102388,4/3/2026 21:56,S007,SH0036,Shoes,2,176.43,13.48,122.34,New,Cash
INV107373,4/4/2026 5:08,S009,A0038,Accessories,2,58.41,16.98,31.87,Returning,Cash
INV104607,4/4/2026 12:07,S013,A0028,Accessories,2,52.65,3.82,30.86,New,Digital
INV107764,4/4/2026 12:09,S013,A0042,Accessories,2,46.26,14.93,29.8,Returning,Cash
INV107629,4/4/2026 15:15,S015,SH0007,Shoes,6,152.58,18.15,114.69,Returning,Card
INV105781,4/4/2026 17:30,S013,A0009,Accessories,1,42.29,5.46,24.33,Returning,Cash
INV101065,4/4/2026 18:20,S003,C0079,Clothing,5,25.3,2.39,18.38,New,Digital
INV102425,4/4/2026 23:04,S008,SH0033,Shoes,5,141.7,12.35,115.69,New,Digital
INV104047,4/4/2026 23:48,S001,C0015,Clothing,3,57.62,12.96,32.64,Returning,Cash
INV109530,4/5/2026 0:33,S012,A0007,Accessories,4,58.54,1.96,36.64,New,Cash
INV105117,4/5/2026 1:20,S015,SH0024,Shoes,6,182.72,13.74,129.84,New,Card
INV105578,4/5/2026 1:55,S005,A0011,Accessories,2,39.07,4.2,17.39,New,Digital
INV109136,4/5/2026 7:00,S007,SH0016,Shoes,6,134.22,11.57,77.38,Returning,Cash
INV101326,4/5/2026 8:53,S016,A0031,Accessories,4,47.39,14.82,34.34,New,Cash
INV104683,4/5/2026 12:44,S003,SH0038,Shoes,6,83.2,2.21,55.97,Returning,Card
INV105081,4/5/2026 13:40,S019,SH0017,Shoes,3,99.89,7.24,62.87,Returning,Cash
INV104614,4/5/2026 17:51,S013,SH0008,Shoes,6,88.49,11.91,66,Returning,Digital
INV108396,4/5/2026 19:44,S020,SH0007,Shoes,4,120,16.52,93.73,New,Digital
INV103024,4/5/2026 20:01,S005,SH0024,Shoes,4,146.78,0.09,90.69,New,Cash
INV105227,4/6/2026 1:23,S004,A0048,Accessories,3,79.87,18.62,32.97,Returning,Digital
INV102236,4/6/2026 4:51,S007,A0048,Accessories,3,12.98,19.4,9.65,New,Cash
INV106042,4/6/2026 7:10,S019,SH0032,Shoes,4,176.26,18.95,137.18,Returning,Digital
INV103088,4/6/2026 8:09,S001,C0100,Clothing,3,72.48,14.85,40.48,Returning,Cash
INV101115,4/6/2026 8:18,S014,C0009,Clothing,6,26.16,1.21,16.96,New,Digital
INV103710,4/6/2026 9:50,S002,SH0003,Shoes,3,40.75,2.32,34.31,Returning,Digital
INV107676,4/6/2026 10:04,S001,C0053,Clothing,6,100.59,14.75,61.3,Returning,Card
INV102022,4/6/2026 15:26,S005,SH0005,Shoes,2,181.18,18.39,118.17,New,Cash
INV109521,4/6/2026 16:45,S012,SH0007,Shoes,5,59.81,2.97,38.52,New,Digital
INV103965,4/6/2026 21:23,S017,SH0007,Shoes,4,179.43,8.19,123.62,Returning,Digital
INV109945,4/6/2026 22:20,S015,C0041,Clothing,3,67.23,6.91,39.75,Returning,Digital
INV107204,4/7/2026 4:47,S018,SH0001,Shoes,4,96.55,7.29,60.48,Returning,Card
INV106152,4/7/2026 7:48,S014,C0070,Clothing,5,96.85,9.33,59.05,Returning,Cash
INV108960,4/7/2026 7:53,S018,SH0008,Shoes,1,110.89,6.69,64.56,Returning,Digital
INV105928,4/7/2026 8:17,S008,C0051,Clothing,2,80.83,9.77,50.39,Returning,Cash
INV107357,4/7/2026 10:41,S017,SH0012,Shoes,6,77.29,6.2,62.67,New,Card
INV103527,4/7/2026 16:03,S019,A0015,Accessories,2,45.87,0.93,23.12,Returning,Digital
INV101849,4/7/2026 21:10,S016,C0041,Clothing,6,42.59,0.14,32.86,Returning,Card
INV100361,4/7/2026 22:03,S020,A0041,Accessories,2,10.37,9.43,4.48,Returning,Cash
INV106595,4/8/2026 0:16,S002,SH0026,Shoes,1,166.24,10.96,132.01,Returning,Cash
INV109944,4/8/2026 0:20,S003,SH0027,Shoes,4,199.28,2.84,132.99,New,Card
INV109391,4/8/2026 0:47,S019,SH0020,Shoes,6,128.79,2.85,88.95,Returning,Cash
INV101911,4/8/2026 1:53,S016,SH0014,Shoes,5,114.04,1.3,64.99,New,Digital
INV105992,4/8/2026 3:38,S014,C0049,Clothing,5,42.73,10.46,31.2,Returning,Cash
INV100185,4/8/2026 10:16,S012,A0047,Accessories,2,54.92,14.66,31.4,New,Cash
INV102341,4/8/2026 11:59,S011,SH0003,Shoes,6,198.88,11.82,146.84,Returning,Digital
INV100143,4/8/2026 12:19,S011,C0089,Clothing,4,25.99,9.29,16.42,New,Card
INV107408,4/8/2026 13:32,S017,SH0024,Shoes,3,111.88,6.74,88.17,New,Card
INV109707,4/8/2026 14:31,S014,A0057,Accessories,5,10.64,14.45,7.86,Returning,Digital
INV105920,4/8/2026 14:34,S008,A0043,Accessories,1,14.26,12.49,9.25,New,Card
INV106793,4/8/2026 16:01,S019,A0036,Accessories,3,30.82,13.92,16.72,Returning,Card
INV108778,4/8/2026 19:30,S009,C0047,Clothing,6,102.55,2.78,68.47,Returning,Digital
INV104856,4/8/2026 19:41,S009,A0002,Accessories,2,35.03,18.23,21.23,Returning,Cash
INV106497,4/9/2026 0:07,S005,SH0035,Shoes,4,120.32,1.7,78.31,New,Card
INV102936,4/9/2026 6:43,S002,A0050,Accessories,1,10.34,3.36,6.14,New,Cash
INV101345,4/9/2026 11:06,S016,SH0007,Shoes,3,129.59,0.51,86.48,Returning,Card
INV107183,4/9/2026 12:35,S014,A0032,Accessories,5,63.98,1.56,28.17,Returning,Digital
INV103481,4/9/2026 12:50,S001,C0093,Clothing,2,53.29,5.44,38.1,New,Cash
INV105262,4/9/2026 14:53,S004,SH0017,Shoes,2,159.19,0.13,115.73,Returning,Cash
INV104606,4/9/2026 14:59,S015,C0059,Clothing,4,51.18,11.16,31.86,Returning,Cash
INV107968,4/9/2026 15:11,S004,SH0035,Shoes,1,185.42,9.29,151.25,Returning,Digital
INV102464,4/9/2026 20:14,S016,SH0040,Shoes,6,68.1,3.44,39.13,Returning,Digital
INV104797,4/9/2026 20:39,S001,C0039,Clothing,5,50.01,6.86,38.5,New,Digital
INV105136,4/9/2026 22:04,S020,A0048,Accessories,4,45.52,1.83,19.29,New,Digital
INV106572,4/9/2026 23:39,S019,C0084,Clothing,6,73,0.09,53.28,Returning,Card
INV109458,4/10/2026 5:04,S006,A0041,Accessories,5,19.07,6.64,8.65,New,Card
INV109312,4/10/2026 9:16,S020,SH0023,Shoes,3,74.87,13.25,41.47,Returning,Cash
INV100961,4/10/2026 12:44,S004,A0043,Accessories,2,36.34,15.26,20.43,Returning,Cash
INV106257,4/10/2026 15:54,S018,SH0010,Shoes,3,145.05,18.1,103.54,New,Digital
INV108575,4/10/2026 16:08,S004,A0059,Accessories,3,63.44,3.02,42.97,Returning,Digital
INV101443,4/11/2026 2:30,S011,SH0014,Shoes,1,112.05,0.31,87.99,New,Digital
INV107418,4/11/2026 3:15,S012,A0060,Accessories,6,12,10.44,7.65,Returning,Cash
INV108567,4/11/2026 5:22,S006,C0079,Clothing,6,75.24,8.26,58,Returning,Digital
INV100358,4/11/2026 10:26,S014,C0020,Clothing,3,62.61,17.1,42.3,Returning,Digital
INV108032,4/11/2026 12:12,S007,SH0032,Shoes,1,64.29,16.53,39.46,Returning,Digital
INV102349,4/11/2026 17:30,S005,SH0011,Shoes,3,174.34,10.95,101.52,New,Cash
INV101838,4/11/2026 17:54,S018,A0006,Accessories,6,43.83,3.33,21.2,Returning,Cash
INV108180,4/11/2026 19:10,S019,SH0017,Shoes,1,112.56,2.11,68.47,New,Digital
INV100723,4/11/2026 19:11,S015,SH0025,Shoes,6,164.14,13.17,139.08,Returning,Card
INV104893,4/11/2026 19:28,S010,A0030,Accessories,4,18.44,11.7,9.77,Returning,Cash
INV100528,4/11/2026 20:15,S012,C0098,Clothing,1,47.72,11.98,38.09,Returning,Digital
INV101219,4/12/2026 9:02,S017,A0043,Accessories,4,21.4,7.18,12.1,Returning,Card
INV104837,4/12/2026 11:18,S020,C0065,Clothing,5,52.35,17.71,30.28,New,Card
INV109063,4/12/2026 15:17,S010,C0086,Clothing,5,113.86,5.5,88.81,Returning,Cash
INV108868,4/12/2026 15:21,S010,C0012,Clothing,1,21.5,11.8,11.92,New,Digital
INV108594,4/12/2026 22:56,S013,SH0036,Shoes,4,98.73,15.8,69.61,Returning,Card
INV105822,4/12/2026 23:08,S020,C0012,Clothing,2,48.24,19.92,38.2,New,Cash
INV103744,4/13/2026 2:36,S008,C0055,Clothing,1,105.26,14.78,67.45,Returning,Cash
INV109934,4/13/2026 2:46,S015,A0031,Accessories,3,27.41,3.56,16.18,Returning,Cash
INV107585,4/13/2026 7:04,S003,C0074,Clothing,4,40.65,3.3,20.85,Returning,Card
INV105732,4/13/2026 7:24,S009,C0030,Clothing,1,78.87,10.96,44.21,Returning,Digital
INV100078,4/13/2026 8:29,S019,A0013,Accessories,1,79.96,4.74,55.87,Returning,Digital
INV106876,4/13/2026 13:45,S013,A0003,Accessories,1,37.7,19.09,26.12,New,Cash
INV101500,4/13/2026 15:10,S011,SH0007,Shoes,6,101.08,1.01,71.26,New,Card
INV100432,4/13/2026 16:57,S019,A0054,Accessories,5,55.23,2.26,23.84,New,Card
INV100595,4/13/2026 21:25,S007,A0006,Accessories,1,18.76,16.32,7.6,New,Cash
INV109688,4/13/2026 22:13,S004,C0070,Clothing,1,57.93,16.04,34.89,New,Digital
INV109798,4/13/2026 22:24,S005,A0038,Accessories,5,79.06,16.44,36.6,New,Card
INV100410,4/13/2026 22:36,S002,C0077,Clothing,5,84.23,7.63,43.06,Returning,Card
INV100469,4/14/2026 2:09,S003,SH0034,Shoes,3,197.37,9.3,166.8,New,Cash
INV103823,4/14/2026 5:44,S006,SH0016,Shoes,1,106.65,8.87,76.12,Returning,Digital
INV106923,4/14/2026 10:52,S010,SH0031,Shoes,3,96.94,14.3,66.88,New,Card
INV100857,4/14/2026 10:55,S007,C0095,Clothing,6,78.46,1.06,51.25,New,Digital
INV109133,4/14/2026 12:05,S015,A0050,Accessories,3,48.45,16.83,36.28,New,Card
INV109785,4/14/2026 19:38,S014,SH0017,Shoes,4,46.09,11.77,31.93,Returning,Digital
INV109878,4/14/2026 20:54,S003,C0018,Clothing,4,61.23,13.16,41.36,New,Card
INV106502,4/14/2026 23:05,S014,SH0017,Shoes,6,102.28,4.34,68.31,Returning,Cash
INV104457,4/15/2026 0:36,S014,C0035,Clothing,1,99.34,15.12,69.49,New,Digital
INV107363,4/15/2026 4:20,S003,C0093,Clothing,6,25.3,17.01,18.62,New,Card
INV103841,4/15/2026 5:12,S007,C0077,Clothing,1,70.28,15.7,55.83,Returning,Cash
INV102614,4/15/2026 14:16,S012,A0028,Accessories,5,51.59,12.75,24.62,New,Card
INV104185,4/15/2026 15:17,S008,SH0028,Shoes,4,65.25,2.35,40.9,New,Cash
INV105750,4/15/2026 22:22,S017,SH0036,Shoes,1,62.01,13.58,51.02,New,Cash
INV108490,4/16/2026 1:25,S011,C0086,Clothing,2,70.09,5.89,51.24,New,Card
INV100166,4/16/2026 7:03,S010,C0060,Clothing,5,50.68,18.46,31.5,New,Digital
INV109832,4/16/2026 9:34,S018,SH0018,Shoes,5,173.96,18.55,108.84,Returning,Digital
INV109997,4/16/2026 12:46,S007,SH0028,Shoes,2,103.76,19.37,78.25,Returning,Card
INV101847,4/16/2026 20:56,S013,C0011,Clothing,2,29.19,16.22,20.56,New,Cash
INV102761,4/16/2026 21:31,S005,A0050,Accessories,3,69.15,4.08,29.57,Returning,Cash
INV108732,4/16/2026 21:54,S015,A0018,Accessories,3,23.16,10.71,15.5,New,Digital
INV100506,4/16/2026 23:26,S010,C0046,Clothing,1,49.58,0.32,34.42,New,Digital
INV108670,4/17/2026 1:54,S010,A0024,Accessories,4,13.98,14.06,6.55,New,Cash
INV101532,4/17/2026 2:31,S005,C0026,Clothing,3,32.16,7.02,19.73,Returning,Cash
INV107065,4/17/2026 2:38,S015,A0021,Accessories,3,67.11,15.78,36.27,Returning,Digital
INV107595,4/17/2026 6:07,S015,C0049,Clothing,4,86.86,9.78,47.71,Returning,Cash
INV102328,4/17/2026 7:21,S008,C0032,Clothing,1,102.72,17.84,76.81,New,Card
INV109240,4/17/2026 8:22,S005,C0055,Clothing,6,103.41,19.54,62.17,Returning,Card
INV106080,4/17/2026 8:40,S007,SH0021,Shoes,6,199.34,4.88,148.77,New,Digital
INV105990,4/17/2026 11:36,S016,A0051,Accessories,5,39.58,2.15,18.44,Returning,Cash
INV105451,4/17/2026 13:19,S001,SH0029,Shoes,5,41.12,8.19,26.44,New,Card
INV105378,4/17/2026 15:20,S016,C0080,Clothing,5,76.79,2.02,50.75,Returning,Digital
INV103193,4/17/2026 18:58,S018,A0039,Accessories,3,63.59,5.85,46.14,New,Card
INV109366,4/18/2026 0:48,S012,C0095,Clothing,2,114.56,9.48,79.15,Returning,Cash
INV107284,4/18/2026 1:50,S010,SH0001,Shoes,3,86.34,10.64,64.67,New,Cash
INV106379,4/18/2026 11:04,S020,C0068,Clothing,2,71.29,3.57,53.16,Returning,Digital
INV100657,4/18/2026 11:20,S018,A0041,Accessories,5,27.12,11.75,11.29,Returning,Cash
INV103027,4/18/2026 12:13,S003,A0009,Accessories,3,57.85,16.78,27.78,New,Digital
INV100543,4/18/2026 18:06,S013,C0009,Clothing,2,56.37,11.9,31.55,New,Cash
INV104104,4/18/2026 20:06,S020,A0016,Accessories,3,15.54,4.57,6.55,Returning,Cash
INV101673,4/18/2026 20:10,S014,C0100,Clothing,2,23.51,7.82,15.95,New,Cash
INV106838,4/18/2026 22:40,S014,A0041,Accessories,5,40.42,7.48,19.49,Returning,Cash
INV102318,4/18/2026 22:53,S020,C0047,Clothing,1,46.17,4.42,25.22,New,Cash
INV109650,4/19/2026 0:38,S003,C0003,Clothing,5,47.75,5.81,30.21,Returning,Digital
INV106274,4/19/2026 1:44,S020,C0042,Clothing,4,89.14,6.99,56.56,Returning,Cash
INV109564,4/19/2026 4:07,S020,C0012,Clothing,3,32.45,9.41,17.79,Returning,Cash
INV104759,4/19/2026 4:28,S011,A0005,Accessories,6,24.86,5.6,11.55,New,Digital
INV109080,4/19/2026 7:28,S004,C0008,Clothing,6,43.05,13.22,23.08,New,Card
INV100324,4/19/2026 9:44,S018,C0049,Clothing,6,58.76,6.25,46.24,New,Cash
INV106745,4/19/2026 9:53,S015,SH0020,Shoes,6,140.65,12.06,98.08,New,Card
INV106755,4/19/2026 13:41,S017,C0013,Clothing,5,38.08,11.13,28.22,Returning,Card
INV101549,4/19/2026 18:33,S007,SH0031,Shoes,2,143.8,16.81,97.22,Returning,Cash
INV109281,4/19/2026 20:57,S020,A0004,Accessories,1,33.7,5.85,20.26,Returning,Cash
INV100279,4/19/2026 21:06,S014,C0018,Clothing,3,50.05,5.39,36.19,New,Cash
INV100637,4/20/2026 0:07,S009,A0060,Accessories,6,23.51,0.4,9.48,Returning,Cash
INV103074,4/20/2026 0:55,S004,A0012,Accessories,3,34.4,17.35,22.01,Returning,Card
INV100759,4/20/2026 4:18,S016,SH0004,Shoes,6,167.1,16.29,126.69,New,Cash
INV106829,4/20/2026 15:17,S015,SH0008,Shoes,4,63.18,12.8,46.02,Returning,Card
INV105342,4/20/2026 16:06,S020,C0069,Clothing,3,108.02,18.28,61.57,Returning,Cash
INV101653,4/20/2026 16:31,S012,A0049,Accessories,1,38.14,4.34,27.47,Returning,Digital
INV105771,4/20/2026 19:25,S010,A0003,Accessories,4,71.37,9.07,50.86,New,Digital
INV109912,4/20/2026 20:30,S011,C0056,Clothing,6,39.17,14.62,28.46,New,Digital
INV103406,4/20/2026 20:31,S012,C0050,Clothing,6,47.59,4.9,36.1,New,Card
INV103332,4/20/2026 23:34,S011,C0094,Clothing,2,64.73,0.67,38.08,Returning,Cash
INV105051,4/21/2026 3:23,S006,SH0023,Shoes,6,131.95,7.37,106.03,Returning,Cash
INV105323,4/21/2026 5:38,S020,C0093,Clothing,2,95.09,8.71,67.15,New,Digital
INV104076,4/21/2026 7:30,S020,SH0007,Shoes,2,195.95,8.95,154.92,New,Card
INV103107,4/21/2026 12:02,S015,SH0035,Shoes,5,197.07,16.12,119.52,New,Card
INV100356,4/21/2026 16:27,S019,A0051,Accessories,6,63.81,18.16,33.35,New,Card
INV106211,4/21/2026 16:57,S005,A0059,Accessories,6,63.04,0.83,26.04,Returning,Digital
INV103757,4/21/2026 20:22,S007,A0027,Accessories,5,73.62,13.83,47.33,Returning,Card
INV101078,4/22/2026 1:58,S007,C0059,Clothing,6,115,6.41,88.29,Returning,Cash
INV108451,4/22/2026 10:59,S016,SH0026,Shoes,2,128.82,17.71,94.29,New,Card
INV109651,4/22/2026 12:52,S009,A0027,Accessories,4,41.75,8.61,18.46,Returning,Card
INV101165,4/22/2026 13:01,S014,SH0024,Shoes,4,141.57,0.67,82.38,Returning,Cash
INV109654,4/22/2026 15:07,S010,SH0020,Shoes,4,48.72,16.59,27.13,New,Digital
INV105443,4/22/2026 17:56,S015,A0042,Accessories,3,22.1,18.37,16.15,Returning,Cash
INV105616,4/22/2026 20:00,S013,SH0008,Shoes,6,47.76,11.43,37.55,Returning,Card
INV107773,4/22/2026 20:58,S003,SH0006,Shoes,6,77.89,6.78,48.04,Returning,Cash
INV109456,4/22/2026 21:11,S009,SH0016,Shoes,1,132.55,10.4,104.95,Returning,Cash
INV106952,4/22/2026 22:44,S020,SH0033,Shoes,3,161.89,10.57,89.42,Returning,Digital
INV102569,4/22/2026 22:56,S002,C0070,Clothing,6,89.29,4.15,53.01,New,Digital
INV109303,4/23/2026 1:37,S001,C0095,Clothing,4,101.1,17.32,67.24,New,Card
INV102300,4/23/2026 2:16,S004,C0040,Clothing,2,76.74,11.53,56.72,Returning,Digital
INV108471,4/23/2026 4:31,S013,SH0035,Shoes,1,170.19,3.38,118.38,Returning,Card
INV108591,4/23/2026 6:54,S007,A0005,Accessories,2,14.33,3.77,6.86,New,Digital
INV109889,4/23/2026 9:57,S005,C0096,Clothing,1,26.16,2.99,15.86,New,Card
INV103688,4/23/2026 11:19,S002,C0034,Clothing,5,29.87,13.12,20.71,New,Card
INV106621,4/23/2026 14:07,S004,A0014,Accessories,4,48.74,12.09,23.16,New,Cash
INV107781,4/23/2026 17:13,S017,C0026,Clothing,2,23.14,18.93,15.1,Returning,Digital
INV106581,4/23/2026 18:16,S008,A0029,Accessories,5,19.37,13.75,12.33,New,Cash
INV101501,4/23/2026 19:54,S019,C0071,Clothing,2,117.91,10.17,80.49,Returning,Cash
INV108351,4/24/2026 0:53,S015,SH0022,Shoes,1,57.4,6.56,44.61,Returning,Card
INV104325,4/24/2026 5:55,S014,C0080,Clothing,6,22.86,16.04,14.44,Returning,Cash
INV104597,4/24/2026 8:14,S014,C0094,Clothing,2,58.61,10.84,46.15,Returning,Card
INV102961,4/24/2026 15:57,S020,SH0002,Shoes,1,66.15,17.89,54.27,New,Digital
INV107958,4/24/2026 18:13,S014,A0029,Accessories,5,30.61,5.66,20.1,New,Digital
INV109009,4/24/2026 21:08,S005,A0039,Accessories,2,48.88,13.92,31.26,New,Card
INV105492,4/24/2026 21:08,S009,SH0002,Shoes,6,154.26,10.26,87.41,Returning,Card
INV107744,4/24/2026 22:07,S019,C0094,Clothing,4,20.89,11.48,15.73,Returning,Cash
INV102153,4/25/2026 2:07,S009,SH0033,Shoes,3,108.13,8.33,61.58,New,Digital
INV108990,4/25/2026 3:13,S011,A0053,Accessories,6,75.3,7.81,36.13,Returning,Cash
INV102604,4/25/2026 3:38,S007,C0020,Clothing,2,116.28,1.48,65.81,Returning,Digital
INV106020,4/25/2026 3:55,S002,C0084,Clothing,1,20.68,8.24,15.21,Returning,Cash
INV109741,4/25/2026 5:05,S003,SH0008,Shoes,5,142.26,10.82,115.34,New,Digital
INV102191,4/25/2026 7:44,S010,C0094,Clothing,4,38.05,8.46,27.07,New,Card
INV101819,4/25/2026 8:53,S016,SH0035,Shoes,6,63.5,11.4,41.64,New,Digital
INV106799,4/25/2026 9:21,S003,SH0011,Shoes,5,167.93,11.27,109.42,New,Cash
INV104590,4/25/2026 11:36,S016,SH0030,Shoes,6,76.52,11.67,58.02,New,Digital
INV109574,4/25/2026 12:09,S005,SH0020,Shoes,2,61.14,3.79,33.72,Returning,Card
INV100263,4/25/2026 18:25,S019,SH0003,Shoes,5,69.13,4.42,44.62,New,Card
INV105407,4/25/2026 21:52,S012,A0052,Accessories,2,33.33,12.44,23.54,Returning,Digital
INV109989,4/25/2026 21:52,S006,C0076,Clothing,5,34.87,4.65,26.44,Returning,Cash
INV103432,4/26/2026 6:28,S005,C0083,Clothing,2,97.59,8.78,69.47,Returning,Digital
INV105267,4/26/2026 9:16,S010,C0075,Clothing,3,37.15,11.61,24.31,New,Digital
INV103792,4/26/2026 12:41,S001,A0001,Accessories,1,65.44,10.52,33.97,New,Card
INV104857,4/26/2026 13:39,S004,SH0034,Shoes,4,66.87,14.73,38.45,New,Card
INV109461,4/26/2026 15:21,S010,C0056,Clothing,2,72.13,5.12,42.15,Returning,Card
INV108127,4/26/2026 15:51,S018,A0059,Accessories,2,17.94,19.31,8.01,New,Card
INV106954,4/26/2026 15:56,S016,A0051,Accessories,1,68.61,10.31,44.93,Returning,Cash
INV106491,4/26/2026 17:37,S013,A0034,Accessories,2,13.62,1.01,8.05,New,Digital
INV103602,4/26/2026 18:05,S015,C0038,Clothing,4,41.29,17.34,30.05,Returning,Card
INV101634,4/26/2026 18:29,S016,A0019,Accessories,1,69.32,6.67,42.36,New,Cash
INV104799,4/26/2026 19:02,S013,A0037,Accessories,4,72.12,10.79,32.2,New,Digital
INV108306,4/26/2026 21:23,S004,SH0017,Shoes,2,100.51,3.33,67.83,Returning,Digital
INV100227,4/27/2026 3:00,S001,A0005,Accessories,6,19.29,8.9,9.24,Returning,Cash
INV102797,4/27/2026 3:01,S014,A0032,Accessories,2,31.6,19.55,13.83,New,Card
INV100182,4/27/2026 6:25,S012,C0071,Clothing,4,52.16,10.67,30.51,Returning,Card
INV107954,4/27/2026 8:35,S004,SH0014,Shoes,4,54.99,16.25,41.1,New,Card
INV106046,4/27/2026 15:09,S007,SH0023,Shoes,6,116.73,18.73,65.01,Returning,Digital
INV107117,4/27/2026 17:20,S010,SH0026,Shoes,3,198.28,6.2,118.12,New,Card
INV108377,4/27/2026 19:26,S020,C0029,Clothing,3,96.02,12.64,49.41,New,Card
INV103966,4/27/2026 21:36,S014,C0043,Clothing,3,91.26,4.53,64.73,New,Card
INV109046,4/27/2026 22:30,S017,A0043,Accessories,5,77.67,15.68,49.84,New,Card
INV106378,4/28/2026 0:01,S003,C0075,Clothing,1,98.17,5.38,74.29,New,Card
INV101477,4/28/2026 1:25,S019,A0040,Accessories,4,33.49,3.19,14.33,New,Digital
INV100510,4/28/2026 2:35,S019,C0018,Clothing,1,118.13,12.98,67.52,New,Digital
INV100157,4/28/2026 6:44,S004,A0021,Accessories,6,43.59,5.47,25.99,Returning,Card
INV103535,4/28/2026 7:52,S010,C0060,Clothing,2,69.53,0.73,53.42,Returning,Cash
INV101465,4/28/2026 10:26,S016,C0059,Clothing,3,37.17,16.95,27.81,New,Digital
INV101480,4/28/2026 14:43,S020,C0088,Clothing,1,90.27,8.12,49.69,Returning,Cash
INV109921,4/28/2026 17:45,S002,SH0030,Shoes,6,187.13,14.86,156.32,Returning,Cash
INV108600,4/28/2026 19:28,S008,SH0006,Shoes,1,111.51,17.77,70.74,Returning,Card
INV105617,4/28/2026 19:30,S008,SH0002,Shoes,2,71,2.1,51.22,New,Digital
INV108540,4/28/2026 19:49,S003,SH0022,Shoes,3,75.72,1.52,61.15,New,Card
INV106612,4/28/2026 21:09,S017,SH0034,Shoes,5,62.48,7.42,49.88,New,Cash
INV109682,4/28/2026 22:49,S010,SH0003,Shoes,4,172.82,17.41,95.61,Returning,Card
INV108346,4/29/2026 2:50,S002,C0065,Clothing,3,46.57,14.32,36.1,Returning,Card
INV106573,4/29/2026 3:49,S012,SH0022,Shoes,4,172.27,0.91,126.91,New,Card
INV100155,4/29/2026 4:33,S006,SH0021,Shoes,4,199.7,6.28,138.49,Returning,Digital
INV103813,4/29/2026 9:08,S011,A0055,Accessories,5,39.51,4.37,23.44,Returning,Digital
INV102325,4/29/2026 10:20,S013,SH0004,Shoes,6,154.3,4.97,98.02,Returning,Digital
INV102573,4/29/2026 11:19,S008,SH0010,Shoes,6,55.34,10.79,38.56,Returning,Digital
INV108051,4/29/2026 12:44,S011,SH0032,Shoes,2,149.52,10.48,96.27,New,Digital
INV109055,4/29/2026 13:43,S017,SH0022,Shoes,5,75.05,18.24,55.37,Returning,Card
INV108163,4/29/2026 14:25,S013,SH0014,Shoes,4,110.28,7.21,89.34,Returning,Cash
INV108233,4/29/2026 15:15,S004,C0086,Clothing,6,38.27,0.6,23.23,New,Digital
INV109193,4/29/2026 19:37,S015,A0007,Accessories,1,53.22,4.89,34.76,New,Cash
INV106968,4/29/2026 21:03,S009,SH0032,Shoes,2,116.5,12.01,82.51,New,Card
INV100041,4/30/2026 6:04,S013,A0022,Accessories,2,47.98,16.66,26.17,New,Digital
INV102068,4/30/2026 7:40,S001,A0028,Accessories,4,16.2,3.41,10.85,New,Cash
INV102668,4/30/2026 8:53,S017,A0007,Accessories,2,13.21,8.15,8.7,New,Digital
INV102136,4/30/2026 10:26,S015,C0013,Clothing,1,119.32,3.36,66.82,Returning,Card
INV104588,4/30/2026 10:50,S001,C0026,Clothing,2,81.7,10.19,45.61,New,Card
INV106107,4/30/2026 11:49,S001,A0020,Accessories,6,17.48,8.36,12.93,New,Card
INV104922,4/30/2026 16:38,S005,C0007,Clothing,2,68.18,11.76,38.82,Returning,Cash
INV100717,4/30/2026 18:30,S011,C0064,Clothing,1,49.15,19.62,38.83,New,Digital
INV103153,4/30/2026 18:56,S005,C0017,Clothing,1,96.89,9.44,73.07,Returning,Digital
INV103312,4/30/2026 19:14,S015,A0043,Accessories,4,64.86,11.7,37.03,New,Cash
INV107667,4/30/2026 19:32,S008,SH0016,Shoes,5,87.85,14.17,69.6,New,Digital
INV103514,4/30/2026 21:05,S005,A0024,Accessories,3,69.44,3.96,29.32,Returning,Digital
INV104257,4/30/2026 21:25,S007,A0023,Accessories,6,65.52,0.81,35.71,Returning,Digital
INV109129,5/1/2026 3:20,S002,SH0013,Shoes,4,64.19,12.95,38.02,New,Card
INV108847,5/1/2026 8:35,S019,C0016,Clothing,3,43.52,13.71,33.87,Returning,Digital
INV104653,5/1/2026 13:45,S011,A0053,Accessories,1,19.95,19.05,9.13,Returning,Card
INV109622,5/1/2026 21:40,S001,A0041,Accessories,1,52.02,14.41,27.66,New,Cash
INV100761,5/1/2026 23:33,S008,A0055,Accessories,5,25.42,2.38,16.47,New,Digital
INV106495,5/2/2026 3:03,S001,SH0028,Shoes,6,60.67,0.66,42.65,New,Digital
INV108988,5/2/2026 6:34,S009,A0004,Accessories,5,67.89,11.64,30.49,New,Cash
INV106554,5/2/2026 7:55,S020,SH0019,Shoes,5,119.08,10.14,85.03,New,Card
INV109856,5/2/2026 10:32,S001,SH0016,Shoes,2,75.83,10.51,60.44,Returning,Card
INV109954,5/2/2026 13:46,S015,C0087,Clothing,5,28.44,7.69,21.81,Returning,Cash
INV108690,5/2/2026 14:42,S016,A0055,Accessories,3,64.8,18.19,40.41,New,Card
INV100607,5/2/2026 14:48,S005,A0047,Accessories,3,70.93,6.69,32.2,New,Cash
INV101112,5/2/2026 15:38,S017,C0061,Clothing,1,48.81,8.85,34.31,New,Cash
INV100517,5/2/2026 22:57,S015,C0021,Clothing,3,43.79,11.49,22.44,Returning,Card
INV108681,5/3/2026 5:28,S010,A0014,Accessories,5,50.55,11.65,36.84,New,Cash
INV107476,5/3/2026 6:56,S001,C0096,Clothing,5,33.32,0.56,23.36,New,Digital
INV105588,5/3/2026 7:38,S011,SH0012,Shoes,3,162.25,2.77,135.12,New,Cash
INV103050,5/3/2026 7:40,S019,SH0032,Shoes,5,85.29,4.64,68.52,New,Digital
INV108808,5/3/2026 14:22,S006,A0032,Accessories,6,42.54,4.82,21.66,New,Card
INV104745,5/3/2026 17:40,S001,C0012,Clothing,1,88.85,0.94,68.17,New,Card
INV102054,5/3/2026 19:27,S013,A0026,Accessories,1,63.88,12.15,34.65,New,Cash
INV100914,5/4/2026 5:02,S016,SH0017,Shoes,2,138.14,12.75,102.13,New,Card
INV104671,5/4/2026 6:26,S013,A0027,Accessories,3,18.01,0.47,7.34,New,Cash
INV107548,5/4/2026 9:04,S015,A0049,Accessories,3,45.16,8.36,31.07,New,Cash
INV106893,5/4/2026 15:37,S019,SH0017,Shoes,3,96.49,16.14,54.75,Returning,Cash
INV105319,5/4/2026 15:46,S006,A0060,Accessories,5,16.72,10.94,10.63,New,Cash
INV102572,5/4/2026 20:40,S001,SH0008,Shoes,6,116.4,7.71,78.72,Returning,Card
INV107653,5/5/2026 1:05,S004,A0020,Accessories,5,79.32,9.99,41.75,Returning,Card
INV106583,5/5/2026 3:35,S001,C0056,Clothing,6,46.67,12.61,34.53,Returning,Cash
INV107334,5/5/2026 4:18,S018,SH0001,Shoes,2,161.69,8.4,109.64,New,Card
INV107196,5/5/2026 5:48,S003,C0082,Clothing,3,81.09,2.74,55.46,Returning,Card
INV107259,5/5/2026 5:49,S007,A0040,Accessories,2,10.74,13.12,6.12,New,Digital
INV105130,5/5/2026 9:44,S004,A0005,Accessories,5,40.57,3.37,23.28,New,Card
INV102590,5/5/2026 10:08,S003,SH0002,Shoes,3,145.47,18.37,96.98,New,Card
INV102015,5/5/2026 13:21,S001,A0012,Accessories,4,56.12,1.34,35.18,New,Digital
INV104067,5/5/2026 15:16,S002,A0047,Accessories,5,30.47,12.96,13.92,Returning,Cash
INV105286,5/5/2026 16:52,S011,C0073,Clothing,2,114.51,0.25,59.98,New,Digital
INV100460,5/5/2026 18:53,S006,C0076,Clothing,1,79.61,16.44,47.58,Returning,Card
INV102891,5/6/2026 2:42,S008,A0023,Accessories,5,77.82,8.64,57.15,New,Digital
INV107362,5/6/2026 8:00,S011,A0030,Accessories,1,30.51,3.83,18.75,Returning,Card
INV109192,5/6/2026 8:53,S010,C0062,Clothing,2,49.84,15.42,39.49,New,Card
INV102181,5/6/2026 10:08,S001,A0055,Accessories,3,23.32,17.56,15.45,New,Card
INV108522,5/6/2026 10:27,S016,A0021,Accessories,3,58.87,17.79,36.7,Returning,Card
INV101820,5/6/2026 12:26,S020,C0017,Clothing,4,43.08,16.14,22.04,Returning,Card
INV100193,5/6/2026 12:59,S018,A0011,Accessories,4,49.48,13.54,29.61,Returning,Card
INV106697,5/6/2026 13:34,S019,C0066,Clothing,6,95.77,19.91,67.17,New,Card
INV106920,5/6/2026 19:51,S010,C0054,Clothing,6,22.88,14.27,13.45,Returning,Digital
INV103190,5/6/2026 20:03,S012,A0054,Accessories,2,73.66,14.82,32.25,New,Digital
INV108856,5/6/2026 20:26,S014,A0003,Accessories,6,74.97,5.53,50.54,New,Digital
INV108177,5/6/2026 21:57,S007,C0084,Clothing,2,116.5,11.46,69.5,Returning,Card
INV107950,5/7/2026 0:54,S002,A0020,Accessories,4,64.04,7.9,39.9,Returning,Card
INV105280,5/7/2026 1:42,S015,C0043,Clothing,5,86.17,14.93,66.29,Returning,Digital
INV100992,5/7/2026 9:19,S005,C0073,Clothing,4,83.39,13.47,53.59,New,Cash
INV102251,5/7/2026 10:36,S013,C0067,Clothing,3,91.29,7.46,59.32,New,Cash
INV100679,5/7/2026 14:08,S010,A0054,Accessories,5,21.3,2.01,14.77,New,Digital
INV107981,5/7/2026 15:08,S014,SH0008,Shoes,2,137.61,4.27,112.48,Returning,Digital
INV104933,5/7/2026 19:01,S013,C0081,Clothing,1,47.09,11.99,27.47,Returning,Digital
INV109002,5/7/2026 22:37,S016,A0051,Accessories,3,41.18,3.82,28.86,Returning,Cash
INV109054,10/1/2026 5:51,S011,SH0038,Shoes,5,161.52,20.32,112.67,Returning,Cash
INV102408,10/1/2026 11:56,S005,C0066,Clothing,7,31.48,22.75,18.61,Returning,Cash
INV100594,10/1/2026 12:07,S020,C0084,Clothing,10,67.71,12.57,47.91,Returning,Digital
INV108983,10/1/2026 12:39,S011,A0025,Accessories,7,38.41,5.32,24.36,Returning,Cash
INV101675,10/1/2026 14:13,S003,A0006,Accessories,10,23.27,9.29,15.65,New,Cash
INV102052,10/1/2026 14:58,S010,C0010,Clothing,7,24.8,8.52,13.45,Returning,Card
INV103362,10/1/2026 16:04,S016,C0097,Clothing,3,105,8.54,62.2,Returning,Cash
INV103490,10/1/2026 16:42,S018,A0035,Accessories,10,46.2,26.24,30,New,Card
INV100908,10/1/2026 19:57,S010,SH0035,Shoes,3,167.84,14.24,92.65,Returning,Digital
INV101589,10/1/2026 20:23,S014,SH0011,Shoes,4,64.15,13.06,40.78,New,Cash
INV101279,10/1/2026 21:16,S009,C0049,Clothing,8,54.54,23.1,32.86,New,Card
INV103773,10/1/2026 22:26,S009,C0034,Clothing,10,28.56,6,14.91,New,Cash
INV106236,10/1/2026 23:58,S008,SH0018,Shoes,6,127.15,26.53,82.94,New,Cash
INV109786,10/2/2026 1:20,S012,A0036,Accessories,4,68.04,15,36.6,New,Cash
INV101968,10/2/2026 3:24,S008,C0045,Clothing,4,98.53,15.03,66.15,Returning,Digital
INV105795,10/2/2026 3:35,S001,A0048,Accessories,10,26.2,24.6,17.21,New,Card
INV109209,10/2/2026 6:56,S003,A0054,Accessories,6,49.81,20.7,25.41,New,Cash
INV101473,10/2/2026 8:21,S006,C0046,Clothing,9,97.47,10.54,68.15,New,Card
INV108698,10/2/2026 10:47,S006,SH0010,Shoes,3,59.74,27.36,45.63,New,Cash
INV102984,10/2/2026 11:37,S009,SH0018,Shoes,8,156.76,5.11,111.4,New,Digital
INV109384,10/2/2026 14:38,S020,A0023,Accessories,10,16.9,21.99,12.54,Returning,Digital
INV105408,10/2/2026 16:00,S001,A0030,Accessories,9,10.22,6,4.76,Returning,Digital
INV108828,10/2/2026 16:26,S015,SH0037,Shoes,6,48.84,20.92,30.32,New,Cash
INV100372,10/2/2026 16:51,S004,A0035,Accessories,5,12.28,16.43,6.4,Returning,Card
INV107862,10/2/2026 18:40,S005,SH0004,Shoes,9,151.94,18.73,115.84,New,Cash
INV106552,10/2/2026 19:28,S008,SH0028,Shoes,6,198.88,21.85,168.68,Returning,Digital
INV105652,10/2/2026 21:34,S013,C0061,Clothing,6,92.52,11.76,62.44,Returning,Cash
INV103713,10/2/2026 22:44,S009,A0016,Accessories,4,28.69,17.62,16.1,New,Cash
INV107829,10/2/2026 22:48,S015,SH0010,Shoes,10,41.39,9.25,26.52,Returning,Digital
INV103117,10/2/2026 22:50,S013,C0059,Clothing,8,109.92,14.21,61.66,Returning,Cash
INV109058,10/2/2026 23:13,S003,A0016,Accessories,4,59.41,6.99,35.2,New,Card
INV106616,10/2/2026 23:23,S008,SH0030,Shoes,7,157.8,9.62,122.07,Returning,Cash
INV109044,10/2/2026 23:45,S008,A0036,Accessories,10,17.18,14.38,10.93,New,Digital
INV104380,10/3/2026 1:52,S008,C0018,Clothing,8,41.83,25.28,23.83,Returning,Digital
INV102037,10/3/2026 3:57,S002,A0026,Accessories,3,17.68,18.52,9.21,New,Digital
INV103158,10/3/2026 5:30,S016,C0033,Clothing,8,32.28,29.13,18.13,New,Cash
INV107326,10/3/2026 9:43,S010,C0062,Clothing,4,67.55,26.98,50.92,New,Digital
INV105794,10/3/2026 10:40,S014,SH0011,Shoes,3,56.24,19.23,42.78,New,Cash
INV108542,10/3/2026 11:07,S002,A0004,Accessories,8,36.57,24.52,26.61,Returning,Digital
INV106657,10/3/2026 11:13,S002,SH0011,Shoes,6,122.88,11.09,99.6,New,Digital
INV106661,10/3/2026 11:46,S018,A0042,Accessories,3,73.35,28.72,41.05,Returning,Card
INV102423,10/3/2026 12:00,S004,SH0023,Shoes,3,194.88,24.95,140.53,Returning,Digital
INV109776,10/3/2026 15:20,S018,SH0003,Shoes,3,73.04,8.09,53.67,Returning,Digital
INV104945,10/3/2026 17:52,S002,C0075,Clothing,9,30.8,21.93,23.28,Returning,Digital
INV108230,10/3/2026 17:58,S006,A0017,Accessories,7,12.54,19.22,6.72,New,Card
INV101333,10/3/2026 18:08,S018,SH0026,Shoes,3,195.03,18.94,151.44,Returning,Cash
INV106122,10/3/2026 18:13,S015,A0058,Accessories,5,78.13,8.42,45.3,New,Cash
INV104410,10/3/2026 20:02,S020,C0050,Clothing,10,36.5,12.84,25.35,New,Card
INV100187,10/3/2026 22:09,S001,C0065,Clothing,10,65.6,21.48,33.99,New,Digital
INV100012,10/3/2026 23:31,S006,C0098,Clothing,10,73.27,28.67,39.4,Returning,Digital
INV109341,10/4/2026 3:47,S020,C0080,Clothing,6,30.9,5.31,18.18,Returning,Card
INV109979,10/4/2026 3:52,S013,C0010,Clothing,10,33.15,12.68,16.7,Returning,Digital
INV106899,10/4/2026 7:52,S014,A0042,Accessories,6,79.44,12.97,36.41,Returning,Cash
INV105521,10/4/2026 9:35,S002,C0073,Clothing,7,59.43,22.9,32.68,Returning,Cash
INV100980,10/4/2026 12:13,S012,C0074,Clothing,9,48.93,18.75,37.16,New,Card
INV108760,10/4/2026 13:21,S012,A0002,Accessories,7,69.97,7.21,28.12,New,Card
INV103876,10/4/2026 13:29,S008,A0022,Accessories,9,78.72,21.26,48.73,New,Cash
INV104406,10/4/2026 16:59,S018,C0095,Clothing,6,92.46,17.28,50,Returning,Card
INV101716,10/4/2026 19:28,S009,SH0040,Shoes,4,136.7,7.24,114.47,New,Cash
INV109988,10/4/2026 19:29,S019,SH0037,Shoes,8,134,21.49,85.42,Returning,Digital
INV109012,10/4/2026 22:53,S013,SH0008,Shoes,8,55.36,24.19,33.94,New,Cash
INV109271,10/4/2026 23:23,S010,A0058,Accessories,10,19.42,15.88,10.61,Returning,Card
INV101245,10/5/2026 2:06,S004,C0014,Clothing,8,109.14,15.15,55.96,Returning,Cash
INV101508,10/5/2026 2:43,S013,SH0011,Shoes,4,198.51,16.74,114.52,New,Cash
INV100494,10/5/2026 3:50,S001,SH0040,Shoes,10,100.18,7.02,59.84,New,Cash
INV106514,10/5/2026 3:51,S001,SH0035,Shoes,3,189.09,20.84,137.12,Returning,Cash
INV108304,10/5/2026 4:27,S006,C0086,Clothing,4,108.99,20.06,55.34,New,Digital
INV109014,10/5/2026 4:45,S002,C0018,Clothing,8,90.36,17.39,46.85,New,Cash
INV101100,10/5/2026 5:26,S009,SH0040,Shoes,10,105.55,22.5,75.84,New,Cash
INV103293,10/5/2026 7:53,S003,SH0028,Shoes,5,183.13,23.56,149.19,Returning,Digital
INV101547,10/5/2026 9:04,S019,SH0016,Shoes,9,160.3,16.57,108.84,Returning,Card
INV108889,10/5/2026 9:25,S019,SH0021,Shoes,5,113.46,16.9,82.32,New,Digital
INV104513,10/5/2026 11:06,S003,C0070,Clothing,6,74.61,12.26,58.85,Returning,Digital
INV104664,10/5/2026 11:08,S006,A0053,Accessories,5,40.89,26.45,25.08,New,Card
INV102350,10/5/2026 11:52,S002,A0021,Accessories,8,11.66,12.39,4.9,New,Digital
INV103505,10/5/2026 14:58,S006,A0045,Accessories,8,63.19,19.43,26.49,Returning,Digital
INV108058,10/5/2026 16:36,S009,SH0022,Shoes,5,158.06,28.79,88.43,Returning,Cash
INV101026,10/5/2026 22:30,S014,C0008,Clothing,7,79.62,14.29,44.82,New,Card
INV104024,10/6/2026 1:19,S016,SH0019,Shoes,8,145.41,7.81,111.22,New,Card
INV108849,10/6/2026 2:44,S018,A0013,Accessories,5,54.93,25.37,36.52,Returning,Digital
INV109459,10/6/2026 3:06,S014,SH0008,Shoes,5,75.14,21.38,47.8,New,Cash
INV107912,10/6/2026 4:00,S008,SH0008,Shoes,4,184.77,16.17,115.61,Returning,Digital
INV102213,10/6/2026 5:16,S013,A0051,Accessories,10,35.1,11.59,17.73,Returning,Cash
INV109100,10/6/2026 6:41,S015,A0006,Accessories,9,51.36,24.75,23.91,Returning,Card
INV105016,10/6/2026 7:33,S018,A0052,Accessories,6,75.39,6.11,46.36,New,Card
INV103161,10/6/2026 7:47,S019,C0068,Clothing,9,63.12,29.16,44.11,New,Card
INV103315,10/6/2026 7:54,S016,C0072,Clothing,8,68.41,27.16,39.32,New,Digital
INV106642,10/6/2026 8:37,S020,C0067,Clothing,10,36.19,7.38,26.91,New,Card
INV103085,10/6/2026 12:57,S011,A0027,Accessories,10,51.38,11.55,32.01,New,Digital
INV108689,10/6/2026 15:10,S018,C0009,Clothing,4,90.89,10.66,54.56,New,Card
INV102302,10/6/2026 16:31,S001,A0044,Accessories,5,15.55,22.03,11.33,New,Digital
INV107736,10/6/2026 17:38,S007,A0022,Accessories,3,41.53,13.25,18.27,Returning,Digital
INV109084,10/6/2026 18:33,S008,SH0014,Shoes,4,124.94,11.79,79.72,New,Digital
INV104622,10/6/2026 19:46,S012,A0025,Accessories,9,29.2,6.72,11.83,Returning,Card
INV107513,10/6/2026 20:09,S011,C0019,Clothing,3,102.39,5.27,68.25,Returning,Card
INV108851,10/6/2026 20:12,S004,C0030,Clothing,9,87.45,20.9,59.24,New,Card
INV100940,10/6/2026 20:53,S009,SH0010,Shoes,10,174.38,22.38,125.23,New,Digital
INV106784,10/6/2026 22:05,S014,SH0040,Shoes,7,188.54,10.26,107.12,Returning,Card
INV107654,10/6/2026 23:28,S017,A0007,Accessories,10,13.5,12.83,6.9,Returning,Digital
INV105602,10/7/2026 1:31,S005,C0081,Clothing,9,69.7,24.67,52.43,Returning,Digital
INV102438,10/7/2026 4:08,S019,A0031,Accessories,8,44.11,27.16,22.15,New,Digital
INV107380,10/7/2026 4:39,S002,A0006,Accessories,3,51.53,5.22,25,Returning,Digital
INV107398,10/7/2026 7:31,S005,SH0018,Shoes,5,114.54,29.58,93.6,New,Card
INV106653,10/7/2026 9:16,S005,C0080,Clothing,4,88.08,9.36,68.01,New,Cash
INV105115,10/7/2026 10:34,S002,C0089,Clothing,7,119.26,19.37,83.5,New,Card
INV106383,10/7/2026 10:39,S007,SH0004,Shoes,3,49.7,13.21,40.36,New,Digital
INV102595,10/7/2026 10:55,S002,A0040,Accessories,7,30.35,19.69,16.68,New,Card
INV103605,10/7/2026 13:14,S019,SH0029,Shoes,9,81.62,8.02,47.47,New,Card
INV100539,10/7/2026 16:54,S012,A0024,Accessories,4,58.87,9.52,27.36,Returning,Card
INV101298,10/7/2026 19:38,S003,C0010,Clothing,8,44.01,15.46,25.64,Returning,Cash
INV104282,10/7/2026 20:41,S007,SH0037,Shoes,9,58.8,21.01,33.68,Returning,Card
INV104693,10/7/2026 21:17,S018,C0025,Clothing,10,42.61,21.01,31.88,Returning,Card
INV100789,10/7/2026 21:41,S005,SH0011,Shoes,8,198.95,16.19,139.36,Returning,Card
INV105409,10/7/2026 22:17,S007,A0016,Accessories,3,18.24,29.17,12.95,New,Cash
INV100300,10/7/2026 22:43,S005,C0039,Clothing,7,62.09,20.57,32.93,Returning,Cash
INV101193,10/8/2026 2:39,S008,SH0012,Shoes,9,86.12,27.37,59.52,New,Cash
INV100867,10/8/2026 3:42,S008,A0060,Accessories,6,57.55,29.53,29.54,New,Cash
INV109473,10/8/2026 4:14,S005,A0011,Accessories,10,64.76,21.25,44.5,Returning,Cash
INV105877,10/8/2026 4:19,S005,C0030,Clothing,10,48.26,19.68,38.46,New,Digital
INV100535,10/8/2026 4:54,S014,C0089,Clothing,5,42.66,29.53,22.93,New,Cash
INV103484,10/8/2026 7:03,S016,A0058,Accessories,5,71.07,7.93,47.35,New,Card
INV102380,10/8/2026 8:36,S014,C0098,Clothing,10,68.16,28.43,46.53,New,Card
INV109389,10/8/2026 10:01,S007,A0027,Accessories,5,56.03,15.22,33.29,New,Digital
INV104180,10/8/2026 10:02,S016,SH0039,Shoes,6,173.41,17,128.24,New,Digital
INV107605,10/8/2026 10:10,S020,SH0017,Shoes,10,123.99,21.09,94.85,Returning,Cash
INV103238,10/8/2026 11:04,S020,A0056,Accessories,7,55,21.17,25.54,Returning,Card
INV100264,10/8/2026 11:20,S009,SH0006,Shoes,8,171.47,16.17,128.78,New,Cash
INV101543,10/8/2026 12:11,S016,SH0004,Shoes,9,121.39,10.73,77.21,Returning,Card
INV102676,10/8/2026 15:26,S003,SH0029,Shoes,3,41.44,17.23,34.19,New,Digital
INV106677,10/8/2026 16:57,S010,C0023,Clothing,5,29.53,27.4,21.84,Returning,Digital
INV104733,10/8/2026 17:12,S013,C0056,Clothing,6,94.96,28.61,68.77,New,Card
INV100231,10/8/2026 17:38,S010,SH0039,Shoes,3,85.59,26.2,71.24,New,Digital
INV109172,10/8/2026 19:33,S001,SH0033,Shoes,3,150.95,27.53,102.93,New,Cash
INV101592,10/8/2026 20:34,S006,C0006,Clothing,6,47.26,22.61,31.21,New,Digital
INV101730,10/8/2026 21:55,S001,SH0022,Shoes,4,77.23,5.08,55.22,New,Card
INV100491,10/8/2026 22:41,S006,C0023,Clothing,4,83.27,16.4,64.23,New,Cash
INV100056,10/9/2026 1:03,S001,A0045,Accessories,10,76.09,7.56,47.42,Returning,Card
INV106798,10/9/2026 6:25,S004,C0095,Clothing,4,113.81,22.77,77.17,Returning,Cash
INV109221,10/9/2026 7:38,S019,SH0026,Shoes,9,78.25,24.58,50.13,New,Card
INV102613,10/9/2026 13:36,S011,A0018,Accessories,9,49.62,5.29,25.97,New,Card
INV103207,10/9/2026 15:08,S003,A0002,Accessories,9,53.7,9.1,37.72,Returning,Card
INV108446,10/9/2026 23:53,S018,SH0014,Shoes,5,40.12,13.35,27.39,Returning,Digital
INV101943,10/10/2026 0:37,S007,A0016,Accessories,9,40.86,7.37,25.65,New,Digital
INV106069,10/10/2026 3:56,S016,A0001,Accessories,4,56.54,10.01,34.82,Returning,Card
INV102201,10/10/2026 5:06,S002,SH0024,Shoes,6,131.88,29.45,101.99,New,Cash
INV108819,10/10/2026 5:19,S018,C0006,Clothing,5,98.44,26.55,60.26,Returning,Cash
INV109386,10/10/2026 6:01,S015,C0002,Clothing,10,109.39,11.09,78.19,New,Cash
INV109861,10/10/2026 8:13,S008,SH0023,Shoes,6,180.06,19.04,135.38,Returning,Card
INV104535,10/10/2026 8:55,S015,A0056,Accessories,7,67.79,19.82,35.44,Returning,Cash
INV100853,10/10/2026 9:05,S017,SH0030,Shoes,9,127.33,7.4,84.39,Returning,Digital
INV102155,10/10/2026 10:05,S003,SH0040,Shoes,5,48.93,14.64,40.26,New,Cash
INV106789,10/10/2026 11:06,S014,SH0029,Shoes,4,168.98,28.04,127.15,Returning,Cash
INV100067,10/10/2026 14:56,S010,A0008,Accessories,6,12.02,22.74,7.46,New,Digital
INV106382,10/10/2026 15:06,S003,C0071,Clothing,4,87.72,24.6,69.45,Returning,Digital
INV108817,10/10/2026 18:07,S019,SH0031,Shoes,10,80.91,11.65,55.4,New,Card
INV104699,10/10/2026 19:50,S004,A0001,Accessories,7,62.93,21.67,40.09,New,Digital
INV108678,10/10/2026 21:02,S020,C0093,Clothing,8,82.83,6.96,62.61,New,Cash
INV100950,10/10/2026 21:41,S010,C0096,Clothing,3,95.58,14.48,51.6,New,Card
INV103292,10/10/2026 21:45,S013,C0016,Clothing,8,45.35,26.94,36.26,Returning,Cash
INV107733,10/10/2026 21:51,S007,A0058,Accessories,10,77.75,10.03,58.31,Returning,Digital
INV100190,10/10/2026 21:52,S013,C0084,Clothing,3,119.17,7.34,82.82,Returning,Digital
INV103146,10/11/2026 1:35,S008,SH0008,Shoes,8,151.18,14.42,123.66,Returning,Digital
INV105351,10/11/2026 3:54,S011,SH0028,Shoes,8,85.16,23.52,47.34,New,Cash
INV105354,10/11/2026 4:25,S019,C0007,Clothing,9,68.38,22.13,53.12,Returning,Digital
INV101398,10/11/2026 5:02,S020,SH0039,Shoes,7,120.29,21.16,95.31,Returning,Card
INV102971,10/11/2026 6:41,S001,SH0040,Shoes,4,124.53,14,87.02,New,Card
INV103474,10/11/2026 6:56,S006,A0039,Accessories,10,24.57,20.84,16.11,Returning,Card
INV103708,10/11/2026 11:52,S018,SH0024,Shoes,3,179.72,22.56,121.58,Returning,Card
INV101886,10/11/2026 12:45,S005,SH0033,Shoes,5,151.37,27.72,86.17,New,Card
INV108147,10/11/2026 13:48,S007,SH0030,Shoes,4,160.11,8.48,122.49,New,Card
INV100332,10/11/2026 16:05,S007,C0099,Clothing,4,73.8,10.27,37.06,Returning,Cash
INV101002,10/11/2026 16:30,S018,A0042,Accessories,6,30.97,13.53,21.79,Returning,Digital
INV109482,10/11/2026 18:54,S006,C0018,Clothing,5,27.13,23.2,14.48,Returning,Cash
INV103559,10/11/2026 21:21,S019,C0032,Clothing,9,38.57,13.43,29.99,New,Digital
INV101551,10/12/2026 0:49,S010,A0052,Accessories,10,36.47,24.99,27.27,Returning,Cash
INV101340,10/12/2026 1:44,S020,C0085,Clothing,9,109.47,14.52,66.57,Returning,Digital
INV100427,10/12/2026 2:44,S013,A0009,Accessories,8,45.16,9.6,27.62,Returning,Card
INV104959,10/12/2026 3:19,S017,SH0024,Shoes,3,139.55,6.44,115.21,Returning,Card
INV108677,10/12/2026 3:47,S005,A0035,Accessories,10,44.2,18.02,28.7,New,Cash
INV100530,10/12/2026 5:03,S017,A0027,Accessories,3,54.54,12.25,40.05,New,Digital
INV103423,10/12/2026 6:31,S002,SH0004,Shoes,5,174.9,10.03,136.84,Returning,Cash
INV102695,10/12/2026 9:56,S008,C0017,Clothing,7,41.68,23.42,26.43,Returning,Digital
INV108463,10/12/2026 10:17,S003,C0100,Clothing,10,62.87,14.89,34.41,Returning,Cash
INV103702,10/12/2026 10:58,S003,A0024,Accessories,5,24.56,19.68,15.83,Returning,Digital
INV109644,10/12/2026 12:33,S010,C0068,Clothing,4,56.85,16.25,33.03,Returning,Card
INV103929,10/12/2026 20:36,S001,A0027,Accessories,3,46.57,18.55,24.86,Returning,Digital
INV108999,10/12/2026 21:50,S001,SH0021,Shoes,7,165.85,18.46,118.67,Returning,Cash
INV102053,10/12/2026 23:42,S019,SH0029,Shoes,9,197.67,28.37,114.29,Returning,Cash
INV102372,10/13/2026 3:01,S008,A0052,Accessories,10,42.8,17.16,28.41,Returning,Card
INV105966,10/13/2026 3:02,S010,SH0006,Shoes,4,57.33,17.25,33.36,New,Card
INV102004,10/13/2026 5:53,S008,SH0025,Shoes,8,42.39,16.3,26.84,New,Cash
INV104451,10/13/2026 6:15,S019,SH0010,Shoes,9,145.41,8.18,115.67,New,Cash
INV109242,10/13/2026 9:16,S014,A0025,Accessories,7,10.66,23.98,4.64,Returning,Card
INV109594,10/13/2026 10:09,S010,A0018,Accessories,9,79.55,6.23,45.51,New,Digital
INV103180,10/13/2026 10:34,S019,A0021,Accessories,3,13.37,12.49,8.46,Returning,Digital
INV103924,10/13/2026 10:48,S003,SH0016,Shoes,9,68.15,17.13,41.29,New,Cash
INV107051,10/13/2026 11:05,S006,C0081,Clothing,7,45.11,29.01,24.55,New,Digital
INV107821,10/13/2026 12:31,S007,SH0014,Shoes,8,56.89,5.7,39.01,Returning,Card
INV102945,10/13/2026 14:32,S020,C0056,Clothing,9,118.72,23.42,76.04,New,Cash
INV105331,10/13/2026 14:51,S019,C0073,Clothing,3,25.5,15.97,16.46,New,Card
INV104943,10/13/2026 18:14,S007,SH0036,Shoes,10,44.82,9.37,25.97,New,Digital
INV109911,10/13/2026 18:23,S018,C0016,Clothing,10,55.54,25.17,39.74,New,Digital
INV104152,10/13/2026 18:45,S018,C0029,Clothing,8,83.86,7.41,56.3,New,Cash
INV105044,10/13/2026 18:48,S006,SH0018,Shoes,7,185.53,24.47,113.87,New,Card
INV103022,10/13/2026 18:56,S005,C0024,Clothing,4,96.19,15.55,71.58,New,Cash
INV104419,10/13/2026 21:30,S006,A0029,Accessories,6,56.58,12.11,24.99,New,Card
INV102846,10/13/2026 21:58,S009,A0025,Accessories,7,17.17,22.76,9.32,New,Card
INV104463,10/13/2026 22:20,S009,A0014,Accessories,5,22.36,11.7,10.87,New,Card
INV109138,10/13/2026 23:26,S005,A0046,Accessories,7,61.61,9.04,42.57,New,Card
INV107688,10/14/2026 0:30,S014,C0050,Clothing,3,53.94,10.36,33.88,Returning,Cash
INV102772,10/14/2026 1:50,S012,C0074,Clothing,3,72.55,16.04,57.72,New,Card
INV101635,10/14/2026 2:55,S002,C0089,Clothing,5,40.1,15.68,29.98,Returning,Digital
INV101207,10/14/2026 4:27,S002,SH0017,Shoes,4,198.47,9.08,121.7,Returning,Digital
INV105192,10/14/2026 8:00,S004,A0018,Accessories,4,78.39,29.21,41.63,New,Cash
INV107185,10/14/2026 8:01,S004,C0063,Clothing,5,81.46,6.73,53.39,Returning,Card
INV102689,10/14/2026 8:54,S012,SH0023,Shoes,8,178.89,9.62,103.67,Returning,Digital
INV102781,10/14/2026 9:17,S005,SH0037,Shoes,8,59.8,9.78,49.19,New,Digital
INV102324,10/14/2026 9:53,S017,A0005,Accessories,7,70.53,8.64,44.13,Returning,Cash
INV107471,10/14/2026 11:41,S009,A0050,Accessories,7,22.93,28.99,16.2,Returning,Digital
INV102775,10/14/2026 12:23,S014,C0018,Clothing,4,71.79,13.22,57.01,Returning,Digital
INV107320,10/14/2026 13:54,S002,C0078,Clothing,10,109.26,20.86,55.48,Returning,Card
INV104851,10/14/2026 16:53,S016,C0011,Clothing,3,108.39,22.19,83.42,New,Cash
INV101812,10/14/2026 18:43,S016,SH0039,Shoes,4,181.53,9.29,120.8,Returning,Card
INV105309,10/14/2026 19:10,S017,C0008,Clothing,8,77.98,22.96,57.16,Returning,Cash
INV105210,10/14/2026 19:29,S002,SH0013,Shoes,5,73.5,27.74,41.54,Returning,Digital
INV104834,10/14/2026 19:53,S020,A0060,Accessories,4,32.26,7.64,21.64,Returning,Cash
INV103234,10/14/2026 21:52,S010,C0044,Clothing,9,83.52,7.23,57.54,New,Digital
INV103910,10/14/2026 23:22,S011,A0058,Accessories,4,49.78,21.83,35.77,Returning,Card
INV108238,10/15/2026 4:36,S004,SH0008,Shoes,5,129.23,26.63,86.32,New,Digital
INV106813,10/15/2026 7:40,S004,A0017,Accessories,4,48.46,15.37,30.73,Returning,Digital
INV109262,10/15/2026 7:40,S014,SH0029,Shoes,8,107.88,29.86,77.2,New,Digital
INV102467,10/15/2026 9:02,S020,SH0024,Shoes,6,54.87,10.96,44.96,New,Card
INV100615,10/15/2026 9:36,S010,C0059,Clothing,6,53.9,13.76,30.77,New,Digital
INV105297,10/15/2026 20:27,S003,C0015,Clothing,10,92.37,5.1,71.05,New,Card
INV104553,10/15/2026 20:49,S010,C0081,Clothing,7,26.31,21.86,17.53,Returning,Card
INV109996,10/16/2026 1:12,S001,SH0018,Shoes,10,87.64,14.4,48.64,Returning,Cash
INV104528,10/16/2026 2:14,S010,SH0006,Shoes,5,83.17,16.02,68.29,Returning,Cash
INV106786,10/16/2026 7:24,S016,SH0012,Shoes,9,56.95,23,43.97,Returning,Cash
INV103413,10/16/2026 8:40,S020,C0036,Clothing,8,93.5,15.7,57.23,New,Cash
INV101461,10/16/2026 9:24,S020,C0010,Clothing,5,29.66,12.01,20.82,Returning,Cash
INV109631,10/16/2026 10:55,S009,A0044,Accessories,9,26.33,8.27,16.43,New,Cash
INV100704,10/16/2026 15:43,S002,C0002,Clothing,3,26.11,21.63,18.94,New,Cash
INV100565,10/16/2026 17:23,S005,C0041,Clothing,6,74.57,29.08,47.91,Returning,Card
INV108301,10/17/2026 0:28,S007,A0042,Accessories,4,56.45,28.76,28.93,New,Cash
INV105955,10/17/2026 0:50,S011,C0079,Clothing,7,88.64,21.69,53.67,Returning,Cash
INV107860,10/17/2026 0:56,S001,SH0029,Shoes,4,47.73,14.29,29.38,New,Card
INV105808,10/17/2026 1:10,S014,A0004,Accessories,9,64.83,6.74,39.42,Returning,Digital
INV109734,10/17/2026 1:29,S005,A0006,Accessories,6,64.15,13.87,46.33,Returning,Cash
INV103941,10/17/2026 2:13,S003,C0085,Clothing,4,20.38,19.57,11.14,Returning,Card
INV107106,10/17/2026 3:52,S014,A0016,Accessories,3,62.98,19.34,26.02,New,Digital
INV103839,10/17/2026 4:11,S013,A0037,Accessories,5,78.16,11.44,48.5,Returning,Card
INV101813,10/17/2026 4:53,S014,C0080,Clothing,5,32,29.86,16.55,New,Digital
INV102456,10/17/2026 4:57,S001,SH0005,Shoes,7,153.19,7.99,118.99,New,Card
INV104468,10/17/2026 5:01,S002,A0042,Accessories,5,45.16,9.28,18.13,New,Card
INV107075,10/17/2026 5:37,S011,C0048,Clothing,6,51.27,9.27,36.44,Returning,Digital
INV103428,10/17/2026 6:16,S009,SH0001,Shoes,8,138.85,27.13,114.45,Returning,Digital
INV105282,10/17/2026 15:24,S014,A0043,Accessories,6,33.73,23.75,18.82,Returning,Digital
INV109972,10/17/2026 17:39,S017,A0019,Accessories,7,21.25,7.37,11.02,Returning,Card
INV100640,10/17/2026 23:50,S015,C0087,Clothing,7,22.31,22.02,17.65,New,Card
INV101390,10/18/2026 0:33,S004,SH0024,Shoes,3,111.64,26.71,66.36,Returning,Digital
INV108256,10/18/2026 7:41,S019,C0093,Clothing,3,119.23,21.16,94.23,New,Digital
INV100404,10/18/2026 12:12,S019,SH0016,Shoes,9,131.2,23.65,109.45,Returning,Digital
INV109455,10/18/2026 18:08,S007,C0059,Clothing,4,102.68,7.73,65.6,Returning,Cash
INV105150,10/18/2026 18:26,S011,SH0033,Shoes,7,141.73,10.91,101.15,Returning,Cash
INV101602,10/18/2026 22:00,S019,A0036,Accessories,5,58.24,21.5,42.15,New,Cash
INV106358,10/18/2026 22:34,S003,SH0029,Shoes,4,147.52,19.46,101.53,New,Digital
INV102309,10/18/2026 23:46,S009,C0031,Clothing,10,42.68,26.04,23.25,New,Card
INV104341,10/18/2026 23:51,S019,SH0035,Shoes,9,125.26,16.05,99.75,Returning,Cash
INV107964,10/19/2026 1:37,S015,A0052,Accessories,7,42.04,19.19,23.09,New,Digital
INV102092,10/19/2026 1:44,S019,A0015,Accessories,5,74.03,26.11,42.31,Returning,Card
INV108937,10/19/2026 1:45,S019,A0016,Accessories,4,18.66,12.73,11.65,Returning,Cash
INV101049,10/19/2026 3:07,S002,C0047,Clothing,9,78.01,25.38,55.6,Returning,Digital
INV109895,10/19/2026 3:38,S002,SH0006,Shoes,8,144.77,26.16,113.56,New,Cash
INV104342,10/19/2026 6:33,S006,C0057,Clothing,4,112.1,12.47,84.23,New,Cash
INV109205,10/19/2026 6:41,S015,C0014,Clothing,5,64.02,10.3,39.74,Returning,Card
INV103194,10/19/2026 7:13,S009,SH0007,Shoes,6,73.94,16.77,43.52,Returning,Cash
INV102513,10/19/2026 8:05,S006,SH0006,Shoes,8,171.64,22.96,140.81,Returning,Card
INV105487,10/19/2026 9:07,S010,SH0009,Shoes,3,147.64,26.92,107.31,New,Cash
INV103003,10/19/2026 10:23,S008,C0007,Clothing,5,73.74,9.8,53.05,New,Digital
INV105393,10/19/2026 15:49,S014,SH0036,Shoes,5,45.77,20.28,25.54,Returning,Card
INV100021,10/19/2026 19:02,S007,C0054,Clothing,8,85.74,28.37,57.41,Returning,Cash
INV109590,10/19/2026 21:18,S011,C0072,Clothing,6,45.83,22.52,33.21,New,Digital
INV105358,10/19/2026 22:12,S017,A0028,Accessories,9,60.34,14.01,34.36,New,Digital
INV103046,10/19/2026 23:21,S002,A0058,Accessories,6,48.48,22.97,28.43,Returning,Digital
INV103781,10/19/2026 23:41,S009,SH0016,Shoes,4,165.14,28.6,132.1,New,Cash
INV101666,10/20/2026 0:39,S006,C0045,Clothing,9,39.3,29.23,29.39,New,Card
INV101776,10/20/2026 0:50,S014,SH0027,Shoes,10,103.11,5.99,82.43,Returning,Cash
INV103817,10/20/2026 1:50,S002,SH0034,Shoes,3,151.36,6.89,106.7,New,Cash
INV104623,10/20/2026 2:58,S009,A0025,Accessories,8,33.3,23.69,21.07,Returning,Cash
INV106600,10/20/2026 5:59,S012,C0068,Clothing,3,34.55,8.45,23.86,New,Cash
INV101503,10/20/2026 9:34,S009,SH0015,Shoes,3,61.64,11.3,51.39,Returning,Card
INV103178,10/20/2026 9:52,S015,C0006,Clothing,10,114.99,8.11,69.41,New,Digital
INV100497,10/20/2026 11:55,S007,SH0033,Shoes,6,75.08,11.91,58.64,New,Cash
INV107301,10/20/2026 13:59,S009,A0031,Accessories,4,30.61,20.2,20.49,New,Cash
INV105813,10/20/2026 14:43,S013,C0044,Clothing,6,108.97,10.32,54.94,New,Cash
INV106180,10/20/2026 14:44,S016,SH0025,Shoes,6,57.29,11.84,45.16,Returning,Digital
INV105302,10/20/2026 16:31,S005,C0093,Clothing,10,41.66,8.71,27.93,New,Digital
INV106828,10/20/2026 16:56,S015,C0052,Clothing,4,103.39,13.76,62.49,New,Cash
INV107899,10/20/2026 17:26,S009,A0035,Accessories,5,79.77,9.59,49.3,New,Cash
INV108002,10/20/2026 19:18,S013,SH0022,Shoes,10,163.34,20.9,133.05,New,Cash
INV106713,10/20/2026 21:45,S014,SH0025,Shoes,7,169.6,11.14,127.43,Returning,Card
INV105930,10/20/2026 22:56,S009,SH0007,Shoes,7,149.39,12.88,99.2,New,Card
INV108364,10/20/2026 23:35,S016,SH0005,Shoes,6,42.21,13.02,31.88,Returning,Cash
INV106409,10/20/2026 23:41,S013,C0077,Clothing,5,111.78,18.54,78.83,New,Digital
INV107400,10/21/2026 0:06,S019,A0052,Accessories,8,53.52,27.13,26.7,Returning,Card
INV106708,10/21/2026 2:17,S015,A0033,Accessories,9,49.64,13.75,20.5,New,Cash
INV104637,10/21/2026 4:22,S006,A0033,Accessories,5,32.73,17.54,19.71,New,Card
INV108137,10/21/2026 5:38,S005,SH0007,Shoes,5,155.32,20.85,125.55,New,Cash
INV109121,10/21/2026 6:16,S016,SH0019,Shoes,9,116.04,10.53,76.92,New,Cash
INV109661,10/21/2026 9:44,S006,A0023,Accessories,5,38.7,19.15,19.36,New,Card
INV103407,10/21/2026 10:47,S019,C0008,Clothing,10,46.28,21.37,23.34,New,Cash
INV103811,10/21/2026 15:34,S006,A0011,Accessories,4,69.29,12.93,34.88,New,Card
INV107242,10/21/2026 18:19,S016,C0006,Clothing,6,52.73,19.15,30.77,New,Digital
INV101025,10/21/2026 20:51,S008,A0002,Accessories,8,76.59,6.13,38,New,Digital
INV109969,10/21/2026 20:51,S007,SH0015,Shoes,3,167.63,18.53,109.72,New,Cash
INV102777,10/21/2026 21:06,S010,A0011,Accessories,7,49.93,17.59,35.88,New,Card
INV107642,10/21/2026 21:25,S019,A0012,Accessories,8,39.8,6.76,26.91,Returning,Card
INV104021,10/21/2026 21:44,S006,SH0006,Shoes,10,59.2,20.25,36.65,New,Cash
INV107213,10/22/2026 1:32,S016,A0058,Accessories,3,44.57,19.01,30.83,Returning,Card
INV101288,10/22/2026 2:30,S004,A0027,Accessories,3,65.45,24.3,45.95,Returning,Cash
INV105525,10/22/2026 3:44,S016,SH0015,Shoes,10,170.91,23.76,113.56,Returning,Cash
INV106831,10/22/2026 4:22,S005,SH0002,Shoes,5,175.64,19.66,117.92,Returning,Cash
INV104070,10/22/2026 5:51,S006,A0031,Accessories,5,14.97,16.6,9.73,New,Card
INV100690,10/22/2026 7:51,S001,SH0015,Shoes,8,137.29,9.59,91.22,New,Card
INV103311,10/22/2026 10:14,S018,SH0001,Shoes,8,178.16,22.23,128.7,Returning,Card
INV101919,10/22/2026 10:28,S008,C0046,Clothing,10,32.7,20.45,17.27,Returning,Digital
INV104666,10/22/2026 10:29,S019,A0029,Accessories,7,53.6,6.27,23.7,New,Digital
INV103415,10/22/2026 11:11,S014,C0078,Clothing,8,24.84,15.32,19.71,New,Card
INV104567,10/22/2026 12:35,S015,SH0018,Shoes,7,138.87,25.19,88.71,New,Card
INV109219,10/22/2026 12:46,S018,SH0037,Shoes,6,62.69,19.25,40.97,New,Cash
INV101906,10/22/2026 20:58,S017,C0048,Clothing,4,29.23,16.72,21.74,New,Card
INV107793,10/22/2026 23:36,S009,SH0018,Shoes,7,56.29,12.25,38.92,New,Cash
INV102686,10/23/2026 1:48,S004,A0060,Accessories,3,46.2,12.52,31.54,New,Digital
INV105637,10/23/2026 3:34,S007,SH0038,Shoes,8,169.55,24.23,120.9,Returning,Digital
INV104171,10/23/2026 5:00,S001,SH0038,Shoes,9,62.6,17.53,41.53,New,Card
INV107775,10/23/2026 6:32,S009,A0013,Accessories,6,18.47,10.58,9.77,New,Card
INV101489,10/23/2026 6:42,S001,SH0019,Shoes,8,89.08,26.55,67.67,New,Card
INV103496,10/23/2026 7:24,S010,SH0002,Shoes,3,44.21,12.6,36.29,Returning,Digital
INV104912,10/23/2026 8:16,S019,A0002,Accessories,4,60.19,26.3,32.5,New,Digital
INV104318,10/23/2026 9:53,S001,C0040,Clothing,7,82.91,23.45,62.74,Returning,Card
INV104243,10/23/2026 11:59,S017,C0055,Clothing,5,24.07,9.18,15.02,Returning,Cash
INV102099,10/23/2026 14:44,S007,A0009,Accessories,4,43.17,15.39,25.48,New,Card
INV107934,10/23/2026 17:49,S010,SH0030,Shoes,4,185.63,10.27,138.61,Returning,Card
INV105951,10/23/2026 17:57,S019,C0065,Clothing,4,107.59,25.22,54.02,New,Card
INV109190,10/23/2026 18:10,S017,SH0025,Shoes,4,168.73,6.62,104.01,Returning,Cash
INV100998,10/23/2026 20:54,S003,C0089,Clothing,7,91.74,18.8,50.75,New,Digital
INV106114,10/23/2026 20:58,S006,SH0025,Shoes,3,189.51,27.86,116.28,New,Digital
INV100718,10/23/2026 23:03,S018,C0063,Clothing,5,92.74,29.78,54.69,Returning,Card
INV101888,10/23/2026 23:16,S011,SH0024,Shoes,7,104.13,14.79,71.88,Returning,Digital
INV104095,10/24/2026 0:09,S007,C0039,Clothing,7,43.37,13.98,27.09,New,Cash
INV105113,10/24/2026 1:46,S020,A0013,Accessories,4,20.02,19.77,10.92,New,Cash
INV107681,10/24/2026 2:30,S006,SH0005,Shoes,4,183.02,13.23,118.12,Returning,Digital
INV107926,10/24/2026 5:22,S019,C0082,Clothing,6,90.66,20.47,70.6,Returning,Card
INV103945,10/24/2026 8:12,S005,SH0017,Shoes,4,195.81,26.29,125.13,Returning,Cash
INV102273,10/24/2026 11:35,S001,C0025,Clothing,9,59.71,16.61,39.61,Returning,Card
INV109175,10/24/2026 13:47,S016,A0021,Accessories,7,72.45,29.47,47.93,Returning,Digital
INV106486,10/24/2026 15:08,S007,SH0021,Shoes,5,168.54,5.86,129.43,New,Cash
INV109854,10/24/2026 18:31,S004,A0037,Accessories,8,75.33,23.7,35.9,Returning,Cash
INV107814,10/24/2026 19:59,S002,A0022,Accessories,3,42.78,24.65,21.55,New,Cash
INV101027,10/24/2026 21:11,S009,C0021,Clothing,9,23,20.63,12.91,Returning,Cash
INV102334,10/24/2026 22:19,S016,A0060,Accessories,10,63.35,7.75,26.86,Returning,Card
INV107756,10/24/2026 22:27,S017,C0037,Clothing,6,83.13,19.34,61.65,New,Card
INV107707,10/25/2026 0:01,S012,C0055,Clothing,5,106.16,10.26,57.02,Returning,Cash
INV100956,10/25/2026 0:28,S008,SH0030,Shoes,9,134.97,16.84,102.35,Returning,Digital
INV106679,10/25/2026 2:14,S018,SH0014,Shoes,3,173.73,15.26,140.76,Returning,Cash
INV100531,10/25/2026 3:38,S012,C0070,Clothing,7,52.26,11.79,31.09,New,Digital
INV103922,10/25/2026 8:12,S002,A0056,Accessories,9,12.32,16.46,7.59,Returning,Cash
INV109023,10/25/2026 8:20,S016,A0006,Accessories,4,38.07,13.28,25.99,New,Digital
INV107566,10/25/2026 8:50,S001,C0041,Clothing,9,30.64,16.95,21.87,New,Cash
INV105945,10/25/2026 9:08,S011,C0034,Clothing,6,95.25,22.96,61.55,New,Digital
INV107438,10/25/2026 12:33,S014,C0056,Clothing,7,67.29,12.75,51.35,Returning,Cash
INV103697,10/25/2026 13:36,S013,C0022,Clothing,10,40.51,14.46,28.85,New,Cash
INV104583,10/25/2026 14:20,S003,C0058,Clothing,10,91.66,8.78,70.52,Returning,Digital
INV108259,10/25/2026 14:46,S017,C0031,Clothing,4,89.23,24.66,69.91,Returning,Cash
INV106094,10/25/2026 17:25,S015,SH0006,Shoes,6,125.82,27.08,93.27,Returning,Digital
INV104178,10/25/2026 19:49,S018,C0065,Clothing,10,39.57,25.47,22.11,New,Digital
INV105701,10/25/2026 22:17,S019,A0031,Accessories,6,74.35,18.9,35.43,Returning,Digital
INV103463,10/26/2026 2:11,S009,A0041,Accessories,4,20.65,12.98,15.29,Returning,Digital
INV109721,10/26/2026 2:16,S007,A0047,Accessories,7,64.83,7.01,43.99,New,Card
INV100604,10/26/2026 2:21,S011,C0080,Clothing,10,42.67,11.45,28.53,Returning,Cash
INV108870,10/26/2026 4:24,S006,SH0029,Shoes,8,166.77,10.44,108.7,Returning,Cash
INV101291,10/26/2026 4:51,S004,C0013,Clothing,10,91.13,23.03,58,New,Digital
INV101580,10/26/2026 5:06,S002,C0012,Clothing,10,117.93,29.15,63.18,New,Digital
INV107747,10/26/2026 10:19,S012,SH0003,Shoes,5,42.93,10.24,29.49,Returning,Digital
INV102076,10/26/2026 10:36,S014,C0018,Clothing,10,52.35,16.62,35.95,Returning,Digital
INV104946,10/26/2026 11:47,S008,C0066,Clothing,10,101.9,27.71,52.37,Returning,Cash
INV101304,10/26/2026 16:28,S007,C0044,Clothing,5,49.84,15.19,32.05,New,Digital
INV107241,10/26/2026 16:30,S013,A0010,Accessories,3,55.63,5.57,39.32,Returning,Card
INV106513,10/26/2026 20:48,S015,C0060,Clothing,3,71.32,7.51,39.68,Returning,Digital
INV108042,10/26/2026 21:19,S008,A0002,Accessories,6,71.99,17.15,52.89,New,Digital
INV108119,10/27/2026 0:04,S019,SH0007,Shoes,10,49.62,7.71,37.97,Returning,Cash
INV108347,10/27/2026 0:44,S015,A0034,Accessories,4,40.87,6.92,24.37,New,Digital
INV104506,10/27/2026 6:08,S015,A0007,Accessories,7,23.29,28.44,14.66,New,Cash
INV109551,10/27/2026 16:45,S015,C0022,Clothing,9,52.87,8.17,28.57,Returning,Cash
INV106066,10/27/2026 17:05,S020,SH0013,Shoes,5,64.73,14.39,42.66,New,Card
INV105629,10/27/2026 17:11,S019,C0070,Clothing,4,66.89,9.09,41.73,Returning,Digital
INV102529,10/27/2026 18:31,S018,C0068,Clothing,5,105.09,22.15,62.79,Returning,Digital
INV103070,10/27/2026 20:12,S013,C0035,Clothing,5,119.54,16.6,86.27,New,Digital
INV103699,10/27/2026 22:38,S006,C0085,Clothing,6,75.86,12.66,42.86,Returning,Cash
INV109772,10/28/2026 3:36,S005,C0073,Clothing,6,33.99,5.76,25.15,Returning,Card
INV100417,10/28/2026 9:00,S018,SH0008,Shoes,8,88.82,10.23,61.41,New,Cash
INV104742,10/28/2026 9:09,S013,C0042,Clothing,4,80.69,6.4,49.79,New,Card
INV102679,10/28/2026 9:56,S015,SH0009,Shoes,3,116.67,9.73,82.16,New,Digital
INV106299,10/28/2026 10:31,S006,SH0011,Shoes,6,117.27,17.99,86.76,New,Cash
INV107547,10/28/2026 11:28,S011,A0058,Accessories,9,14.57,26.92,6.37,New,Card
INV108592,10/28/2026 18:29,S008,C0005,Clothing,7,44.94,18.7,31.43,Returning,Cash
INV109761,10/28/2026 18:44,S016,C0071,Clothing,3,54.7,11.18,35.08,Returning,Cash
INV106210,10/28/2026 21:30,S020,C0060,Clothing,6,83.52,8.22,55.04,Returning,Digital
INV104829,10/28/2026 21:59,S017,A0060,Accessories,5,13.84,8.29,10.35,New,Cash
INV100720,10/28/2026 22:19,S005,SH0011,Shoes,10,132.35,12.28,90.34,New,Cash
INV105495,10/28/2026 23:23,S005,A0005,Accessories,6,24.2,26.96,13.92,New,Digital
INV101785,11/1/2026 2:53,S002,A0040,Accessories,7,53.08,22.43,24.74,New,Card
INV109126,11/1/2026 6:35,S020,A0020,Accessories,4,21.27,16.22,13.42,New,Digital
INV103847,11/1/2026 11:27,S009,SH0009,Shoes,3,99.15,6.67,60.37,New,Card
INV103636,11/1/2026 11:44,S011,SH0009,Shoes,8,147.18,21.79,83.24,Returning,Card
INV104187,11/1/2026 12:15,S012,A0012,Accessories,6,28.51,19.99,15.42,Returning,Cash
INV106741,11/1/2026 12:30,S006,SH0009,Shoes,6,76.93,29.92,42.49,New,Cash
INV104644,11/1/2026 14:35,S011,C0013,Clothing,6,112.86,7.88,88.95,New,Card
INV104379,11/1/2026 15:15,S009,A0033,Accessories,9,62.29,16.69,30.14,Returning,Card
INV102269,11/1/2026 15:26,S016,A0045,Accessories,5,68.68,28.96,42.77,New,Cash
INV108458,11/1/2026 15:57,S002,SH0004,Shoes,8,156.67,15.45,124.97,New,Card
INV100079,11/1/2026 21:25,S016,C0073,Clothing,3,106.51,27.77,78.12,Returning,Cash
INV100162,11/2/2026 0:19,S018,SH0007,Shoes,10,188.55,29.73,122.65,Returning,Cash
INV103976,11/2/2026 2:50,S019,C0039,Clothing,10,64.12,9.41,49.43,New,Digital
INV109167,11/2/2026 3:20,S002,SH0033,Shoes,10,132.61,27.54,103.59,Returning,Digital
INV101088,11/2/2026 3:43,S011,A0034,Accessories,5,47.4,23.1,29.22,Returning,Cash
INV104740,11/2/2026 4:13,S012,C0065,Clothing,3,87.03,20.07,48.47,Returning,Cash
INV104647,11/2/2026 5:51,S012,A0045,Accessories,9,53.71,10.39,37.34,Returning,Card
INV100798,11/2/2026 11:50,S006,A0014,Accessories,9,13.79,11.75,9.71,New,Cash
INV109374,11/2/2026 13:10,S011,SH0013,Shoes,8,114.62,12.14,76.26,Returning,Card
INV103007,11/2/2026 13:36,S012,A0059,Accessories,3,21.82,8.94,10.01,New,Card
INV103119,11/2/2026 14:23,S014,C0020,Clothing,4,43.84,6.27,33.25,Returning,Cash
INV100553,11/2/2026 14:42,S019,A0037,Accessories,3,46.03,22.4,25.2,New,Card
INV106356,11/2/2026 14:43,S001,C0059,Clothing,7,95.53,14.15,61.72,Returning,Digital
INV100620,11/2/2026 16:09,S005,A0020,Accessories,10,79.37,5.7,40.17,New,Digital
INV107202,11/2/2026 16:40,S002,A0023,Accessories,10,43.39,7.59,20.58,New,Card
INV103576,11/2/2026 17:29,S017,A0054,Accessories,6,24.11,22.24,11.85,New,Cash
INV109335,11/2/2026 19:24,S008,SH0018,Shoes,8,136.56,19.77,102.05,Returning,Digital
INV108499,11/2/2026 22:30,S009,C0028,Clothing,5,40.4,21.89,27.09,Returning,Card
INV103013,11/2/2026 23:08,S002,SH0002,Shoes,4,49.17,16.54,37.24,Returning,Cash
INV103520,11/2/2026 23:27,S013,SH0013,Shoes,4,136.83,5.92,86.05,New,Digital
INV104731,11/2/2026 23:59,S020,SH0019,Shoes,4,136.31,29.55,78.17,New,Digital
INV106324,11/3/2026 1:03,S005,A0053,Accessories,3,36.98,15.85,20.37,Returning,Digital
INV103949,11/3/2026 6:20,S003,A0047,Accessories,7,24.12,29.91,15.32,Returning,Cash
INV100643,11/3/2026 7:12,S001,A0020,Accessories,3,14.4,17,8.91,Returning,Card
INV106047,11/3/2026 8:25,S004,C0027,Clothing,3,84.49,20.57,60.65,New,Digital
INV102615,11/3/2026 9:09,S006,SH0002,Shoes,10,86.46,27.69,56.87,Returning,Cash
INV109173,11/3/2026 9:13,S012,C0045,Clothing,8,41.46,20.8,31.3,Returning,Cash
INV106709,11/3/2026 10:23,S015,SH0030,Shoes,9,82.39,15.28,48.57,New,Digital
INV104539,11/3/2026 15:27,S007,SH0029,Shoes,9,47.3,26.77,37.35,New,Digital
INV109671,11/3/2026 15:35,S013,SH0011,Shoes,9,104.83,5.95,79,Returning,Card
INV105830,11/3/2026 15:57,S012,C0002,Clothing,8,25.26,28.53,18.14,New,Digital
INV107370,11/3/2026 17:14,S018,C0030,Clothing,5,104.96,18.72,82.08,New,Digital
INV104616,11/3/2026 18:16,S019,A0060,Accessories,8,38.22,20.85,19.17,New,Digital
INV107743,11/3/2026 19:12,S008,SH0006,Shoes,5,164.22,24.47,113.99,Returning,Card
INV106481,11/3/2026 23:34,S003,A0043,Accessories,9,78.28,17.87,47.69,Returning,Digital
INV101146,11/3/2026 23:44,S015,C0009,Clothing,3,59.75,17.44,36.64,Returning,Cash
INV108391,11/3/2026 23:58,S006,A0040,Accessories,5,77.42,18.25,55.95,Returning,Card
INV101700,11/4/2026 1:03,S003,SH0012,Shoes,9,75.05,5.59,47.23,New,Digital
INV105338,11/4/2026 1:18,S013,C0032,Clothing,8,22.1,10.85,12.42,New,Digital
INV103065,11/4/2026 3:52,S012,A0048,Accessories,6,40.29,18.59,28.71,New,Card
INV106498,11/4/2026 4:23,S009,C0099,Clothing,9,64,28.23,41.44,New,Cash
INV101051,11/4/2026 9:58,S012,C0094,Clothing,8,65.66,25.46,50.38,Returning,Cash
INV107872,11/4/2026 12:27,S010,C0066,Clothing,7,46.38,8.05,30.91,Returning,Card
INV103840,11/4/2026 12:53,S005,C0082,Clothing,8,46.77,16.51,32.72,Returning,Card
INV104091,11/4/2026 13:19,S009,SH0021,Shoes,8,178.39,20.95,150.96,Returning,Card
INV109041,11/4/2026 13:35,S002,C0022,Clothing,10,70.21,13.36,36.65,New,Cash
INV106601,11/4/2026 14:45,S003,C0073,Clothing,5,43.6,13.28,33.33,Returning,Card
INV106536,11/4/2026 16:39,S008,A0021,Accessories,7,55.81,23.31,32.73,New,Digital
INV109309,11/4/2026 17:20,S004,SH0012,Shoes,9,170.61,7.49,98.6,Returning,Digital
INV105473,11/4/2026 19:21,S018,A0011,Accessories,4,49.69,21.33,23.2,Returning,Card
INV104414,11/4/2026 21:30,S019,SH0026,Shoes,8,127.28,21.49,78.33,Returning,Card
INV108520,11/4/2026 22:31,S008,C0059,Clothing,8,22.39,23.74,14.43,Returning,Digital
INV108077,11/4/2026 23:12,S014,C0078,Clothing,5,85.29,28.65,48.58,Returning,Card
INV106461,11/5/2026 1:36,S006,C0068,Clothing,9,47.26,22.8,27.55,New,Card
INV101412,11/5/2026 2:28,S012,C0072,Clothing,5,53.8,29.53,33.13,New,Digital
INV107255,11/5/2026 2:50,S016,C0007,Clothing,5,32.26,6.37,24.36,New,Card
INV103164,11/5/2026 4:20,S016,SH0015,Shoes,7,190.59,8.2,112.24,Returning,Card
INV109468,11/5/2026 10:12,S016,C0021,Clothing,4,96.24,24.76,48.22,New,Card
INV105131,11/5/2026 12:05,S016,C0066,Clothing,9,61.9,17.63,32.07,New,Cash
INV102987,11/5/2026 12:10,S005,C0049,Clothing,4,51.08,18.16,35.58,Returning,Card
INV100017,11/5/2026 13:11,S018,A0016,Accessories,4,71.21,6.26,30.36,New,Cash
INV108297,11/5/2026 16:06,S006,A0009,Accessories,9,76.79,16.67,42.54,Returning,Digital
INV108952,11/5/2026 21:03,S020,C0093,Clothing,9,77.11,29.14,59.55,Returning,Digital
INV102152,11/5/2026 21:42,S020,C0089,Clothing,8,47.95,5.18,35.61,Returning,Card
INV102935,11/6/2026 0:00,S007,C0031,Clothing,6,77.99,6.83,47.51,New,Card
INV107834,11/6/2026 0:49,S010,SH0017,Shoes,3,112.87,18.49,85.52,New,Digital
INV106374,11/6/2026 1:22,S018,A0009,Accessories,5,21.96,23.72,15.56,New,Card
INV101822,11/6/2026 5:26,S019,SH0009,Shoes,4,41.77,29.16,28.2,Returning,Cash
INV100821,11/6/2026 6:46,S020,A0057,Accessories,7,41.23,25.4,25.1,New,Digital
INV108658,11/6/2026 6:57,S017,A0057,Accessories,6,15.54,12.87,7.43,New,Digital
INV106349,11/6/2026 11:55,S005,SH0020,Shoes,3,161.86,17.03,134.43,New,Card
INV107698,11/6/2026 13:11,S012,A0047,Accessories,8,11.42,25.19,4.88,Returning,Card
INV102543,11/6/2026 15:59,S006,A0046,Accessories,4,56.25,12.62,29.1,Returning,Card
INV107608,11/6/2026 18:58,S017,SH0039,Shoes,5,85.4,19.69,59.66,Returning,Cash
INV101083,11/6/2026 23:16,S004,SH0026,Shoes,7,85.57,7.71,54.42,Returning,Cash
INV103777,11/6/2026 23:30,S002,C0033,Clothing,6,40.78,11.58,24.91,Returning,Cash
INV108629,11/7/2026 0:38,S001,C0064,Clothing,9,94.91,27.32,60.19,New,Digital
INV104169,11/7/2026 0:44,S010,C0078,Clothing,3,74.51,15.5,48.45,Returning,Card
INV103643,11/7/2026 2:01,S018,SH0023,Shoes,8,52.71,24.05,37.52,Returning,Digital
INV101548,11/7/2026 2:10,S013,A0058,Accessories,5,43.87,8.3,18.77,New,Card
INV108204,11/7/2026 5:17,S017,SH0028,Shoes,6,54.52,11.58,31.09,New,Cash
INV109518,11/7/2026 6:11,S014,SH0005,Shoes,3,168.33,28.14,141.55,Returning,Card
INV102986,11/7/2026 11:19,S003,A0059,Accessories,10,74.21,13.17,30.13,New,Cash
INV102410,11/7/2026 14:21,S018,C0074,Clothing,5,31.47,26.24,19.84,New,Digital
INV103237,11/7/2026 17:13,S017,A0032,Accessories,8,19.81,13.13,9.07,New,Card
INV107830,11/7/2026 22:22,S009,A0055,Accessories,4,75.66,27.76,33.39,New,Digital
INV100797,11/7/2026 22:47,S007,C0036,Clothing,10,65.46,8.64,43.43,Returning,Digital
INV103970,11/8/2026 2:19,S002,SH0008,Shoes,8,82.13,11.31,67.61,Returning,Card
INV108637,11/8/2026 2:29,S014,SH0037,Shoes,4,126.53,12.39,105.73,New,Cash
INV100976,11/8/2026 2:39,S016,SH0039,Shoes,8,172.32,18.54,125.17,New,Card
INV105385,11/8/2026 6:56,S006,A0039,Accessories,6,74.85,26.02,47.28,New,Cash
INV101712,11/8/2026 9:14,S017,SH0038,Shoes,5,166.23,23.1,116.38,Returning,Digital
INV105455,11/8/2026 10:43,S005,C0006,Clothing,10,94.52,28.87,65.66,New,Card
INV100420,11/8/2026 12:32,S017,C0041,Clothing,4,68.47,9.66,46.5,Returning,Digital
INV102802,11/8/2026 15:57,S004,C0010,Clothing,6,28.77,10.97,19.62,New,Digital
INV106255,11/8/2026 19:46,S014,SH0011,Shoes,6,65.58,29.21,47.58,New,Digital
INV102878,11/8/2026 20:04,S007,C0093,Clothing,10,93.4,9.33,60.8,Returning,Digital
INV102816,11/9/2026 0:26,S002,SH0021,Shoes,3,175.59,8.51,143.79,Returning,Digital
INV107032,11/9/2026 3:41,S016,A0015,Accessories,9,21.37,9.55,14.35,Returning,Cash
INV106795,11/9/2026 3:59,S019,SH0040,Shoes,10,149.55,6.95,102.57,New,Digital
INV104432,11/9/2026 12:00,S008,SH0024,Shoes,6,64.87,8.38,54.62,New,Cash
INV108325,11/9/2026 12:25,S005,C0037,Clothing,7,89.29,13.36,59.47,Returning,Digital
INV104245,11/9/2026 15:20,S004,SH0018,Shoes,9,139.63,14.16,96,New,Digital
INV102640,11/9/2026 17:02,S017,A0001,Accessories,4,30.29,29.51,14.31,New,Card
INV101011,11/9/2026 17:23,S014,A0008,Accessories,4,43.03,13.11,30.48,New,Cash
INV105636,11/9/2026 17:57,S003,C0089,Clothing,4,35.04,23.6,23.72,New,Card
INV100398,11/9/2026 19:58,S018,SH0011,Shoes,7,51.02,25.49,30.43,Returning,Card
INV100884,11/10/2026 2:03,S008,SH0025,Shoes,9,119.26,16.1,96.46,New,Card
INV109687,11/10/2026 4:10,S018,A0056,Accessories,6,22.28,12.62,9.08,Returning,Card
INV104173,11/10/2026 6:01,S012,SH0008,Shoes,8,75.6,29.46,44.98,New,Card
INV104102,11/10/2026 7:00,S011,C0059,Clothing,3,68.81,21.93,37.26,Returning,Digital
INV100114,11/10/2026 8:46,S010,SH0039,Shoes,5,179.72,27.92,116.82,Returning,Cash
INV106312,11/10/2026 8:46,S005,SH0002,Shoes,9,93.61,10.91,60.47,New,Digital
INV100578,11/10/2026 12:42,S011,C0072,Clothing,5,24.11,17.59,13.35,Returning,Cash
INV107059,11/10/2026 15:15,S016,A0036,Accessories,8,73.85,17.47,43.21,New,Card
INV104767,11/10/2026 15:29,S005,SH0012,Shoes,6,117.59,20.44,86.6,New,Card
INV100059,11/10/2026 18:39,S003,SH0007,Shoes,6,191.61,11.62,117.33,New,Cash
INV103582,11/10/2026 19:00,S001,C0053,Clothing,4,111.34,5.1,78.57,New,Digital
INV105936,11/10/2026 20:39,S003,A0002,Accessories,8,43.25,14.45,20.61,Returning,Card
INV106140,11/10/2026 23:08,S016,C0056,Clothing,4,56.2,7.12,37.92,New,Cash
INV109974,11/11/2026 1:18,S004,SH0017,Shoes,5,159.59,28.36,91.3,Returning,Card
INV104805,11/11/2026 2:30,S012,A0036,Accessories,5,40.3,26.23,21.89,Returning,Cash
INV102225,11/11/2026 4:05,S011,A0041,Accessories,8,24.05,27.43,17.51,New,Digital
INV100668,11/11/2026 7:26,S001,SH0026,Shoes,7,162.05,13.15,122.7,New,Cash
INV107866,11/11/2026 7:43,S018,C0034,Clothing,6,66.3,8.13,42.49,Returning,Digital
INV101687,11/11/2026 8:27,S016,C0092,Clothing,5,105.57,9.98,58.11,New,Cash
INV107444,11/11/2026 12:33,S017,A0036,Accessories,5,36.5,28.1,20.09,Returning,Cash
INV100847,11/11/2026 12:37,S004,A0020,Accessories,8,23.34,25.85,14.07,Returning,Card
INV101545,11/11/2026 13:17,S015,SH0006,Shoes,6,132.2,19.77,87.62,Returning,Card
INV104302,11/11/2026 14:17,S018,C0052,Clothing,4,35.52,12.74,18.01,Returning,Digital
INV100991,11/11/2026 14:44,S001,SH0018,Shoes,5,135.11,18.04,105.17,New,Card
INV103592,11/11/2026 16:14,S010,C0069,Clothing,6,117.3,16,91.34,New,Cash
INV107138,11/11/2026 17:17,S018,C0060,Clothing,10,47.94,21.36,25.77,New,Card
INV101175,11/11/2026 17:33,S020,SH0005,Shoes,7,80.25,26.87,50.59,New,Card
INV103729,11/11/2026 18:45,S006,C0023,Clothing,3,101.09,29.12,71.56,Returning,Card
INV100593,11/11/2026 18:46,S003,SH0029,Shoes,5,139.81,10.28,88.01,Returning,Digital
INV109640,11/12/2026 0:52,S020,A0045,Accessories,8,46.64,18.52,31.27,Returning,Card
INV104143,11/12/2026 1:34,S008,SH0027,Shoes,9,91.71,22.24,61.94,Returning,Card
INV106427,11/12/2026 4:42,S001,A0030,Accessories,10,36.52,20.26,20.8,Returning,Digital
INV109858,11/12/2026 5:39,S017,C0056,Clothing,3,66.97,7.8,43.46,New,Card
INV106615,11/12/2026 6:17,S010,C0027,Clothing,8,102.62,9.23,67.47,Returning,Cash
INV107004,11/12/2026 6:58,S008,SH0039,Shoes,10,151.39,16.66,127.95,Returning,Cash
INV103091,11/12/2026 8:47,S019,C0022,Clothing,5,76.29,12.32,56.45,New,Cash
INV103286,11/12/2026 9:26,S016,C0010,Clothing,10,111.53,6.86,87.06,Returning,Cash
INV107706,11/12/2026 10:06,S009,SH0026,Shoes,9,119.54,7.04,83.32,New,Card
INV101562,11/12/2026 10:30,S010,SH0009,Shoes,6,177.46,5.25,104.29,Returning,Digital
INV100016,11/12/2026 13:26,S011,SH0004,Shoes,4,147.74,6.52,124.88,New,Cash
INV105000,11/12/2026 14:01,S003,C0061,Clothing,3,60.21,25.46,42.01,New,Cash
INV105921,11/12/2026 16:58,S010,C0003,Clothing,4,33.06,25.33,25.29,Returning,Card
INV108729,11/12/2026 19:09,S008,SH0038,Shoes,7,178.31,15.54,120.37,New,Digital
INV102487,11/12/2026 19:55,S010,A0033,Accessories,9,38.09,13.15,18.32,New,Digital
INV103706,11/12/2026 23:34,S001,C0064,Clothing,3,85.68,18.94,68.22,Returning,Card
INV103080,11/13/2026 1:06,S007,C0096,Clothing,3,59.41,10.89,45.61,Returning,Card
INV101418,11/13/2026 2:30,S005,SH0031,Shoes,4,183.45,24.31,152.15,Returning,Digital
INV100869,11/13/2026 4:40,S006,SH0013,Shoes,7,71.31,10.64,49.73,Returning,Digital
INV108529,11/13/2026 5:50,S003,C0089,Clothing,6,72.57,21.54,53.39,New,Card
INV103732,11/13/2026 7:53,S013,A0014,Accessories,3,24.53,9.54,15.65,New,Cash
INV105211,11/13/2026 8:21,S012,SH0001,Shoes,3,197.15,13.52,123.7,Returning,Card
INV108638,11/13/2026 10:04,S013,C0053,Clothing,6,61.09,6.52,32.16,New,Card
INV108622,11/13/2026 11:24,S012,A0041,Accessories,7,59.82,23.32,27.97,Returning,Card
INV108923,11/13/2026 13:12,S003,SH0020,Shoes,4,120.14,9.91,67.48,Returning,Cash
INV103342,11/13/2026 15:03,S009,A0020,Accessories,7,77.44,28.02,33.68,Returning,Digital
INV107552,11/13/2026 17:08,S020,A0049,Accessories,10,51.44,11.73,25.54,New,Card
INV109029,11/13/2026 18:38,S009,A0060,Accessories,3,15.89,26.84,8.36,New,Card
INV100613,11/13/2026 23:46,S010,C0067,Clothing,4,119.19,17.79,69.75,Returning,Digital
INV108577,11/14/2026 0:32,S013,A0032,Accessories,4,57.93,7.75,23.23,New,Cash
INV105714,11/14/2026 1:32,S013,A0013,Accessories,7,65.04,7.14,47.7,New,Digital
INV106937,11/14/2026 2:38,S005,SH0035,Shoes,5,153.25,11.56,108.94,Returning,Card
INV108142,11/14/2026 6:02,S010,SH0037,Shoes,9,198.86,9.61,127.55,New,Card
INV103019,11/14/2026 6:11,S020,A0059,Accessories,5,36,14.33,15.34,Returning,Cash
INV102036,11/14/2026 8:36,S003,C0015,Clothing,8,106.71,24.09,58.02,New,Card
INV109503,11/14/2026 8:41,S003,A0025,Accessories,4,42.45,7.43,31.75,Returning,Card
INV108328,11/14/2026 13:45,S012,A0050,Accessories,5,70.47,26.4,38.69,Returning,Cash
INV109297,11/14/2026 15:46,S013,A0026,Accessories,5,49.45,11.27,22.82,Returning,Digital
INV104899,11/14/2026 16:30,S020,C0085,Clothing,4,100.36,24.99,77.02,Returning,Cash
INV101303,11/14/2026 17:41,S002,C0080,Clothing,7,41.09,12.26,27.01,New,Cash
INV102544,11/14/2026 18:21,S012,C0011,Clothing,10,118.1,26.06,85.68,Returning,Cash
INV109658,11/14/2026 19:10,S018,SH0028,Shoes,5,187.14,5.27,104.06,New,Card
INV107167,11/14/2026 19:18,S004,A0039,Accessories,4,44.54,12.81,30.58,Returning,Cash
INV103441,11/14/2026 20:32,S012,A0012,Accessories,4,49.41,6.51,35.21,Returning,Card
INV103480,11/15/2026 4:01,S003,A0038,Accessories,8,17.38,15.36,8.64,Returning,Card
INV106549,11/15/2026 7:18,S010,A0021,Accessories,10,70.77,24.95,44.29,New,Card
INV104540,11/15/2026 9:03,S011,C0086,Clothing,10,20.71,17.19,16.23,Returning,Digital
INV102480,11/15/2026 9:04,S019,A0001,Accessories,5,18.09,23.05,11.1,New,Card
INV102523,11/15/2026 11:48,S013,C0046,Clothing,5,90.75,10.65,63.15,New,Cash
INV107118,11/15/2026 13:34,S008,A0038,Accessories,3,70.51,10.31,42.28,Returning,Digital
INV104088,11/15/2026 13:53,S016,A0018,Accessories,5,31.51,17.76,22.36,New,Card
INV100844,11/15/2026 15:47,S012,SH0017,Shoes,10,146.15,5.34,91.5,Returning,Digital
INV101342,11/15/2026 18:25,S005,C0046,Clothing,5,102.65,20.96,70.15,Returning,Card
INV109675,11/15/2026 22:35,S006,C0028,Clothing,3,100.65,13.23,61.34,New,Card
INV106227,11/15/2026 22:53,S012,A0056,Accessories,7,62.24,15.58,25.08,New,Card
INV105480,11/16/2026 1:33,S015,A0005,Accessories,3,58.64,28.51,40.47,Returning,Digital
INV103282,11/16/2026 3:03,S007,A0021,Accessories,7,61.97,19.53,25.26,Returning,Card
INV104087,11/16/2026 3:54,S020,C0020,Clothing,4,20.24,22.26,10.22,New,Cash
INV102937,11/16/2026 5:02,S015,C0024,Clothing,6,82.24,7.44,56.03,Returning,Digital
INV109549,11/16/2026 5:25,S001,C0086,Clothing,6,35.06,9.27,20.91,Returning,Cash
INV109685,11/16/2026 7:48,S014,A0024,Accessories,8,30.5,26.15,13.28,Returning,Cash
INV109125,11/16/2026 7:55,S005,SH0001,Shoes,6,180.73,28.82,130.38,New,Digital
INV106008,11/16/2026 8:00,S004,C0080,Clothing,6,48.86,16.21,38.86,Returning,Cash
INV104209,11/16/2026 8:14,S005,C0073,Clothing,6,104.33,13.14,53.47,New,Digital
INV108748,11/16/2026 9:24,S007,SH0012,Shoes,3,110.07,24.69,60.77,Returning,Cash
INV107721,11/16/2026 10:03,S011,SH0039,Shoes,10,159.7,13.3,135.28,Returning,Digital
INV108209,11/16/2026 11:34,S020,A0004,Accessories,7,76.82,5.72,55.6,New,Card
INV103507,11/16/2026 12:38,S018,C0087,Clothing,4,116.56,10.27,88.71,Returning,Card
INV109131,11/16/2026 14:10,S020,C0057,Clothing,3,93.16,6.24,72.49,New,Cash
INV108274,11/16/2026 14:14,S004,C0084,Clothing,5,42.31,21,33.01,New,Cash
INV100342,11/16/2026 14:28,S005,A0032,Accessories,4,48.62,26.04,22.44,New,Card
INV103786,11/16/2026 15:31,S001,SH0015,Shoes,4,146.12,5.29,100.33,New,Card
INV104051,11/16/2026 16:36,S018,C0055,Clothing,3,60.57,28.28,45.81,New,Cash
INV103574,11/16/2026 16:47,S009,C0052,Clothing,3,57.35,27.25,36.13,New,Digital
INV107443,11/16/2026 20:19,S001,SH0029,Shoes,8,177.24,23.63,110.98,Returning,Cash
INV105983,11/16/2026 20:20,S018,C0082,Clothing,5,20.68,13.01,11.49,Returning,Card
INV107304,11/16/2026 23:41,S003,A0040,Accessories,8,51.9,23.09,30.14,New,Card
INV102527,11/17/2026 0:50,S007,SH0032,Shoes,3,178.66,18.99,101.78,New,Cash
INV106912,11/17/2026 1:16,S007,C0097,Clothing,7,82.89,8.69,51.32,New,Card
INV102763,11/17/2026 1:46,S014,C0049,Clothing,10,79.15,21.09,59.87,New,Digital
INV108079,11/17/2026 3:35,S009,SH0005,Shoes,10,131.07,16.14,84.76,Returning,Card
INV106694,11/17/2026 6:36,S012,SH0010,Shoes,3,54.94,19.81,35.97,Returning,Card
INV108702,11/17/2026 8:32,S003,A0008,Accessories,7,77.77,19.59,46.33,Returning,Card
INV108073,11/17/2026 11:04,S009,A0050,Accessories,9,44.02,19.72,26.68,New,Digital
INV107993,11/17/2026 11:30,S015,C0065,Clothing,10,45.92,19.21,23.72,New,Cash
INV101560,11/17/2026 13:08,S006,SH0031,Shoes,7,155.77,7.49,95.89,New,Cash
INV108158,11/17/2026 14:57,S014,A0036,Accessories,6,19.27,13.37,13.12,New,Cash
INV109422,11/17/2026 15:17,S010,A0013,Accessories,6,20.4,13.91,10.85,Returning,Cash
INV107109,11/17/2026 16:50,S018,SH0021,Shoes,3,124.85,18.47,79.73,New,Card
INV106329,11/17/2026 17:47,S019,SH0036,Shoes,4,156.81,7.19,126.51,Returning,Cash
INV101797,11/17/2026 20:32,S007,A0014,Accessories,3,45.17,14.68,23.28,Returning,Cash
INV100649,11/17/2026 20:48,S020,A0038,Accessories,5,71.97,16.74,48.32,Returning,Card
INV106174,11/17/2026 21:38,S010,A0052,Accessories,10,49.92,22.28,26.88,New,Digital
INV100423,11/17/2026 21:39,S020,SH0015,Shoes,9,106.77,29.26,77.07,Returning,Card
INV101055,11/17/2026 22:41,S003,A0049,Accessories,4,49.19,9.97,22.74,Returning,Card
INV100928,11/17/2026 23:53,S005,C0008,Clothing,7,96.74,23.51,55.68,New,Card
INV105339,11/18/2026 0:00,S014,A0060,Accessories,9,70.4,27.25,49.16,New,Cash
INV101132,11/18/2026 0:40,S011,SH0021,Shoes,3,103.29,21.09,66.93,New,Digital
INV103042,11/18/2026 1:59,S007,C0001,Clothing,6,86.89,28.16,44.2,New,Cash
INV104769,11/18/2026 3:23,S010,SH0036,Shoes,9,186.85,17.91,149.28,Returning,Cash
INV107559,11/18/2026 5:43,S020,SH0004,Shoes,3,82.85,21.47,46.05,Returning,Digital
INV106854,11/18/2026 6:49,S020,SH0038,Shoes,5,194.56,22,111.87,New,Digital
INV101598,11/18/2026 6:50,S020,A0047,Accessories,4,43.99,7.25,25.46,Returning,Cash
INV105702,11/18/2026 12:42,S003,SH0025,Shoes,4,72.28,11.61,54.41,New,Card
INV106953,11/18/2026 15:09,S003,A0007,Accessories,10,52.59,23.54,35.56,Returning,Digital
INV108736,11/18/2026 16:52,S013,C0073,Clothing,3,22.42,18.81,16,New,Card
INV106233,11/18/2026 17:10,S004,C0072,Clothing,4,90.75,21.74,55.1,New,Digital
INV102866,11/18/2026 19:57,S007,C0059,Clothing,5,67.27,11.97,35.1,New,Card
INV104319,11/18/2026 20:37,S003,C0042,Clothing,3,76.26,24.02,43.19,Returning,Card
INV101864,11/19/2026 1:23,S019,C0033,Clothing,8,50.22,12.69,28.26,Returning,Cash
INV104779,11/19/2026 1:37,S005,A0043,Accessories,4,29.61,23.05,22.13,Returning,Cash
INV104842,11/19/2026 4:22,S004,SH0020,Shoes,10,56.18,19.7,44.02,New,Cash
INV103762,11/19/2026 4:42,S011,C0059,Clothing,3,104.44,23.66,79.31,New,Digital
INV100453,11/19/2026 7:10,S016,A0040,Accessories,3,72.46,8.25,42.69,New,Cash
INV105997,11/19/2026 10:19,S015,SH0004,Shoes,3,40.8,21.63,24.61,Returning,Card
INV109359,11/19/2026 16:22,S019,A0043,Accessories,6,43.42,15.83,31.65,New,Digital
INV107563,11/19/2026 16:27,S009,SH0015,Shoes,8,90.33,5.1,53.63,Returning,Digital
INV103892,11/19/2026 23:14,S004,SH0009,Shoes,7,73.64,10.81,52.69,Returning,Cash
INV106031,11/20/2026 0:13,S005,SH0012,Shoes,3,80.64,19.61,44.65,New,Card
INV105383,11/20/2026 0:48,S001,A0023,Accessories,3,78.2,22.46,53.74,New,Card
INV107316,11/20/2026 1:01,S005,A0006,Accessories,6,45.83,15.32,19.42,New,Card
INV108362,11/20/2026 1:55,S002,C0012,Clothing,10,92.31,24.37,68.07,New,Cash
INV101825,11/20/2026 7:06,S005,C0078,Clothing,4,72.79,8.87,40.54,Returning,Cash
INV108544,11/20/2026 7:12,S018,C0002,Clothing,9,78.88,5.61,49.32,New,Card
INV106398,11/20/2026 10:59,S003,SH0036,Shoes,9,188.34,18.06,107,New,Card
INV106493,11/20/2026 12:09,S010,A0017,Accessories,9,27.45,18.99,18.67,Returning,Cash
INV100389,11/20/2026 14:17,S001,SH0032,Shoes,3,70.05,29.24,38.94,New,Cash
INV104652,11/20/2026 15:22,S006,C0006,Clothing,9,109.79,12.84,72.23,Returning,Digital
INV109731,11/20/2026 15:32,S008,C0053,Clothing,5,22.09,5.11,11.29,New,Digital
INV104369,11/20/2026 16:03,S011,SH0035,Shoes,8,80.64,25.39,67.91,Returning,Card
INV109902,11/20/2026 19:56,S007,C0035,Clothing,6,59.3,20.12,38.72,New,Card
INV108340,11/20/2026 21:29,S012,C0028,Clothing,10,104.56,19.49,63.61,New,Cash
INV100028,11/20/2026 23:09,S011,C0021,Clothing,9,117.62,5.62,87.42,Returning,Digital
INV106238,11/21/2026 3:29,S003,C0095,Clothing,4,20.8,28.23,11.57,New,Digital
INV103891,11/21/2026 5:08,S001,C0009,Clothing,10,34.4,25.36,25.9,Returning,Cash
INV100670,11/21/2026 9:05,S007,C0087,Clothing,10,75.29,5.67,38.37,New,Card
INV101789,11/21/2026 10:30,S019,A0012,Accessories,6,16.4,13.03,10.73,New,Cash
INV104098,11/21/2026 12:04,S004,SH0005,Shoes,10,184.03,29.27,138.32,Returning,Cash
INV106166,11/21/2026 12:05,S019,SH0040,Shoes,4,110.24,10.53,84.27,New,Cash
INV100222,11/21/2026 13:24,S009,C0082,Clothing,9,99.46,17.89,72.67,Returning,Card
INV107988,11/21/2026 14:18,S018,A0006,Accessories,7,74.26,28.5,55.35,New,Digital
INV109958,11/21/2026 14:23,S015,A0024,Accessories,7,19.81,18.9,10.74,New,Cash
INV100943,11/21/2026 15:25,S016,SH0017,Shoes,3,83.87,26.58,47.57,Returning,Card
INV100685,11/21/2026 19:23,S004,C0028,Clothing,10,61.11,29.58,44.63,New,Card
INV104926,11/21/2026 20:16,S006,SH0022,Shoes,8,169.38,11.32,99.33,New,Cash
INV104008,11/21/2026 21:20,S010,C0001,Clothing,4,77.13,17.41,39.59,Returning,Cash
INV102538,11/21/2026 21:20,S008,A0055,Accessories,9,49.66,5.72,31.59,New,Cash
INV103746,11/22/2026 3:17,S009,SH0009,Shoes,7,141.76,8.41,117.51,New,Cash
INV101739,11/22/2026 6:09,S005,C0091,Clothing,9,40.65,16.9,24.45,Returning,Digital
INV102564,11/22/2026 8:22,S015,A0029,Accessories,3,25.59,29.98,10.33,Returning,Cash
INV107978,11/22/2026 11:15,S009,SH0036,Shoes,9,90.03,25.08,63.4,Returning,Cash
INV103175,11/22/2026 13:38,S004,A0012,Accessories,8,32.38,19.65,16.6,Returning,Digital
INV106318,11/22/2026 15:21,S006,A0018,Accessories,4,26.43,20.16,18.07,Returning,Cash
INV101642,11/22/2026 16:18,S020,A0011,Accessories,7,55.54,20.48,29.79,Returning,Digital
INV105085,11/22/2026 21:15,S003,C0081,Clothing,6,62.85,6.28,35.49,Returning,Cash
INV107820,11/22/2026 23:56,S012,SH0019,Shoes,9,157.87,28.62,121.93,New,Card
INV102783,11/23/2026 0:46,S013,C0093,Clothing,9,107.67,9.35,83.59,Returning,Cash
INV106456,11/23/2026 2:28,S004,SH0038,Shoes,6,83.34,10.54,59.52,New,Digital
INV104783,11/23/2026 3:40,S015,C0076,Clothing,5,20.01,24.19,14.55,Returning,Card
INV102354,11/23/2026 6:22,S011,SH0039,Shoes,8,167.75,8.88,100.15,Returning,Cash
INV109844,11/23/2026 8:19,S003,SH0027,Shoes,10,158.41,5.13,120.92,New,Card
INV106479,11/23/2026 9:10,S002,A0044,Accessories,6,29.41,16,18.32,Returning,Card
INV107996,11/23/2026 9:11,S019,C0048,Clothing,8,78.74,28.76,49.46,Returning,Digital
INV105478,11/23/2026 10:53,S010,SH0015,Shoes,9,121.82,10.64,89.21,Returning,Cash
INV109377,11/23/2026 14:45,S005,SH0036,Shoes,10,61.96,16.83,46.84,New,Digital
INV102793,11/24/2026 1:22,S018,A0055,Accessories,10,79.77,14.37,32,Returning,Digital
INV101896,11/24/2026 1:34,S007,SH0035,Shoes,7,75.73,23.67,63.99,Returning,Digital
INV109394,11/24/2026 3:16,S010,C0050,Clothing,4,108.71,11.08,81.98,Returning,Cash
INV106263,11/24/2026 6:36,S019,SH0037,Shoes,5,161.36,19.39,109.78,New,Cash
INV107539,11/24/2026 7:00,S003,SH0008,Shoes,3,105.77,17.65,65.56,New,Cash
INV103319,11/24/2026 7:34,S013,C0029,Clothing,7,99.3,19.37,62.92,New,Card
INV107753,11/24/2026 8:03,S004,A0045,Accessories,4,28.18,24.02,17.06,Returning,Card
INV107827,11/24/2026 8:50,S017,C0025,Clothing,4,49.81,8.1,36.8,New,Digital
INV107231,11/24/2026 9:03,S014,C0028,Clothing,9,86.05,22.04,64.66,Returning,Digital
INV103679,11/24/2026 9:15,S017,SH0027,Shoes,6,85.77,8.5,54.93,New,Digital
INV107355,11/24/2026 12:20,S008,SH0004,Shoes,3,142.43,13.75,114.44,New,Card
INV101677,11/24/2026 13:50,S001,A0008,Accessories,4,49.86,16.85,29.49,Returning,Card
INV101740,11/24/2026 16:53,S017,SH0004,Shoes,3,105.03,24.93,78.93,Returning,Digital
INV104570,11/24/2026 17:08,S005,A0028,Accessories,3,31.98,20.24,16.3,New,Cash
INV101010,11/24/2026 18:30,S020,SH0025,Shoes,10,150.05,11.25,123.44,Returning,Cash
INV101938,11/24/2026 20:24,S015,SH0022,Shoes,5,96.96,17.15,75.37,Returning,Card
INV107329,11/24/2026 20:35,S003,SH0010,Shoes,7,141.36,5.99,112.57,Returning,Digital
INV100973,11/24/2026 20:47,S020,C0056,Clothing,7,116.52,29.87,86,New,Digital
INV108133,11/24/2026 21:12,S008,C0074,Clothing,7,81.01,7.63,56.54,Returning,Digital
INV102702,11/25/2026 0:19,S003,SH0038,Shoes,3,54.67,12.34,38.31,Returning,Cash
INV104437,11/25/2026 5:18,S012,SH0021,Shoes,7,172.6,10.05,114.46,New,Digital
INV100359,11/25/2026 6:26,S010,SH0031,Shoes,10,68.6,11.34,49.24,Returning,Digital
INV108706,11/25/2026 7:22,S009,A0053,Accessories,10,36.84,29.43,19.57,New,Cash
INV103511,11/25/2026 10:46,S018,C0040,Clothing,7,98.19,6.04,54.12,New,Digital
INV100484,11/25/2026 14:01,S009,A0010,Accessories,3,55.7,21.62,22.3,New,Digital
INV103142,11/25/2026 14:02,S004,SH0033,Shoes,4,55.16,11.74,46.71,New,Digital
INV102643,11/25/2026 14:08,S010,A0046,Accessories,6,65.33,26.26,39.82,Returning,Digital
INV100452,11/25/2026 14:42,S012,A0010,Accessories,4,21.02,10.16,9.25,Returning,Card
INV109310,11/25/2026 15:08,S007,A0045,Accessories,9,19.61,7.79,10.28,Returning,Cash
INV102346,11/25/2026 15:57,S012,C0055,Clothing,8,50.43,21.72,31.74,Returning,Cash
INV106033,11/25/2026 19:17,S003,A0027,Accessories,9,68.68,26.27,34.72,Returning,Card
INV106464,11/25/2026 20:29,S011,C0078,Clothing,4,24.51,21.47,19.04,New,Card
INV100414,11/25/2026 22:08,S017,C0062,Clothing,6,75.93,19.03,49.08,New,Cash
INV106319,11/25/2026 22:57,S011,C0039,Clothing,8,56.34,12.54,31.23,Returning,Digital
INV100422,11/26/2026 1:40,S011,A0057,Accessories,7,80,10.64,59.73,Returning,Digital
INV102365,11/26/2026 1:51,S003,A0030,Accessories,10,17.01,18.16,10.74,New,Cash
INV108855,11/26/2026 5:31,S002,A0042,Accessories,10,73.93,25.49,37.99,Returning,Cash
INV103816,11/26/2026 10:14,S007,SH0036,Shoes,4,153.55,13.61,94.72,New,Card
INV108348,11/26/2026 12:49,S019,C0095,Clothing,4,29.31,26.17,18.95,New,Digital
INV105996,11/26/2026 13:33,S011,A0018,Accessories,5,28.08,12.83,18.67,New,Cash
INV109698,11/26/2026 13:58,S012,SH0035,Shoes,5,117.96,13.36,79.03,Returning,Cash
INV101544,11/26/2026 15:02,S014,A0017,Accessories,4,49.81,14.21,33.86,Returning,Cash
INV104820,11/26/2026 15:39,S017,C0044,Clothing,10,39.11,13.32,27.43,Returning,Cash
INV104201,11/26/2026 16:37,S006,SH0037,Shoes,6,103.44,5.19,72.57,Returning,Cash
INV109006,11/26/2026 21:36,S018,SH0035,Shoes,10,149.55,18.42,99.16,New,Card
INV108288,11/26/2026 22:04,S020,SH0004,Shoes,8,170.64,5.98,109.17,New,Digital
INV101123,11/26/2026 22:55,S008,A0037,Accessories,10,77.93,14.25,32.89,New,Card
INV108061,11/26/2026 23:30,S020,C0055,Clothing,3,104.26,28.81,53.4,New,Card
INV101317,11/27/2026 0:03,S020,A0034,Accessories,4,13.92,12.33,8.73,New,Digital
INV107465,11/27/2026 0:12,S007,A0021,Accessories,9,24.57,14.43,12.95,Returning,Card
INV105186,11/27/2026 1:50,S011,SH0026,Shoes,10,137.11,10.57,92.66,New,Digital
INV108331,11/27/2026 2:28,S011,A0019,Accessories,3,74.52,16.75,35.97,New,Card
INV107033,11/27/2026 5:53,S005,A0014,Accessories,6,72.58,13.32,50.66,New,Card
INV109241,11/27/2026 8:41,S008,SH0039,Shoes,10,198.62,18.8,117.26,New,Cash
INV108811,11/27/2026 8:42,S007,SH0018,Shoes,8,157.79,21.48,99.36,Returning,Digital
INV103898,11/27/2026 8:49,S007,SH0017,Shoes,6,67.2,16.04,43.15,Returning,Card
INV100889,11/27/2026 8:54,S016,A0030,Accessories,3,11.21,29.15,4.52,New,Card
INV109670,11/27/2026 12:54,S011,C0033,Clothing,3,56.76,28.64,34.1,New,Card
INV106242,11/27/2026 13:06,S011,SH0035,Shoes,6,135.74,26.27,108.34,New,Cash
INV109357,11/27/2026 15:04,S020,SH0017,Shoes,7,96.01,20.05,70.92,Returning,Card
INV101488,11/27/2026 17:03,S008,SH0025,Shoes,3,154.74,24.46,107.27,Returning,Digital
INV100127,11/27/2026 20:11,S003,SH0030,Shoes,5,196.93,25.29,136.58,Returning,Cash
INV109899,11/27/2026 21:47,S005,A0030,Accessories,4,72.24,16.43,41.07,New,Card
INV107361,11/27/2026 22:40,S020,SH0019,Shoes,7,46.35,12.66,34.49,New,Digital
INV102453,11/27/2026 22:52,S009,SH0028,Shoes,10,181.78,8.89,151.83,Returning,Cash
INV101007,11/27/2026 23:20,S013,A0028,Accessories,3,49.43,24.06,32.97,New,Card
INV109139,11/27/2026 23:32,S009,A0055,Accessories,4,62.71,19.83,27.03,Returning,Card
INV108109,11/28/2026 4:22,S001,C0023,Clothing,6,107.99,29.78,67.21,Returning,Card
INV101350,11/28/2026 4:44,S012,SH0007,Shoes,4,85.36,5.88,66.66,New,Card
INV107299,11/28/2026 5:36,S006,A0007,Accessories,7,77.86,7.39,41.36,Returning,Cash
INV107505,11/28/2026 7:34,S010,C0067,Clothing,9,30.81,23.98,20.43,New,Digital
INV108293,11/28/2026 7:49,S015,SH0009,Shoes,10,88.26,6.51,59.54,New,Cash
INV105058,11/28/2026 8:00,S005,A0001,Accessories,9,15.38,23.2,11.25,New,Card
INV106909,11/28/2026 9:07,S013,C0084,Clothing,6,55.22,26.36,32.61,New,Digital
INV104642,11/28/2026 12:47,S001,C0049,Clothing,6,36.72,10.32,19.86,New,Digital
INV101655,11/28/2026 12:52,S004,C0075,Clothing,8,68.73,24.75,38.2,New,Card
INV100886,11/28/2026 13:50,S018,SH0004,Shoes,7,169.18,26.46,121.13,Returning,Card
INV105129,11/28/2026 16:44,S012,A0004,Accessories,3,16.25,6.12,8.35,Returning,Card
INV102221,11/28/2026 16:48,S011,A0053,Accessories,9,53.88,25.87,35.66,Returning,Digital
INV105353,12/1/2026 0:30,S002,SH0033,Shoes,9,75.46,18.45,53.06,New,Cash
INV100769,12/1/2026 0:50,S019,SH0022,Shoes,5,176.44,17.01,101.54,Returning,Cash
INV107468,12/1/2026 1:08,S011,A0052,Accessories,5,37.59,8.2,18.84,New,Card
INV100089,12/1/2026 1:50,S008,C0017,Clothing,6,98.7,19.66,55.43,Returning,Cash
INV102653,12/1/2026 2:00,S009,SH0034,Shoes,9,192.12,24.43,111.27,Returning,Digital
INV101505,12/1/2026 4:02,S005,C0007,Clothing,5,47.7,10.48,34.07,New,Digital
INV106701,12/1/2026 5:14,S003,C0080,Clothing,3,43.59,5.55,22.39,Returning,Card
INV101616,12/1/2026 8:18,S011,C0078,Clothing,9,36.67,26.9,25.38,New,Cash
INV105615,12/1/2026 9:49,S013,C0014,Clothing,4,90.29,21.51,50.06,New,Cash
INV107086,12/1/2026 11:04,S017,A0033,Accessories,5,51.48,16.21,34.46,New,Card
INV106571,12/1/2026 11:57,S013,A0029,Accessories,5,16.8,26.75,9.62,Returning,Digital
INV109789,12/1/2026 12:15,S018,C0047,Clothing,3,57.29,26.52,38.07,Returning,Card
INV108442,12/1/2026 13:22,S006,C0012,Clothing,8,53.45,18.91,36.94,Returning,Card
INV106880,12/1/2026 15:07,S002,SH0014,Shoes,4,106.85,20.7,68.94,Returning,Cash
INV109976,12/1/2026 17:18,S001,A0005,Accessories,9,21.55,23.18,10.57,Returning,Cash
INV105148,12/1/2026 18:35,S007,SH0004,Shoes,6,121.18,27.13,87.91,New,Digital
INV109583,12/1/2026 19:52,S011,A0015,Accessories,10,26.26,13.4,15.4,Returning,Cash
INV102429,12/1/2026 20:00,S011,C0064,Clothing,7,78.74,24.55,53.91,Returning,Digital
INV104490,12/1/2026 20:27,S004,C0067,Clothing,4,31.53,6.43,19.32,Returning,Digital
INV103690,12/1/2026 21:06,S011,A0031,Accessories,10,15.14,22.43,10.75,Returning,Digital
INV106839,12/2/2026 2:27,S004,A0060,Accessories,3,65.39,8.83,31.31,New,Cash
INV109330,12/2/2026 4:41,S003,C0067,Clothing,6,68.15,5.13,34.46,Returning,Card
INV109196,12/2/2026 4:59,S013,C0045,Clothing,5,100.68,13.42,76.19,New,Card
INV108400,12/2/2026 6:55,S009,A0048,Accessories,4,78.88,27.75,57.49,Returning,Card
INV100891,12/2/2026 7:07,S008,C0024,Clothing,8,88.44,6.05,67.05,New,Digital
INV107661,12/2/2026 7:18,S016,SH0018,Shoes,3,101.98,29.63,79.66,Returning,Digital
INV108456,12/2/2026 9:43,S020,A0035,Accessories,4,30.41,6.75,19.22,Returning,Card
INV100827,12/2/2026 10:41,S012,C0061,Clothing,7,29.51,11.87,21.86,Returning,Cash
INV107593,12/2/2026 13:11,S009,C0035,Clothing,5,74.71,19.65,39.1,New,Digital
INV100299,12/2/2026 19:03,S013,C0084,Clothing,4,103.61,15.42,53.3,New,Digital
INV108986,12/2/2026 20:10,S008,C0063,Clothing,4,112.78,9.32,59.55,New,Card
INV100518,12/2/2026 21:20,S001,C0048,Clothing,7,64.84,8.04,51.39,Returning,Card
INV105825,12/2/2026 21:43,S016,C0054,Clothing,9,59.99,26.22,30.53,Returning,Digital
INV102872,12/2/2026 22:13,S013,C0035,Clothing,6,27.32,25.55,21.12,Returning,Digital
INV102326,12/2/2026 23:27,S010,A0052,Accessories,6,70.42,20.55,51.49,New,Digital
INV106822,12/3/2026 0:28,S005,A0042,Accessories,9,74.03,20.19,53.65,New,Card
INV109156,12/3/2026 2:37,S010,SH0027,Shoes,5,153.97,18.26,92.28,New,Card
INV100711,12/3/2026 3:27,S008,C0021,Clothing,9,112.9,24.16,67.51,Returning,Digital
INV107685,12/3/2026 4:03,S007,A0020,Accessories,10,30.64,11.58,16.6,Returning,Card
INV109428,12/3/2026 4:26,S011,A0015,Accessories,8,67.96,17.07,31.95,New,Digital
INV100633,12/3/2026 9:05,S007,SH0008,Shoes,7,172.88,26.96,132.69,Returning,Digital
INV103676,12/3/2026 10:46,S019,SH0027,Shoes,6,103.62,5.67,77.56,New,Card
INV108615,12/3/2026 10:52,S007,SH0015,Shoes,3,141.42,7.97,86.6,New,Card
INV107982,12/3/2026 14:20,S005,SH0017,Shoes,9,151.76,28.69,87.23,New,Cash
INV100636,12/3/2026 17:01,S012,SH0029,Shoes,9,147.56,25.69,96.78,Returning,Cash
INV105639,12/3/2026 18:12,S011,C0071,Clothing,6,85.19,23.5,48.2,New,Digital
INV103215,12/3/2026 18:14,S005,A0060,Accessories,10,22.94,7.58,12.46,New,Digital
INV102521,12/3/2026 19:07,S007,SH0031,Shoes,3,86.49,7.8,55.9,New,Cash
INV105398,12/3/2026 20:34,S004,C0029,Clothing,8,43.23,13.42,26.74,New,Card
INV105445,12/3/2026 22:48,S007,C0054,Clothing,6,76.57,11.21,41.12,Returning,Card
INV107527,12/4/2026 0:07,S013,A0006,Accessories,8,76.27,27.35,32.78,Returning,Card
INV102624,12/4/2026 0:38,S009,C0075,Clothing,6,47.09,23.14,27.19,New,Card
INV104200,12/4/2026 2:29,S005,C0004,Clothing,6,88.68,25.82,59.71,New,Card
INV105449,12/4/2026 4:22,S009,C0051,Clothing,5,23.06,28.77,16.35,Returning,Cash
INV100425,12/4/2026 5:20,S010,C0094,Clothing,9,22.95,29.03,13.67,Returning,Digital
INV106213,12/4/2026 6:32,S008,A0050,Accessories,5,79.93,22.13,35.14,Returning,Cash
INV104571,12/4/2026 12:39,S005,C0041,Clothing,5,101.96,22.92,76.04,New,Cash
INV101160,12/4/2026 14:24,S015,A0016,Accessories,8,52.25,12.75,29.48,New,Digital
INV102658,12/4/2026 14:43,S019,C0081,Clothing,9,100.84,5.12,72.51,Returning,Digital
INV102790,12/4/2026 17:10,S006,SH0037,Shoes,6,70.52,29.26,46.85,Returning,Digital
INV108626,12/4/2026 17:47,S017,SH0032,Shoes,8,144.32,22.11,94.56,Returning,Digital
INV102776,12/4/2026 21:23,S010,A0036,Accessories,8,21.93,9.44,9.23,New,Cash
INV106563,12/4/2026 22:41,S003,C0092,Clothing,3,28.73,26.97,15.42,Returning,Card
INV104930,12/4/2026 23:28,S003,A0035,Accessories,7,25.73,16.79,12,New,Cash
INV101950,12/5/2026 0:06,S005,A0028,Accessories,5,72.5,8.22,34.22,Returning,Cash
INV101567,12/5/2026 1:54,S004,C0040,Clothing,9,65.75,10.2,36.49,New,Card
INV103907,12/5/2026 4:01,S013,C0007,Clothing,7,47.52,27.61,23.81,New,Card
INV107693,12/5/2026 6:28,S011,C0027,Clothing,5,54.94,23.46,41.96,Returning,Card
INV101366,12/5/2026 7:57,S010,A0042,Accessories,6,35.46,13.01,26.15,Returning,Card
INV107643,12/5/2026 12:26,S019,C0041,Clothing,10,20.15,5.06,14.83,New,Digital
INV103264,12/5/2026 13:41,S010,C0044,Clothing,4,24.31,6.51,15.19,New,Cash
INV108728,12/5/2026 14:36,S012,C0009,Clothing,6,115.18,12.18,61.43,Returning,Cash
INV109834,12/5/2026 14:59,S004,A0009,Accessories,6,26.82,15.54,17.72,New,Card
INV101133,12/5/2026 15:04,S012,C0018,Clothing,6,35.16,7.3,23.09,Returning,Card
INV104730,12/5/2026 19:09,S016,C0009,Clothing,7,43.44,13.03,27.51,Returning,Digital
INV106034,12/5/2026 22:14,S005,C0018,Clothing,7,72.57,19.45,40.7,Returning,Card
INV101224,12/6/2026 0:55,S005,C0033,Clothing,8,61.58,8.7,39.78,New,Digital
INV107207,12/6/2026 1:32,S010,A0046,Accessories,6,32.94,9.89,14.53,Returning,Cash
INV109070,12/6/2026 4:15,S007,SH0037,Shoes,6,94.32,24.31,74.27,New,Digital
INV106407,12/6/2026 5:39,S010,SH0013,Shoes,10,86.3,8.99,57.78,New,Card
INV104999,12/6/2026 7:09,S006,A0007,Accessories,8,15.01,22.76,9.45,Returning,Digital
INV103424,12/6/2026 9:29,S001,C0081,Clothing,9,88.74,8.47,54.01,Returning,Cash
INV106013,12/6/2026 9:56,S005,A0020,Accessories,10,74.38,29.26,54.48,Returning,Cash
INV108821,12/6/2026 13:26,S010,SH0008,Shoes,7,199.7,29.06,140.11,New,Digital
INV105666,12/6/2026 14:37,S017,A0040,Accessories,5,23.44,19.26,13.94,New,Card
INV107233,12/6/2026 17:06,S005,C0095,Clothing,9,118.93,6.14,81.61,Returning,Card
INV109277,12/6/2026 22:11,S010,C0056,Clothing,10,109.03,19.1,56.67,New,Cash
INV103760,12/7/2026 0:00,S010,C0072,Clothing,9,62.14,20.08,47.63,Returning,Card
INV102164,12/7/2026 0:02,S009,SH0038,Shoes,10,94.44,10.31,55.81,Returning,Digital
INV108603,12/7/2026 2:06,S012,C0050,Clothing,4,100.79,17.1,58.01,New,Digital
INV103257,12/7/2026 2:12,S009,A0023,Accessories,9,54.6,15.22,31.3,New,Digital
INV100883,12/7/2026 3:23,S001,C0005,Clothing,10,117.79,28.83,83.57,Returning,Cash
INV109903,12/7/2026 3:23,S012,A0017,Accessories,9,15.16,14.39,6.2,New,Card
INV107165,12/7/2026 3:36,S008,C0096,Clothing,9,42.64,17.74,32.5,Returning,Card
INV106823,12/7/2026 5:46,S001,C0014,Clothing,8,37.7,13.96,22.87,New,Digital
INV107120,12/7/2026 5:58,S019,SH0036,Shoes,9,185.5,24.02,135.12,Returning,Card
INV107161,12/7/2026 7:54,S018,C0023,Clothing,3,58.31,17.7,38.88,Returning,Cash
INV103519,12/7/2026 8:49,S017,A0044,Accessories,9,28.82,8.05,21.44,New,Card
INV108548,12/7/2026 9:20,S009,C0062,Clothing,9,25.16,8.88,18.22,New,Digital
INV106730,12/7/2026 11:39,S005,SH0019,Shoes,8,83.55,7.46,49.15,New,Cash
INV102566,12/7/2026 15:48,S007,SH0038,Shoes,8,197.35,26.01,112.2,Returning,Digital
INV109598,12/7/2026 16:01,S003,C0062,Clothing,9,58.65,27.76,34.85,Returning,Card
INV106250,12/7/2026 19:44,S019,C0035,Clothing,3,31.91,12.24,24.32,New,Cash
INV104894,12/7/2026 21:49,S001,SH0017,Shoes,9,149.72,11.89,95.49,Returning,Digital
INV104260,12/8/2026 0:39,S012,SH0035,Shoes,4,109.37,19.99,80.07,New,Card
INV108770,12/8/2026 2:43,S013,A0001,Accessories,10,76.52,22.62,43.17,New,Cash
INV100492,12/8/2026 2:51,S019,A0022,Accessories,9,66.81,13.11,49.69,New,Card
INV105663,12/8/2026 4:46,S003,C0068,Clothing,10,51.72,13.08,37.37,New,Cash
INV108387,12/8/2026 5:22,S015,C0013,Clothing,8,27.55,8.85,20.23,Returning,Card
INV106081,12/8/2026 6:54,S008,A0056,Accessories,7,11.34,26.6,6.82,New,Digital
INV102929,12/8/2026 8:40,S010,A0027,Accessories,4,37.84,28.43,15.74,Returning,Cash
INV108440,12/8/2026 10:31,S010,SH0025,Shoes,3,173.56,18.38,97.92,Returning,Cash
INV104964,12/8/2026 14:09,S007,C0092,Clothing,10,90.29,7.49,51.26,Returning,Digital
INV109528,12/8/2026 14:11,S004,A0041,Accessories,5,13.7,28.56,6.82,New,Digital
INV108162,12/8/2026 15:18,S020,C0023,Clothing,10,36.97,10.12,23.6,Returning,Cash
INV101619,12/8/2026 19:38,S014,A0017,Accessories,4,68.34,18.83,45.12,New,Cash
INV106363,12/9/2026 1:08,S013,SH0006,Shoes,6,109.31,10.31,76.11,New,Cash
INV107807,12/9/2026 1:25,S013,A0037,Accessories,10,25.35,19.92,17.5,Returning,Cash
INV101235,12/9/2026 2:22,S020,C0046,Clothing,7,37.64,23.13,27.93,New,Cash
INV100159,12/9/2026 4:06,S002,SH0038,Shoes,6,78.29,20.95,44.25,New,Card
INV105144,12/9/2026 4:10,S007,A0056,Accessories,6,74.54,23.81,36.58,New,Card
INV109218,12/9/2026 9:31,S001,A0006,Accessories,5,65.18,18.27,26.5,New,Cash
INV101953,12/9/2026 10:53,S013,A0044,Accessories,7,29.83,9.64,13.25,Returning,Card
INV104798,12/9/2026 14:48,S004,SH0011,Shoes,9,133.67,24.39,107.72,Returning,Card
INV107281,12/9/2026 15:40,S007,SH0010,Shoes,10,53.84,21.88,44.16,New,Card
INV104720,12/9/2026 15:46,S009,A0033,Accessories,3,44.5,19.22,18.5,Returning,Cash
INV104721,12/9/2026 16:15,S017,SH0023,Shoes,9,104.79,25.15,59.02,Returning,Digital
INV100052,12/9/2026 17:00,S016,C0011,Clothing,6,44.14,22.27,27.45,Returning,Cash
INV100758,12/9/2026 17:22,S014,A0029,Accessories,9,54.09,6.69,23.86,New,Cash
INV100050,12/9/2026 19:51,S008,SH0031,Shoes,7,114.38,13.06,91.24,New,Card
INV104526,12/9/2026 21:17,S017,SH0019,Shoes,7,84.55,18.4,66.52,Returning,Digital
INV106159,12/9/2026 21:38,S002,SH0038,Shoes,4,110.85,14.46,90.58,Returning,Card
INV109547,12/10/2026 1:27,S015,SH0034,Shoes,3,181.54,5.6,118.68,Returning,Digital
INV107819,12/10/2026 4:37,S008,C0066,Clothing,4,50.73,8.56,31.15,New,Digital
INV105050,12/10/2026 5:46,S007,SH0003,Shoes,8,146.44,5.06,105.19,New,Cash
INV107395,12/10/2026 8:40,S016,SH0039,Shoes,8,188.62,18.56,149.67,Returning,Digital
INV106221,12/10/2026 10:06,S015,C0019,Clothing,3,66.71,29.12,46.39,Returning,Card
INV107129,12/10/2026 10:34,S003,SH0013,Shoes,8,126.14,26.72,101,Returning,Digital
INV105864,12/10/2026 12:43,S006,A0017,Accessories,7,15.16,29.88,6.43,New,Digital
INV100820,12/10/2026 14:47,S007,A0028,Accessories,6,45.89,11.25,24.78,Returning,Card
INV100781,12/10/2026 15:26,S002,A0029,Accessories,7,64.7,7.78,41.62,New,Digital
INV100624,12/10/2026 17:41,S017,SH0036,Shoes,3,53.62,28.93,44.86,New,Card
INV104546,12/10/2026 18:36,S017,SH0010,Shoes,9,166.93,26.91,133.19,New,Cash
INV103615,12/10/2026 19:03,S015,A0051,Accessories,5,30.37,16.45,17.11,New,Card
INV109383,12/10/2026 20:24,S009,SH0010,Shoes,9,197.45,29.18,134.9,Returning,Digital
INV100638,12/10/2026 22:14,S013,A0024,Accessories,6,12.58,5.18,7.2,New,Card
INV108071,12/10/2026 22:24,S009,C0047,Clothing,9,48.74,10.74,33.85,New,Card
INV104407,12/11/2026 0:06,S010,C0081,Clothing,8,74.17,22.87,42.53,New,Digital
INV107847,12/11/2026 0:09,S006,C0042,Clothing,7,38.5,8.92,23.18,Returning,Digital
INV105931,12/11/2026 4:47,S006,A0040,Accessories,9,33.4,6.49,24.32,Returning,Cash
INV102436,12/11/2026 9:00,S011,C0053,Clothing,5,78.16,28.85,53.24,New,Digital
INV102873,12/11/2026 13:46,S015,SH0018,Shoes,10,138.65,26.64,104.53,New,Digital
INV102016,12/11/2026 15:35,S008,A0043,Accessories,3,15.19,8.9,9.91,New,Digital
INV102994,12/11/2026 15:56,S020,C0089,Clothing,6,74.34,21.89,38.71,Returning,Card
INV102857,12/11/2026 18:26,S020,C0017,Clothing,8,43.46,25.27,22.71,Returning,Card
INV102884,12/11/2026 20:08,S012,A0020,Accessories,5,33.07,6.77,16.94,New,Card
INV106418,12/11/2026 20:31,S008,C0042,Clothing,7,70.65,7.74,42.37,New,Digital
INV104547,12/11/2026 23:11,S007,A0019,Accessories,3,76.85,12.85,50.49,Returning,Cash
INV101466,12/11/2026 23:56,S009,A0001,Accessories,5,14.09,9.02,8.03,Returning,Cash
INV103235,12/12/2026 1:02,S016,A0022,Accessories,5,48.64,8.25,20.03,New,Card
INV103152,12/12/2026 1:19,S012,SH0037,Shoes,4,148.07,14.95,99.03,New,Digital
INV104182,12/12/2026 1:34,S003,A0010,Accessories,9,79.83,9.63,36.24,New,Card
INV101070,12/12/2026 2:11,S005,SH0040,Shoes,8,119.71,7.42,85.06,Returning,Digital
INV108775,12/12/2026 3:45,S001,A0023,Accessories,8,76.88,16.83,41.18,New,Cash
INV106911,12/12/2026 3:54,S011,SH0008,Shoes,3,182.17,13.33,110.4,New,Card
INV105018,12/12/2026 6:28,S015,C0016,Clothing,8,105.73,9.98,75.84,New,Card
INV104233,12/12/2026 10:34,S015,C0070,Clothing,3,68.63,28.89,38.69,New,Digital
INV100365,12/12/2026 11:52,S009,C0078,Clothing,9,116.31,19.37,74.02,New,Card
INV102483,12/12/2026 13:07,S008,C0047,Clothing,5,60.96,22.63,45.17,New,Card
INV106804,12/12/2026 13:15,S011,C0003,Clothing,10,86.4,9.77,61.02,Returning,Cash
INV107779,12/12/2026 13:44,S003,A0060,Accessories,7,39.64,17.24,23.82,New,Digital
INV100854,12/12/2026 14:22,S014,A0027,Accessories,3,77.3,28.94,43.4,New,Cash
INV106895,12/12/2026 18:57,S019,A0031,Accessories,4,64.39,10.8,33.62,New,Digital
INV107323,12/12/2026 23:35,S001,A0040,Accessories,7,43.8,24.39,27.16,New,Card
INV103870,12/13/2026 2:31,S004,C0001,Clothing,8,23.72,12.61,13.83,New,Digital
INV101513,12/13/2026 5:29,S005,C0022,Clothing,4,58.53,7.21,36.88,Returning,Cash
INV104272,12/13/2026 7:50,S005,A0005,Accessories,9,72.23,12.58,33.23,Returning,Digital
INV105881,12/13/2026 8:42,S013,SH0022,Shoes,8,143.56,14.39,91.21,New,Digital
INV106169,12/13/2026 11:08,S012,C0059,Clothing,9,69.84,6.21,52.42,Returning,Cash
INV106178,12/13/2026 11:16,S020,C0030,Clothing,9,86.86,17.49,58.07,New,Card
INV109672,12/13/2026 14:09,S007,C0062,Clothing,7,46.23,26.97,33.51,New,Card
INV101449,12/13/2026 14:27,S004,C0006,Clothing,10,111,22.87,72.41,New,Digital
INV102270,12/13/2026 17:03,S006,A0007,Accessories,6,45.07,6.12,30.87,Returning,Card
INV105406,12/13/2026 19:04,S011,C0085,Clothing,4,75.81,29.52,46.55,New,Digital
INV101059,12/13/2026 20:36,S009,A0048,Accessories,8,28.3,25.09,19.21,Returning,Card
INV100399,12/13/2026 23:11,S003,C0080,Clothing,6,105.68,13.02,77.44,Returning,Cash
INV100579,12/14/2026 4:16,S014,A0003,Accessories,7,78.5,23.7,45.12,Returning,Card
INV102402,12/14/2026 4:22,S018,SH0030,Shoes,5,178.06,14.12,103.49,Returning,Digital
INV105137,12/14/2026 10:12,S018,A0050,Accessories,4,17.9,18.84,9.39,Returning,Digital
INV103043,12/14/2026 12:54,S008,A0015,Accessories,6,41,21.17,29.95,Returning,Card
INV105010,12/14/2026 13:31,S018,SH0035,Shoes,5,92.78,5.58,71.39,Returning,Cash
INV100675,12/14/2026 14:24,S006,SH0012,Shoes,3,151.76,10.99,87.82,Returning,Digital
INV100574,12/14/2026 14:52,S016,A0008,Accessories,7,25.71,12.2,12.11,Returning,Cash
INV101493,12/14/2026 16:16,S008,C0020,Clothing,9,108.64,14.81,58.12,New,Digital
INV103604,12/14/2026 18:25,S011,SH0004,Shoes,4,127.48,17.85,100,New,Card
INV101316,12/14/2026 19:25,S003,A0005,Accessories,9,79.89,17.6,35.22,New,Digital
INV101828,12/14/2026 20:20,S001,SH0025,Shoes,5,87.54,12.42,67.64,Returning,Digital
INV101980,12/14/2026 21:11,S011,C0053,Clothing,8,74.79,9.18,55.66,New,Digital
INV109381,12/14/2026 21:18,S017,C0078,Clothing,8,32.04,24.47,20.18,Returning,Digital
INV106429,12/14/2026 21:37,S019,A0037,Accessories,9,76.21,20.39,42.38,New,Cash
INV104156,12/14/2026 22:04,S019,SH0018,Shoes,5,165.85,23.88,138.08,Returning,Cash
INV105489,12/14/2026 22:53,S003,A0002,Accessories,7,57.81,20.57,26.71,Returning,Digital
INV101581,12/14/2026 23:39,S002,SH0005,Shoes,10,112.71,12.28,63.66,New,Digital
INV102632,12/15/2026 2:46,S007,C0008,Clothing,4,82.58,22.1,49.05,Returning,Digital
INV107806,12/15/2026 7:30,S014,A0012,Accessories,6,79.29,25.29,39.87,Returning,Digital
INV100673,12/15/2026 8:12,S019,C0058,Clothing,6,26.4,18.15,16.36,Returning,Card
INV105711,12/15/2026 11:21,S012,SH0026,Shoes,3,119.77,12.16,91.68,Returning,Cash
INV105733,12/15/2026 11:52,S015,SH0022,Shoes,8,65.24,19.02,51.01,New,Card
INV100687,12/15/2026 12:32,S020,SH0015,Shoes,3,120.55,10.82,91.79,New,Card
INV105173,12/15/2026 19:59,S005,C0089,Clothing,3,85.05,16.05,57.84,New,Cash
INV107170,12/15/2026 21:13,S015,C0084,Clothing,10,80.09,10.88,43,New,Card
INV106021,12/15/2026 21:25,S009,C0015,Clothing,9,72.83,20.33,48.56,New,Digital
INV107049,12/15/2026 23:28,S012,SH0008,Shoes,4,47.73,11.12,36.89,Returning,Card
INV101367,12/15/2026 23:47,S019,A0015,Accessories,6,21.31,28.55,11.46,Returning,Card
INV102503,12/16/2026 2:55,S002,A0010,Accessories,9,48.1,18.74,23.41,Returning,Digital
INV105745,12/16/2026 5:25,S005,A0010,Accessories,10,41.48,13.78,22.66,New,Card
INV102960,12/16/2026 7:23,S007,SH0032,Shoes,5,67.94,20.48,46.71,New,Digital
INV100192,12/16/2026 8:02,S011,C0088,Clothing,3,112.56,9.48,86.65,New,Cash
INV107247,12/16/2026 8:37,S002,C0057,Clothing,5,54.55,17.3,40.3,Returning,Card
INV103801,12/16/2026 9:12,S002,C0064,Clothing,3,20.1,16.45,10.68,New,Cash
INV100925,12/16/2026 12:18,S018,C0029,Clothing,10,116.69,12.11,77.98,New,Card
INV108095,12/16/2026 12:20,S012,A0024,Accessories,6,48.9,11.59,23.97,Returning,Digital
INV109116,12/16/2026 13:04,S013,SH0026,Shoes,3,169.74,29.44,122.41,New,Cash
INV104186,12/16/2026 15:12,S014,A0007,Accessories,4,46.97,20.35,23.29,Returning,Cash
INV109382,12/16/2026 15:19,S015,SH0021,Shoes,4,87.51,16.41,71.07,Returning,Digital
INV106301,12/16/2026 16:06,S010,C0038,Clothing,5,30.51,15.64,19.87,New,Cash
INV105659,12/16/2026 19:35,S020,C0011,Clothing,10,108.17,22.77,59.65,New,Cash
INV105418,12/16/2026 23:50,S006,SH0025,Shoes,10,75.76,10,42.37,New,Digital
INV109493,12/17/2026 0:33,S017,A0035,Accessories,9,29.28,5.58,20.2,Returning,Card
INV108369,12/17/2026 4:27,S004,C0006,Clothing,7,38.89,22.09,26.44,New,Cash
INV103951,12/17/2026 5:20,S005,C0063,Clothing,5,100.08,22.23,66.39,New,Card
INV109757,12/17/2026 8:06,S008,C0030,Clothing,9,49.62,21.5,32.86,New,Digital
INV106153,12/17/2026 10:02,S006,SH0002,Shoes,10,142.55,14.35,118,New,Cash
INV100834,12/17/2026 10:48,S008,SH0030,Shoes,4,144.85,27.85,116.51,Returning,Card
INV108466,12/17/2026 10:59,S008,A0023,Accessories,7,44.51,16.51,22.59,New,Digital
INV108053,12/17/2026 11:03,S015,C0022,Clothing,3,101.14,27.25,69.39,Returning,Card
INV106164,12/17/2026 11:11,S019,C0044,Clothing,8,62.76,22.35,39.17,New,Cash
INV109399,12/17/2026 11:45,S020,A0029,Accessories,3,20.67,6.78,8.54,New,Cash
INV105939,12/17/2026 12:51,S001,A0005,Accessories,10,74.95,26.82,47.29,Returning,Card
INV107550,12/17/2026 13:00,S001,A0042,Accessories,3,46.48,10.67,30.06,Returning,Digital
INV109967,12/17/2026 13:08,S010,C0039,Clothing,10,53.17,14.23,38.07,New,Digital
INV105649,12/17/2026 13:39,S001,SH0005,Shoes,3,128.78,27.02,87.57,Returning,Cash
INV100490,12/17/2026 14:43,S005,SH0010,Shoes,4,158.57,5.92,98.3,Returning,Digital
INV107660,12/17/2026 16:33,S010,A0026,Accessories,6,26.71,14.79,18.68,Returning,Digital
INV101191,12/17/2026 19:33,S006,C0005,Clothing,6,117.92,7.25,71.86,New,Digital
INV102207,12/17/2026 20:08,S014,SH0017,Shoes,9,61.44,18.39,47.43,New,Cash
INV106919,12/18/2026 1:46,S007,C0086,Clothing,3,34,13.55,24.43,New,Cash
INV106295,12/18/2026 2:38,S011,A0014,Accessories,7,57.95,20.38,27.08,New,Cash
INV106333,12/18/2026 3:07,S003,C0005,Clothing,3,53.54,27.51,34.69,New,Digital
INV109189,12/18/2026 6:01,S005,C0048,Clothing,10,49.56,5.1,28.06,Returning,Cash
INV102853,12/18/2026 6:04,S020,A0015,Accessories,8,12.12,6.29,8.28,New,Cash
INV104147,12/18/2026 8:12,S002,A0058,Accessories,4,18.54,17.99,12.43,New,Cash
INV106636,12/18/2026 10:29,S012,SH0023,Shoes,5,51.57,23,41.82,New,Card
INV109155,12/18/2026 10:30,S004,C0056,Clothing,9,35.05,6.72,18.02,New,Cash
INV101352,12/18/2026 11:25,S011,C0043,Clothing,9,75.74,15.4,58.61,Returning,Card
INV107198,12/18/2026 13:58,S019,SH0038,Shoes,7,150.09,16.03,126.89,Returning,Cash
INV107522,12/18/2026 13:59,S013,C0072,Clothing,4,93.93,17.62,64.29,New,Card
INV103753,12/18/2026 18:30,S007,A0056,Accessories,5,41.84,22.28,24.7,New,Cash
INV102907,12/18/2026 19:41,S007,A0033,Accessories,10,22.67,16.83,11.35,New,Cash
INV107656,12/18/2026 20:42,S007,C0074,Clothing,6,68.88,18.12,39.75,New,Digital
INV104345,12/19/2026 0:15,S008,A0050,Accessories,7,30.77,25.09,16.58,New,Cash
INV101276,12/19/2026 2:05,S020,C0062,Clothing,8,115.31,6.43,61.05,New,Digital
INV104640,12/19/2026 2:25,S020,A0045,Accessories,3,44.04,8.69,24,Returning,Cash
INV103116,12/19/2026 2:39,S018,A0002,Accessories,8,54.67,21.93,27.46,Returning,Card
INV108384,12/19/2026 4:25,S019,A0057,Accessories,5,52.14,17.27,39.1,Returning,Cash
INV108473,12/19/2026 5:19,S018,C0084,Clothing,8,67.6,21.83,44.74,Returning,Digital
INV104532,12/19/2026 6:35,S007,C0067,Clothing,4,113.48,17.75,75.96,Returning,Cash
INV108028,12/19/2026 7:07,S002,A0052,Accessories,3,27.97,6.88,15.88,New,Card
INV100592,12/19/2026 8:22,S006,SH0006,Shoes,10,162.98,9.49,90.43,Returning,Cash
INV104581,12/19/2026 9:50,S004,C0042,Clothing,10,63.68,14.5,45.81,New,Card
INV103894,12/19/2026 10:57,S019,C0016,Clothing,10,57.01,8.21,37.83,New,Cash
INV109339,12/19/2026 12:05,S016,A0035,Accessories,6,23.61,27.95,10.84,New,Cash
INV102471,12/19/2026 17:27,S019,C0034,Clothing,5,57.39,29.35,32.89,New,Cash
INV102902,12/19/2026 19:50,S020,C0018,Clothing,6,46.5,7.15,23.3,New,Card
INV107197,12/19/2026 21:52,S009,SH0006,Shoes,3,80.76,24.48,67.83,New,Card
INV104334,12/19/2026 21:53,S005,C0039,Clothing,8,24.24,23.39,14.59,Returning,Card
INV105054,12/20/2026 3:30,S018,C0010,Clothing,7,85.43,25.86,51.38,New,Cash
INV106425,12/20/2026 3:54,S011,A0052,Accessories,5,17.35,14.95,9.86,Returning,Digital
INV107946,12/20/2026 5:43,S006,C0019,Clothing,9,102.57,21.8,76.85,Returning,Digital
INV100538,12/20/2026 7:32,S010,C0013,Clothing,6,101.96,22.9,74.33,New,Digital
INV105140,12/20/2026 7:50,S008,C0070,Clothing,9,65.47,5.97,33.07,New,Digital
INV108651,12/20/2026 9:49,S014,A0022,Accessories,6,46.68,8.65,26.03,New,Cash
INV108842,12/20/2026 9:57,S018,C0062,Clothing,4,76.76,20.99,49.85,Returning,Cash
INV102794,12/20/2026 12:12,S003,A0030,Accessories,9,36.45,8.13,19.89,New,Digital
INV100623,12/20/2026 13:24,S003,A0022,Accessories,10,47.87,23.4,35.2,New,Digital
INV106173,12/20/2026 13:30,S013,SH0012,Shoes,10,171.11,17.53,109.89,New,Card
INV109360,12/20/2026 15:04,S016,A0052,Accessories,6,66.99,13.72,31.94,New,Digital
INV107986,12/20/2026 16:12,S013,SH0023,Shoes,5,55.5,9.52,46.5,New,Digital
INV101307,12/20/2026 19:47,S012,SH0030,Shoes,5,54.34,18.38,38.4,Returning,Digital
INV108367,12/20/2026 20:15,S007,A0043,Accessories,8,32.07,15.71,21.85,Returning,Card
INV107424,12/20/2026 21:45,S020,SH0014,Shoes,5,73.64,20.32,42.84,New,Cash
INV103675,12/20/2026 22:22,S005,SH0015,Shoes,7,76.82,7.29,60.18,New,Card
INV107776,12/21/2026 0:49,S019,C0054,Clothing,9,53.94,13.3,29.41,New,Card
INV109142,12/21/2026 2:10,S017,C0062,Clothing,3,80.53,26.2,58.94,New,Digital
INV100239,12/21/2026 2:31,S009,SH0024,Shoes,5,48.87,14.19,39.48,New,Digital
INV108449,12/21/2026 2:49,S003,SH0013,Shoes,4,62.55,19.4,51.71,New,Digital
INV103128,12/21/2026 3:31,S015,SH0027,Shoes,5,113.9,26.2,67.27,New,Cash
INV105833,12/21/2026 6:15,S016,C0028,Clothing,5,59.99,8.49,31.31,Returning,Digital
INV104159,12/21/2026 6:43,S003,A0036,Accessories,8,67.62,11.13,42.21,New,Cash
INV101966,12/21/2026 9:00,S004,A0053,Accessories,4,50.09,29.84,28.9,New,Digital
INV103546,12/21/2026 9:12,S006,SH0028,Shoes,10,95.32,24.61,67.81,New,Cash
INV100337,12/21/2026 11:00,S003,SH0010,Shoes,9,59.72,18.43,32.94,Returning,Cash
INV108834,12/21/2026 11:35,S007,A0051,Accessories,4,25.59,17.92,13.05,New,Card
INV107917,12/21/2026 16:02,S017,A0013,Accessories,5,45.83,15.19,30.62,Returning,Cash
INV100871,12/21/2026 16:31,S018,C0074,Clothing,8,102.76,20.46,66.82,New,Cash
INV108830,12/21/2026 17:31,S011,C0082,Clothing,3,113.65,17.71,57.51,New,Card
INV101425,12/21/2026 18:19,S013,C0039,Clothing,5,73.04,6.17,49.24,Returning,Digital
INV102593,12/21/2026 18:53,S008,A0018,Accessories,5,37.53,11.63,23,Returning,Cash
INV103857,12/21/2026 20:39,S020,SH0006,Shoes,4,161.37,19.91,111.7,New,Digital
INV105327,12/22/2026 1:59,S014,C0081,Clothing,7,34.18,20.64,17.99,Returning,Cash
INV104322,12/22/2026 4:50,S003,C0077,Clothing,7,72.22,24.21,38.85,New,Digital
INV104704,12/22/2026 6:14,S007,A0017,Accessories,9,16.83,19.54,8.98,New,Card
INV104632,12/22/2026 6:19,S015,A0056,Accessories,6,38.99,28.22,25.87,Returning,Card
INV105550,12/22/2026 7:16,S004,C0009,Clothing,9,100.74,11.73,54.51,Returning,Card
INV101771,12/22/2026 9:27,S017,C0067,Clothing,8,53.35,23.38,34.73,New,Digital
INV107448,12/22/2026 12:12,S015,C0086,Clothing,4,96.07,24.48,75.47,Returning,Card
INV103389,12/22/2026 13:49,S005,C0053,Clothing,10,70.98,6.08,54.18,Returning,Cash
INV107341,12/22/2026 16:52,S016,SH0016,Shoes,5,175.79,7.64,131.05,New,Digital
INV107461,12/22/2026 17:04,S019,SH0038,Shoes,3,119.4,20.34,73.77,New,Card
INV100181,12/22/2026 17:13,S004,C0043,Clothing,6,50.32,28.43,38.88,Returning,Cash
INV101222,12/22/2026 17:46,S013,A0060,Accessories,3,59.64,14.11,42.55,New,Card
INV109627,12/22/2026 20:59,S002,SH0001,Shoes,3,42.09,13.33,28.18,New,Digital
INV109037,12/22/2026 21:45,S016,SH0002,Shoes,5,194.61,26.81,119.36,New,Cash
INV101285,12/22/2026 21:46,S005,A0020,Accessories,9,21.1,23.91,10.23,Returning,Digital
INV106752,12/22/2026 23:17,S020,A0030,Accessories,9,16.06,22.24,9.7,New,Card
INV102938,12/23/2026 0:00,S013,C0089,Clothing,4,30.52,28.78,20.59,Returning,Cash
INV101804,12/23/2026 0:07,S013,A0050,Accessories,10,49.59,5.67,36.82,New,Cash
INV107572,12/23/2026 0:56,S014,C0005,Clothing,9,38.04,16.92,28.2,New,Card
INV109316,12/23/2026 4:57,S005,A0025,Accessories,4,36.25,28.48,27.07,New,Cash
INV109409,12/23/2026 5:24,S010,SH0010,Shoes,6,86.59,12.84,63.24,New,Cash
INV102391,12/23/2026 7:53,S014,C0025,Clothing,9,61.35,20.19,44.75,New,Card
INV102126,12/23/2026 9:42,S014,C0039,Clothing,9,49.71,9.4,30.69,New,Digital
INV109406,12/23/2026 12:41,S014,A0027,Accessories,4,42.58,9.33,25.48,Returning,Card
INV108354,12/23/2026 16:35,S005,SH0014,Shoes,3,174.32,27.97,140.4,New,Cash
INV102659,12/23/2026 17:55,S016,SH0036,Shoes,8,107.22,21.84,60.99,New,Card
INV107388,12/23/2026 18:21,S001,SH0005,Shoes,3,151.67,7.87,97.9,New,Digital
INV103421,12/23/2026 21:09,S018,C0034,Clothing,6,20.58,24.37,15.09,Returning,Card
INV109471,12/23/2026 22:28,S004,C0050,Clothing,4,112.9,11.51,71.91,New,Card
INV104216,12/23/2026 23:51,S009,A0035,Accessories,10,17.46,16.35,10.87,New,Card
INV101283,12/24/2026 0:16,S008,SH0017,Shoes,10,193.94,17.46,144.12,New,Card
INV106767,12/24/2026 1:00,S018,C0041,Clothing,5,106.7,7.04,61.55,Returning,Cash
INV103517,12/24/2026 2:51,S011,SH0010,Shoes,9,144.75,25.03,113.34,Returning,Digital
INV101903,12/24/2026 5:12,S017,SH0034,Shoes,8,160.74,24.67,94.63,Returning,Digital
INV107701,12/24/2026 5:24,S002,C0089,Clothing,9,25.25,8.35,15.03,Returning,Card
INV108742,12/24/2026 8:00,S001,C0079,Clothing,7,55.77,29.2,37.95,Returning,Card
INV106830,12/24/2026 10:19,S015,A0027,Accessories,5,44.51,25.65,26.91,New,Cash
INV103506,12/24/2026 11:47,S017,A0013,Accessories,5,58.59,7.29,28.69,New,Cash
INV108459,12/24/2026 11:47,S001,C0009,Clothing,7,81.14,16.49,50.57,New,Card
INV107146,12/24/2026 16:04,S008,SH0015,Shoes,3,69.39,22.49,52.75,Returning,Card
INV109042,12/24/2026 19:11,S005,A0004,Accessories,9,42.34,10.13,23.11,Returning,Card
INV104045,12/24/2026 20:57,S015,A0013,Accessories,7,66.75,19.1,31.27,New,Digital
INV105536,12/24/2026 20:59,S016,A0022,Accessories,9,67.52,13.67,49.09,New,Cash
INV100713,12/24/2026 23:24,S004,SH0036,Shoes,6,194.6,10.59,132.54,Returning,Cash
INV102275,12/25/2026 0:35,S020,SH0030,Shoes,3,98.69,8.54,62.46,New,Cash
INV102441,12/25/2026 0:53,S005,A0002,Accessories,5,40.63,9.22,22.01,New,Digital
INV105038,12/25/2026 2:55,S001,A0043,Accessories,5,36.63,25.65,18.66,Returning,Cash
INV105570,12/25/2026 3:07,S003,C0029,Clothing,6,107.66,8.62,79.83,New,Cash
INV105155,12/25/2026 3:21,S004,SH0026,Shoes,9,97.13,21.93,68.27,Returning,Cash
INV105875,12/25/2026 4:45,S005,C0037,Clothing,6,77.99,13.81,42.56,Returning,Cash
INV108918,12/25/2026 9:02,S012,C0073,Clothing,9,104.71,24.33,72.98,Returning,Cash
INV103368,12/25/2026 10:03,S005,C0002,Clothing,10,101.63,16.87,73.1,New,Card
INV106424,12/25/2026 10:13,S013,C0008,Clothing,9,61.43,26.79,31.24,Returning,Cash
INV104845,12/25/2026 11:00,S003,SH0020,Shoes,3,161.04,21.97,122.3,Returning,Digital
INV105965,12/25/2026 11:43,S020,A0054,Accessories,7,52.02,9.02,29.01,New,Digital
INV107485,12/25/2026 12:35,S009,A0005,Accessories,3,43.08,9.6,24.75,New,Digital
INV100333,12/25/2026 13:41,S003,C0096,Clothing,8,88.6,5.95,44.93,New,Cash
INV100456,12/25/2026 14:30,S011,C0019,Clothing,8,106.11,14.8,72.69,Returning,Card
INV106807,12/25/2026 15:18,S009,C0047,Clothing,5,43.28,9.72,32.16,Returning,Digital
INV106297,12/25/2026 15:44,S002,C0085,Clothing,8,99.11,12.26,73.74,New,Cash
INV102296,12/25/2026 16:50,S001,A0011,Accessories,5,35.35,18.24,26.06,Returning,Cash
INV100944,12/25/2026 17:51,S006,C0048,Clothing,5,22.88,22.64,17.58,New,Cash
INV109575,12/25/2026 19:06,S016,A0009,Accessories,4,30.25,27.63,15.15,New,Digital
INV107130,12/25/2026 19:21,S003,A0032,Accessories,7,37.93,12.04,27.76,New,Card
INV101878,12/26/2026 9:08,S010,A0006,Accessories,10,60.95,24.78,25.18,New,Cash
INV107784,12/26/2026 9:10,S007,A0053,Accessories,3,71.9,16.01,34.54,Returning,Card
INV102546,12/26/2026 9:44,S007,A0038,Accessories,4,22.89,25.4,11.66,New,Cash
INV101257,12/26/2026 9:47,S009,C0009,Clothing,6,76.72,27.47,58.72,New,Digital
INV109777,12/26/2026 9:47,S005,SH0021,Shoes,10,173.23,11.11,106.62,Returning,Cash
INV106395,12/26/2026 10:55,S015,A0051,Accessories,9,62.91,17.85,32.58,New,Digital
INV107657,12/26/2026 16:04,S005,C0084,Clothing,6,38.75,18.64,24.22,Returning,Card
INV100019,12/26/2026 17:42,S018,A0010,Accessories,3,23.29,19.48,11.09,New,Digital
INV104343,12/26/2026 17:54,S010,C0071,Clothing,4,118.49,28.39,85.8,New,Card
INV107722,12/27/2026 0:18,S014,A0050,Accessories,3,54.45,29.9,25.95,Returning,Cash
INV109617,12/27/2026 1:19,S017,A0058,Accessories,5,36.22,26.34,22.19,New,Digital
INV108150,12/27/2026 1:24,S013,SH0003,Shoes,3,102.88,27.09,80.17,Returning,Cash
INV109210,12/27/2026 2:16,S013,C0028,Clothing,4,64.95,22.49,35.86,Returning,Cash
INV107078,12/27/2026 3:44,S019,SH0023,Shoes,5,81.56,29.41,63.49,Returning,Card
INV107518,12/27/2026 3:49,S019,A0031,Accessories,8,66.81,9.76,32.34,New,Cash
INV106538,12/27/2026 4:13,S007,C0063,Clothing,10,31.18,29.44,18.2,New,Cash
INV106596,12/27/2026 4:21,S009,A0055,Accessories,6,72.31,9.44,42.99,Returning,Card
INV102031,12/27/2026 4:49,S009,C0057,Clothing,3,84.51,28.16,64.59,Returning,Cash
INV107194,12/27/2026 6:20,S001,A0046,Accessories,7,18.2,5.48,8.73,Returning,Digital
INV100480,12/27/2026 6:38,S019,C0091,Clothing,5,115.78,14.4,60.89,New,Cash
INV102882,12/27/2026 7:36,S013,C0052,Clothing,8,88.56,16,63.9,Returning,Digital
INV105880,12/27/2026 15:07,S003,SH0027,Shoes,9,155.38,22.38,101.54,Returning,Card
INV100269,12/27/2026 15:09,S001,A0001,Accessories,10,39.93,9.99,20.09,New,Cash
INV104836,12/27/2026 16:04,S009,A0011,Accessories,8,69.58,20.67,41.25,Returning,Digital
INV105898,12/27/2026 17:28,S016,C0053,Clothing,10,81.67,17.41,49.65,Returning,Digital
INV106045,12/27/2026 20:05,S003,A0010,Accessories,3,24.58,22.98,14.58,Returning,Card
INV105121,12/28/2026 1:41,S001,A0011,Accessories,7,37.79,12.26,19.41,Returning,Digital
INV104525,12/28/2026 2:04,S004,C0094,Clothing,10,70.93,18.6,49.91,New,Cash
INV101638,12/28/2026 3:22,S016,SH0031,Shoes,9,70.08,17.41,44.41,Returning,Digital
INV102435,12/28/2026 6:20,S006,C0083,Clothing,6,82.64,14.7,53.52,New,Cash
INV104608,12/28/2026 6:58,S006,SH0032,Shoes,3,122.85,20,96,New,Cash
INV106043,12/28/2026 7:51,S012,SH0009,Shoes,4,99.69,24.67,56.56,Returning,Cash
INV105788,12/28/2026 7:56,S006,A0025,Accessories,5,36.55,27.63,21.25,New,Card
INV100025,12/28/2026 8:32,S002,A0058,Accessories,9,73.57,25.73,30.74,New,Card
INV109766,12/28/2026 9:22,S017,C0003,Clothing,8,96.01,23.89,63.72,Returning,Digital
INV104549,12/28/2026 11:03,S008,SH0040,Shoes,10,87.01,19.25,68.38,Returning,Card
INV101164,12/28/2026 15:14,S005,A0052,Accessories,4,59.05,9.11,42.46,New,Card
INV109184,12/28/2026 15:51,S006,SH0005,Shoes,6,49.19,8.25,29.08,Returning,Card
INV100845,12/28/2026 19:30,S008,A0044,Accessories,5,46.35,29.47,28.92,New,Card
INV106607,12/28/2026 19:31,S012,C0034,Clothing,3,73.42,29.45,40.8,New,Card
INV108993,12/28/2026 19:38,S020,A0023,Accessories,10,52.03,28.22,29.06,New,Cash
INV109103,12/28/2026 21:44,S008,SH0005,Shoes,9,180.38,26.47,151.03,New,Cash
INV107013,12/28/2026 22:27,S016,C0067,Clothing,4,21.1,9.82,11.84,Returning,Digital
INV108832,12/28/2026 22:29,S008,A0010,Accessories,8,64.38,15.9,46.13,Returning,Cash
INV108486,12/28/2026 22:57,S013,A0032,Accessories,7,79.36,9.07,45.46,Returning,Digital
INV108530,12/28/2026 22:59,S019,SH0011,Shoes,6,179.62,24.77,115.83,New,Digital
INV109506,12/28/2026 23:31,S005,SH0002,Shoes,7,119.98,17.6,94.79,New,Cash
